edad,sexo,area,region_natural,nivel_educativo,anios_estudio,experiencia_anios,horas_semana,categoria_ocupacional,sector,tamanio_empresa,aporta_pension,miembros_hogar,ingreso_laboral_mensual
42,Hombre,Urbana,Costa,Secundaria,11,24.0,42.0,Trabajador independiente,Servicios,1 a 10 trabajadores,No,2,1224.0
45,Hombre,Urbana,Lima Metropolitana,Superior universitaria,17,24.0,30.0,Empleador,"Administracion publica, educacion y salud",1 a 10 trabajadores,Si,7,6157.0
50,Mujer,Urbana,Lima Metropolitana,Primaria o menos,2,41.0,36.0,Trabajador independiente,Servicios,1 a 10 trabajadores,No,3,449.0
48,Hombre,Urbana,Costa,Superior no universitaria,12,28.0,40.0,Empleado,Servicios,Mas de 50 trabajadores,No,4,2587.0
31,Hombre,Urbana,Selva,Secundaria,9,14.0,52.0,Empleado,Comercio,11 a 50 trabajadores,No,3,1503.0
48,Hombre,Rural,Sierra,Primaria o menos,2,39.0,34.0,Trabajador independiente,Agropecuario,1 a 10 trabajadores,No,3,158.0
34,Hombre,Rural,Sierra,Primaria o menos,2,24.0,39.0,Trabajador independiente,Construccion,1 a 10 trabajadores,No,4,343.0
61,Mujer,Urbana,Sierra,Superior no universitaria,12,45.0,35.0,Empleado,Servicios,11 a 50 trabajadores,Si,3,2537.0
30,Hombre,Urbana,Lima Metropolitana,Superior no universitaria,13,12.0,68.0,Empleado,Agropecuario,Mas de 50 trabajadores,Si,4,2583.0
39,Hombre,Urbana,Sierra,Superior no universitaria,15,18.0,41.0,Trabajador independiente,Manufactura,1 a 10 trabajadores,No,4,1499.0
23,Hombre,Rural,Sierra,Secundaria,10,8.0,45.0,Trabajador independiente,Agropecuario,1 a 10 trabajadores,No,9,255.0
40,Mujer,Rural,Sierra,Secundaria,7,29.0,40.0,Trabajador independiente,Agropecuario,1 a 10 trabajadores,No,3,198.0
52,Hombre,Urbana,Sierra,Secundaria,11,36.0,42.0,Trabajador independiente,Comercio,1 a 10 trabajadores,No,3,1280.0
62,Hombre,Rural,Sierra,Secundaria,7,45.0,28.0,Trabajador independiente,Agropecuario,1 a 10 trabajadores,No,1,477.0
24,Mujer,Urbana,Sierra,Secundaria,9,11.0,56.0,Obrero,Manufactura,1 a 10 trabajadores,No,4,689.0
42,Mujer,Rural,Sierra,Secundaria,8,28.0,29.0,Trabajador independiente,Agropecuario,1 a 10 trabajadores,No,6,378.0
43,Hombre,Urbana,Lima Metropolitana,Superior no universitaria,13,21.0,41.0,Empleado,Servicios,11 a 50 trabajadores,No,3,2419.0
39,Hombre,Urbana,Selva,Superior universitaria,17,17.0,42.0,Empleado,"Administracion publica, educacion y salud",11 a 50 trabajadores,Si,5,5537.0
47,Hombre,Urbana,Lima Metropolitana,Secundaria,7,36.0,43.0,Trabajador independiente,Comercio,1 a 10 trabajadores,No,2,645.0
33,Hombre,Urbana,Selva,Superior universitaria,16,14.0,46.0,Trabajador independiente,Comercio,1 a 10 trabajadores,Si,3,2469.0
23,Hombre,Urbana,Costa,Secundaria,10,8.0,53.0,Trabajador independiente,"Administracion publica, educacion y salud",1 a 10 trabajadores,No,4,1033.0
32,Mujer,Urbana,Costa,Superior no universitaria,13,13.0,38.0,Trabajador independiente,Servicios,1 a 10 trabajadores,No,6,1081.0
54,Hombre,Urbana,Sierra,Superior no universitaria,14,32.0,46.0,Empleado,Comercio,Mas de 50 trabajadores,Si,6,3620.0
34,Mujer,Urbana,Sierra,Superior universitaria,15,12.0,38.0,Trabajador independiente,Servicios,1 a 10 trabajadores,No,5,1553.0
52,Hombre,Urbana,Sierra,Superior universitaria,17,31.0,28.0,Empleado,Comercio,Mas de 50 trabajadores,Si,5,3959.0
47,Hombre,Urbana,Selva,Primaria o menos,6,35.0,40.0,Trabajador independiente,Construccion,11 a 50 trabajadores,No,4,453.0
18,Mujer,Urbana,Lima Metropolitana,Secundaria,10,1.0,21.0,Trabajador independiente,Comercio,1 a 10 trabajadores,No,5,518.0
28,Hombre,Urbana,Lima Metropolitana,Secundaria,9,15.0,13.0,Empleado,Manufactura,11 a 50 trabajadores,No,7,839.0
43,Mujer,Urbana,Sierra,Secundaria,9,32.0,66.0,Obrero,"Administracion publica, educacion y salud",11 a 50 trabajadores,Si,6,1592.0
44,Hombre,Urbana,Lima Metropolitana,Primaria o menos,6,29.0,50.0,Trabajador independiente,Servicios,1 a 10 trabajadores,No,5,633.0
55,Mujer,Urbana,Lima Metropolitana,Superior universitaria,15,37.0,46.0,Trabajador independiente,Servicios,1 a 10 trabajadores,No,3,3109.0
43,Hombre,Rural,Selva,Primaria o menos,4,33.0,54.0,Trabajador independiente,Comercio,1 a 10 trabajadores,No,2,382.0
58,Hombre,Rural,Selva,Secundaria,9,38.0,34.0,Trabajador independiente,Agropecuario,1 a 10 trabajadores,No,4,184.0
33,Hombre,Urbana,Sierra,Secundaria,10,14.0,51.0,Empleado,"Administracion publica, educacion y salud",Mas de 50 trabajadores,Si,4,2402.0
40,Mujer,Urbana,Sierra,Superior no universitaria,13,24.0,33.0,Trabajador independiente,Comercio,1 a 10 trabajadores,No,1,1769.0
47,Mujer,Rural,Sierra,Secundaria,9,32.0,48.0,Trabajador independiente,Construccion,1 a 10 trabajadores,No,2,487.0
42,Mujer,Urbana,Lima Metropolitana,Secundaria,7,29.0,46.0,Empleado,"Administracion publica, educacion y salud",11 a 50 trabajadores,Si,3,1770.0
46,Mujer,Urbana,Sierra,Secundaria,11,32.0,36.0,Trabajador independiente,Servicios,1 a 10 trabajadores,Si,2,1270.0
27,Hombre,Rural,Selva,Secundaria,7,12.0,42.0,Trabajador independiente,Comercio,1 a 10 trabajadores,No,6,281.0
41,Hombre,Urbana,Costa,Primaria o menos,2,34.0,32.0,Empleado,"Administracion publica, educacion y salud",Mas de 50 trabajadores,Si,4,1142.0
40,Mujer,Urbana,Sierra,Secundaria,9,25.0,62.0,Empleado,Agropecuario,11 a 50 trabajadores,Si,3,895.0
44,Mujer,Urbana,Lima Metropolitana,Secundaria,8,32.0,50.0,Trabajador independiente,"Administracion publica, educacion y salud",1 a 10 trabajadores,No,3,901.0
30,Hombre,Urbana,Lima Metropolitana,Secundaria,7,18.0,60.0,Empleador,Servicios,1 a 10 trabajadores,No,3,1602.0
55,Hombre,Urbana,Sierra,Secundaria,11,38.0,70.0,Empleado,"Administracion publica, educacion y salud",11 a 50 trabajadores,No,3,1875.0
45,Mujer,Urbana,Costa,Primaria o menos,3,39.0,36.0,Empleado,Manufactura,Mas de 50 trabajadores,No,5,705.0
29,Hombre,Urbana,Lima Metropolitana,Secundaria,9,16.0,58.0,Trabajador independiente,Servicios,1 a 10 trabajadores,No,6,1635.0
49,Mujer,Urbana,Sierra,Superior no universitaria,14,23.0,19.0,Empleado,Servicios,1 a 10 trabajadores,Si,3,1384.0
40,Hombre,Urbana,Selva,Superior universitaria,15,19.0,37.0,Obrero,Comercio,11 a 50 trabajadores,Si,6,2462.0
48,Mujer,Urbana,Sierra,Secundaria,7,37.0,,Trabajador independiente,Manufactura,1 a 10 trabajadores,No,4,274.0
50,Mujer,Urbana,Lima Metropolitana,Superior no universitaria,13,34.0,52.0,Empleado,"Administracion publica, educacion y salud",1 a 10 trabajadores,No,4,1939.0
29,Hombre,Urbana,Costa,Posgrado,19,4.0,46.0,Trabajador independiente,Manufactura,11 a 50 trabajadores,No,4,2816.0
36,Mujer,Urbana,Sierra,Superior no universitaria,15,17.0,28.0,Empleado,Servicios,11 a 50 trabajadores,No,4,2064.0
30,Mujer,Urbana,Lima Metropolitana,Secundaria,10,14.0,44.0,Trabajador independiente,Comercio,1 a 10 trabajadores,No,9,769.0
54,Hombre,Urbana,Selva,Superior universitaria,17,31.0,25.0,Empleador,Servicios,1 a 10 trabajadores,No,2,4647.0
42,Hombre,Urbana,Lima Metropolitana,Superior universitaria,15,16.0,36.0,Trabajador independiente,Construccion,1 a 10 trabajadores,No,5,2889.0
46,Hombre,Urbana,Sierra,Superior universitaria,15,25.0,60.0,Empleado,Comercio,Mas de 50 trabajadores,Si,4,4651.0
46,Hombre,Urbana,Lima Metropolitana,Primaria o menos,6,34.0,16.0,Empleado,"Administracion publica, educacion y salud",11 a 50 trabajadores,No,6,1499.0
34,Mujer,Urbana,Selva,Superior no universitaria,13,16.0,31.0,Empleador,Servicios,1 a 10 trabajadores,No,5,1626.0
38,Hombre,Urbana,Costa,Superior no universitaria,14,19.0,51.0,Obrero,Construccion,1 a 10 trabajadores,No,3,1502.0
41,Mujer,Rural,Sierra,Secundaria,10,22.0,44.0,Empleado,Agropecuario,Mas de 50 trabajadores,No,3,543.0
35,Hombre,Urbana,Sierra,Secundaria,9,18.0,50.0,Obrero,Servicios,Mas de 50 trabajadores,Si,4,968.0
33,Hombre,Urbana,Lima Metropolitana,Superior universitaria,14,14.0,26.0,Empleado,Servicios,Mas de 50 trabajadores,Si,6,3069.0
33,Hombre,Urbana,Costa,Primaria o menos,3,26.0,40.0,Trabajador independiente,Comercio,1 a 10 trabajadores,No,4,519.0
26,Hombre,Urbana,Lima Metropolitana,Superior universitaria,14,7.0,26.0,Empleador,Manufactura,1 a 10 trabajadores,No,6,1366.0
30,Hombre,Rural,Selva,Secundaria,7,15.0,36.0,Trabajador independiente,Agropecuario,1 a 10 trabajadores,No,1,294.0
38,Hombre,Rural,Sierra,Primaria o menos,5,28.0,52.0,Obrero,Comercio,11 a 50 trabajadores,No,2,439.0
20,Hombre,Urbana,Costa,Superior universitaria,16,0.0,23.0,Trabajador independiente,"Administracion publica, educacion y salud",1 a 10 trabajadores,Si,6,1852.0
44,Hombre,Urbana,Costa,Superior universitaria,17,24.0,44.0,Trabajador independiente,"Administracion publica, educacion y salud",1 a 10 trabajadores,No,6,3967.0
47,Hombre,Urbana,Lima Metropolitana,Secundaria,10,33.0,39.0,Trabajador independiente,Comercio,Mas de 50 trabajadores,Si,10,1220.0
28,Hombre,Urbana,Costa,Secundaria,10,12.0,65.0,Empleado,Comercio,11 a 50 trabajadores,No,4,1998.0
37,Hombre,Urbana,Costa,Secundaria,9,22.0,55.0,Trabajador independiente,Servicios,1 a 10 trabajadores,No,4,1158.0
45,Hombre,Urbana,Sierra,Secundaria,11,28.0,49.0,Empleado,Comercio,11 a 50 trabajadores,No,2,1512.0
24,Mujer,Rural,Sierra,Secundaria,8,8.0,39.0,Trabajador independiente,Servicios,1 a 10 trabajadores,No,2,197.0
65,Hombre,Rural,Sierra,Primaria o menos,4,45.0,33.0,Obrero,Construccion,1 a 10 trabajadores,No,6,235.0
45,Mujer,Rural,Sierra,Primaria o menos,4,33.0,39.0,Obrero,Agropecuario,1 a 10 trabajadores,No,9,150.0
46,Hombre,Urbana,Sierra,Secundaria,8,32.0,35.0,Empleado,"Administracion publica, educacion y salud",Mas de 50 trabajadores,Si,3,3471.0
58,Mujer,Urbana,Lima Metropolitana,Superior no universitaria,14,40.0,42.0,Obrero,Manufactura,1 a 10 trabajadores,No,6,1826.0
52,Mujer,Rural,Sierra,Secundaria,10,36.0,35.0,Trabajador independiente,Agropecuario,1 a 10 trabajadores,No,4,288.0
47,Hombre,Urbana,Selva,Secundaria,9,30.0,44.0,Empleado,Comercio,Mas de 50 trabajadores,Si,9,1228.0
49,Hombre,Urbana,Selva,Superior universitaria,16,26.0,62.0,Empleado,Servicios,1 a 10 trabajadores,Si,4,3686.0
50,Hombre,Urbana,Sierra,Superior universitaria,14,33.0,54.0,Empleado,Servicios,11 a 50 trabajadores,Si,4,2641.0
33,Mujer,Urbana,Selva,Superior no universitaria,15,12.0,43.0,Empleado,Servicios,1 a 10 trabajadores,Si,3,3086.0
40,Hombre,Urbana,Lima Metropolitana,Superior no universitaria,12,25.0,44.0,Trabajador independiente,Servicios,1 a 10 trabajadores,No,7,2089.0
32,Hombre,Urbana,Selva,Superior universitaria,15,12.0,38.0,Trabajador independiente,"Administracion publica, educacion y salud",1 a 10 trabajadores,,8,1951.0
35,Hombre,Urbana,Costa,Primaria o menos,4,24.0,18.0,Trabajador independiente,"Administracion publica, educacion y salud",1 a 10 trabajadores,No,8,455.0
43,Mujer,Urbana,Lima Metropolitana,Primaria o menos,4,33.0,40.0,Empleado,Agropecuario,1 a 10 trabajadores,No,2,441.0
20,Mujer,Urbana,Costa,Secundaria,9,2.0,42.0,Obrero,Construccion,1 a 10 trabajadores,No,6,1023.0
41,Mujer,Urbana,Sierra,Primaria o menos,5,30.0,44.0,Trabajador independiente,Manufactura,1 a 10 trabajadores,No,3,501.0
45,Hombre,Urbana,Costa,Secundaria,9,31.0,54.0,Empleado,Servicios,Mas de 50 trabajadores,Si,3,3524.0
41,Mujer,Rural,Sierra,Primaria o menos,2,32.0,67.0,Empleador,Agropecuario,1 a 10 trabajadores,No,4,371.0
23,Hombre,Rural,Sierra,Primaria o menos,4,14.0,35.0,Obrero,Manufactura,11 a 50 trabajadores,No,5,321.0
40,Hombre,Urbana,Selva,Primaria o menos,4,31.0,52.0,Obrero,Manufactura,11 a 50 trabajadores,Si,5,660.0
53,Hombre,Rural,Sierra,Primaria o menos,6,41.0,35.0,Trabajador independiente,Agropecuario,1 a 10 trabajadores,No,5,336.0
54,Mujer,Rural,Sierra,Secundaria,11,37.0,57.0,Obrero,Agropecuario,11 a 50 trabajadores,No,6,292.0
40,Mujer,Urbana,Costa,Secundaria,7,29.0,32.0,Empleado,Manufactura,1 a 10 trabajadores,No,6,842.0
23,Hombre,Urbana,Sierra,Secundaria,9,9.0,56.0,Empleado,Comercio,11 a 50 trabajadores,No,4,1010.0
39,Hombre,Urbana,Sierra,Secundaria,8,26.0,22.0,Obrero,Comercio,1 a 10 trabajadores,No,3,581.0
23,Hombre,Rural,Selva,Secundaria,7,10.0,38.0,Trabajador independiente,Agropecuario,1 a 10 trabajadores,No,4,184.0
41,Mujer,Urbana,Sierra,Secundaria,10,28.0,47.0,Obrero,Construccion,1 a 10 trabajadores,No,4,1021.0
31,Hombre,Urbana,Lima Metropolitana,Superior no universitaria,15,11.0,46.0,Empleado,Servicios,1 a 10 trabajadores,No,4,2378.0
41,Hombre,Rural,Costa,Primaria o menos,2,32.0,27.0,Trabajador independiente,Agropecuario,1 a 10 trabajadores,No,4,213.0
27,Hombre,Urbana,Costa,Secundaria,10,11.0,58.0,Trabajador independiente,Agropecuario,1 a 10 trabajadores,No,5,543.0
43,Mujer,Urbana,Selva,Secundaria,11,25.0,36.0,Obrero,Agropecuario,11 a 50 trabajadores,No,5,1519.0
39,Hombre,Urbana,Lima Metropolitana,Superior no universitaria,12,22.0,34.0,Trabajador independiente,Servicios,1 a 10 trabajadores,No,5,1107.0
27,Mujer,Rural,Selva,Secundaria,9,9.0,50.0,Trabajador independiente,Agropecuario,1 a 10 trabajadores,No,4,187.0
53,Mujer,Urbana,Lima Metropolitana,Secundaria,10,38.0,48.0,Empleado,Comercio,1 a 10 trabajadores,No,3,816.0
29,Hombre,Urbana,Lima Metropolitana,Secundaria,10,12.0,62.0,Empleado,Manufactura,11 a 50 trabajadores,No,6,1618.0
50,Mujer,Rural,Sierra,Primaria o menos,4,41.0,35.0,Obrero,Manufactura,1 a 10 trabajadores,No,4,220.0
25,Hombre,Urbana,Lima Metropolitana,Primaria o menos,6,16.0,50.0,Obrero,Manufactura,Mas de 50 trabajadores,Si,6,1079.0
20,Mujer,Urbana,Lima Metropolitana,Secundaria,9,4.0,44.0,Obrero,Construccion,Mas de 50 trabajadores,No,4,1264.0
35,Hombre,Urbana,Lima Metropolitana,Superior universitaria,16,15.0,54.0,Empleado,Construccion,1 a 10 trabajadores,Si,6,3949.0
49,Mujer,Urbana,Costa,Secundaria,11,35.0,31.0,Empleado,Comercio,11 a 50 trabajadores,Si,4,1681.0
31,Hombre,Urbana,Sierra,Secundaria,10,16.0,59.0,Empleado,"Administracion publica, educacion y salud",1 a 10 trabajadores,Si,3,3051.0
45,Mujer,Urbana,Costa,Secundaria,8,29.0,60.0,Empleado,Servicios,1 a 10 trabajadores,No,4,1420.0
29,Hombre,Urbana,Sierra,Secundaria,7,11.0,34.0,Trabajador independiente,Servicios,1 a 10 trabajadores,No,8,624.0
46,Hombre,Urbana,Sierra,Superior no universitaria,12,28.0,43.0,Empleado,"Administracion publica, educacion y salud",Mas de 50 trabajadores,Si,5,4412.0
54,Mujer,Urbana,Lima Metropolitana,Superior no universitaria,15,33.0,27.0,Trabajador independiente,Servicios,1 a 10 trabajadores,No,2,1488.0
46,Mujer,Urbana,Sierra,Primaria o menos,2,37.0,49.0,Empleado,"Administracion publica, educacion y salud",1 a 10 trabajadores,No,4,360.0
25,Mujer,Urbana,Lima Metropolitana,Superior no universitaria,14,4.0,28.0,Empleado,Agropecuario,Mas de 50 trabajadores,No,6,1644.0
36,Hombre,Urbana,Costa,Secundaria,11,12.0,54.0,Empleador,Construccion,11 a 50 trabajadores,No,4,2238.0
38,Mujer,Urbana,Sierra,Secundaria,10,24.0,34.0,Obrero,Manufactura,Mas de 50 trabajadores,Si,4,1752.0
26,Mujer,Rural,Sierra,Superior universitaria,14,9.0,38.0,Empleado,Manufactura,1 a 10 trabajadores,No,4,405.0
18,Hombre,Urbana,Lima Metropolitana,Superior universitaria,14,0.0,61.0,Empleado,Comercio,11 a 50 trabajadores,Si,2,2091.0
37,Hombre,Urbana,Lima Metropolitana,Posgrado,17,13.0,56.0,Empleado,Servicios,11 a 50 trabajadores,No,6,5603.0
36,Hombre,Urbana,Lima Metropolitana,Superior no universitaria,13,18.0,57.0,Trabajador independiente,Construccion,11 a 50 trabajadores,No,7,2037.0
36,Hombre,Urbana,Selva,Superior universitaria,15,13.0,34.0,Empleado,Servicios,1 a 10 trabajadores,No,4,3225.0
53,Hombre,Urbana,Sierra,Secundaria,7,43.0,25.0,Obrero,Comercio,1 a 10 trabajadores,No,2,379.0
51,Mujer,Rural,Sierra,Primaria o menos,6,40.0,57.0,Trabajador independiente,Agropecuario,1 a 10 trabajadores,No,5,299.0
55,Mujer,Urbana,Sierra,Posgrado,19,30.0,42.0,Empleador,Manufactura,1 a 10 trabajadores,Si,5,4803.0
49,Hombre,Urbana,Sierra,Secundaria,9,32.0,41.0,Trabajador independiente,Servicios,1 a 10 trabajadores,No,5,1088.0
24,Mujer,Rural,Sierra,Superior universitaria,17,1.0,48.0,Empleado,Agropecuario,1 a 10 trabajadores,No,8,396.0
18,Hombre,Urbana,Sierra,Secundaria,10,1.0,35.0,Empleado,"Administracion publica, educacion y salud",Mas de 50 trabajadores,Si,4,1771.0
38,Hombre,Urbana,Sierra,Superior no universitaria,14,20.0,46.0,Trabajador independiente,Manufactura,1 a 10 trabajadores,No,8,1061.0
53,Mujer,Rural,Sierra,Primaria o menos,2,45.0,40.0,Trabajador independiente,"Administracion publica, educacion y salud",1 a 10 trabajadores,No,1,364.0
48,Hombre,Urbana,Costa,Secundaria,11,31.0,47.0,Trabajador independiente,Agropecuario,11 a 50 trabajadores,No,4,1068.0
37,Hombre,Urbana,Lima Metropolitana,Posgrado,17,15.0,36.0,Trabajador independiente,Servicios,1 a 10 trabajadores,No,2,3414.0
45,Mujer,Urbana,Sierra,Superior universitaria,16,23.0,55.0,Trabajador independiente,Manufactura,1 a 10 trabajadores,No,4,2206.0
29,Mujer,Rural,Sierra,Secundaria,10,15.0,47.0,Obrero,Agropecuario,Mas de 50 trabajadores,No,2,525.0
45,Mujer,Urbana,Lima Metropolitana,Secundaria,7,32.0,58.0,Trabajador independiente,Servicios,1 a 10 trabajadores,No,2,624.0
54,Hombre,Urbana,Sierra,Superior no universitaria,12,35.0,39.0,Trabajador independiente,Comercio,1 a 10 trabajadores,No,5,1006.0
47,Mujer,Urbana,Lima Metropolitana,Secundaria,10,31.0,39.0,Trabajador independiente,Manufactura,1 a 10 trabajadores,No,3,1122.0
47,Hombre,Urbana,Costa,Secundaria,11,29.0,40.0,Trabajador independiente,Comercio,1 a 10 trabajadores,No,7,921.0
32,Mujer,Urbana,Lima Metropolitana,Primaria o menos,3,25.0,40.0,Empleado,Comercio,Mas de 50 trabajadores,No,6,921.0
43,Hombre,Urbana,Sierra,Superior universitaria,14,24.0,41.0,Empleado,Servicios,1 a 10 trabajadores,No,2,3472.0
36,Hombre,Rural,Costa,Primaria o menos,4,24.0,52.0,Trabajador independiente,Agropecuario,11 a 50 trabajadores,No,5,548.0
38,Mujer,Urbana,Sierra,Superior no universitaria,15,21.0,49.0,Trabajador independiente,Comercio,1 a 10 trabajadores,No,4,2638.0
37,Hombre,Urbana,Selva,Superior no universitaria,14,17.0,31.0,Empleado,Agropecuario,Mas de 50 trabajadores,Si,4,2804.0
41,Mujer,Urbana,Lima Metropolitana,Superior universitaria,17,16.0,39.0,Trabajador independiente,Servicios,1 a 10 trabajadores,No,3,4018.0
39,Hombre,Urbana,Costa,Secundaria,9,24.0,39.0,Trabajador independiente,Construccion,1 a 10 trabajadores,No,4,936.0
30,Hombre,Urbana,Lima Metropolitana,Secundaria,11,13.0,48.0,Trabajador independiente,Manufactura,1 a 10 trabajadores,No,6,1965.0
32,Mujer,Rural,Selva,Primaria o menos,6,23.0,48.0,Obrero,Agropecuario,1 a 10 trabajadores,No,6,393.0
43,Hombre,Urbana,Costa,Superior universitaria,16,20.0,46.0,Empleado,Manufactura,1 a 10 trabajadores,No,7,4362.0
49,Mujer,Urbana,Costa,Superior no universitaria,15,31.0,44.0,Empleador,"Administracion publica, educacion y salud",1 a 10 trabajadores,Si,1,3623.0
49,Hombre,Urbana,Selva,Primaria o menos,6,40.0,32.0,Trabajador independiente,Manufactura,1 a 10 trabajadores,No,9,836.0
59,Hombre,Urbana,Lima Metropolitana,Primaria o menos,4,45.0,57.0,Obrero,Servicios,11 a 50 trabajadores,No,5,644.0
22,Mujer,Urbana,Lima Metropolitana,Secundaria,11,7.0,77.0,Trabajador independiente,Servicios,1 a 10 trabajadores,No,8,594.0
48,Mujer,Rural,Costa,Primaria o menos,6,40.0,51.0,Obrero,Agropecuario,1 a 10 trabajadores,No,5,478.0
38,Hombre,Urbana,Lima Metropolitana,Superior no universitaria,14,16.0,40.0,Empleado,Manufactura,Mas de 50 trabajadores,Si,3,4189.0
33,Hombre,Urbana,Lima Metropolitana,Primaria o menos,5,24.0,46.0,Trabajador independiente,Servicios,1 a 10 trabajadores,No,4,1097.0
56,Mujer,Rural,Sierra,Superior universitaria,14,37.0,16.0,Empleado,Agropecuario,1 a 10 trabajadores,Si,4,361.0
32,Mujer,Urbana,Lima Metropolitana,Secundaria,7,15.0,37.0,Empleado,Manufactura,1 a 10 trabajadores,No,4,565.0
37,Hombre,Urbana,Lima Metropolitana,Superior no universitaria,13,16.0,58.0,Trabajador independiente,Servicios,1 a 10 trabajadores,No,4,1448.0
47,Hombre,Urbana,Selva,Posgrado,17,22.0,51.0,Empleador,Manufactura,1 a 10 trabajadores,No,6,5892.0
40,Hombre,Rural,Sierra,Posgrado,19,13.0,44.0,Trabajador independiente,Agropecuario,1 a 10 trabajadores,No,5,664.0
30,Mujer,Urbana,Lima Metropolitana,Primaria o menos,4,17.0,44.0,Empleado,Servicios,1 a 10 trabajadores,No,4,704.0
32,Hombre,Urbana,Lima Metropolitana,Secundaria,10,16.0,56.0,Empleado,"Administracion publica, educacion y salud",Mas de 50 trabajadores,Si,5,3551.0
57,Hombre,Rural,Sierra,Primaria o menos,2,45.0,39.0,Trabajador independiente,"Administracion publica, educacion y salud",1 a 10 trabajadores,No,5,344.0
23,Mujer,Urbana,Costa,Superior universitaria,17,0.0,50.0,Trabajador independiente,Comercio,1 a 10 trabajadores,No,6,1811.0
61,Mujer,Urbana,Selva,Superior universitaria,15,37.0,45.0,Obrero,Construccion,Mas de 50 trabajadores,No,5,3281.0
33,Mujer,Urbana,Costa,Superior universitaria,15,11.0,40.0,Empleado,Comercio,11 a 50 trabajadores,Si,3,2329.0
60,Hombre,Urbana,Selva,Secundaria,10,42.0,38.0,Trabajador independiente,Servicios,1 a 10 trabajadores,No,4,865.0
46,Mujer,Urbana,Costa,Superior universitaria,17,26.0,29.0,Empleado,Construccion,11 a 50 trabajadores,Si,8,3736.0
58,Hombre,Urbana,Lima Metropolitana,Secundaria,8,44.0,52.0,Trabajador independiente,Servicios,1 a 10 trabajadores,No,3,680.0
65,Hombre,Rural,Sierra,Primaria o menos,2,45.0,36.0,Trabajador independiente,Agropecuario,1 a 10 trabajadores,No,3,306.0
28,Mujer,Rural,Selva,Superior no universitaria,15,3.0,36.0,Trabajador independiente,Servicios,1 a 10 trabajadores,No,2,439.0
28,Hombre,Urbana,Sierra,Superior universitaria,17,5.0,84.0,Empleado,Comercio,Mas de 50 trabajadores,Si,4,6665.0
36,Hombre,Rural,Sierra,Primaria o menos,2,32.0,56.0,Obrero,Agropecuario,1 a 10 trabajadores,No,3,327.0
31,Mujer,Urbana,Lima Metropolitana,Superior universitaria,15,10.0,67.0,Empleado,Servicios,1 a 10 trabajadores,Si,6,2008.0
43,Mujer,Rural,Costa,Secundaria,10,29.0,37.0,Trabajador independiente,Agropecuario,11 a 50 trabajadores,No,5,456.0
31,Mujer,Urbana,Lima Metropolitana,Secundaria,7,19.0,27.0,Trabajador independiente,Servicios,1 a 10 trabajadores,No,5,1024.0
65,Hombre,Urbana,Costa,Superior no universitaria,12,45.0,70.0,Empleado,Manufactura,11 a 50 trabajadores,No,5,1793.0
42,Hombre,Urbana,Lima Metropolitana,Secundaria,11,25.0,30.0,Trabajador independiente,"Administracion publica, educacion y salud",1 a 10 trabajadores,No,4,1481.0
48,Mujer,Rural,Sierra,Secundaria,8,33.0,33.0,Trabajador independiente,Construccion,1 a 10 trabajadores,No,2,223.0
65,Hombre,Rural,Selva,Primaria o menos,2,45.0,27.0,Trabajador independiente,"Administracion publica, educacion y salud",1 a 10 trabajadores,Si,4,380.0
47,Mujer,Urbana,Lima Metropolitana,Superior universitaria,17,23.0,41.0,Empleador,Comercio,1 a 10 trabajadores,No,3,6820.0
34,Hombre,Urbana,Lima Metropolitana,Superior no universitaria,13,16.0,49.0,Trabajador independiente,Manufactura,1 a 10 trabajadores,No,5,1436.0
22,Mujer,Urbana,Lima Metropolitana,Secundaria,9,4.0,33.0,Empleado,Servicios,Mas de 50 trabajadores,No,3,1276.0
43,Mujer,Urbana,Lima Metropolitana,Secundaria,7,28.0,76.0,Trabajador independiente,Servicios,1 a 10 trabajadores,,6,938.0
22,Hombre,Urbana,Costa,Secundaria,9,8.0,50.0,Empleado,"Administracion publica, educacion y salud",11 a 50 trabajadores,No,4,1455.0
33,Mujer,Urbana,Sierra,Secundaria,11,19.0,47.0,Empleado,Manufactura,Mas de 50 trabajadores,Si,6,2347.0
38,Hombre,Urbana,Selva,Secundaria,11,24.0,33.0,Obrero,Comercio,Mas de 50 trabajadores,No,8,2440.0
34,Hombre,Urbana,Lima Metropolitana,Superior no universitaria,14,16.0,,Trabajador independiente,Construccion,1 a 10 trabajadores,No,3,1775.0
49,Mujer,Urbana,Lima Metropolitana,Superior universitaria,14,29.0,32.0,Empleado,Servicios,Mas de 50 trabajadores,No,2,2759.0
39,Hombre,Urbana,Costa,Superior universitaria,16,17.0,46.0,Empleado,Construccion,1 a 10 trabajadores,Si,3,3320.0
37,Hombre,Urbana,Selva,Secundaria,7,24.0,40.0,Trabajador independiente,Servicios,1 a 10 trabajadores,No,2,745.0
18,Hombre,Urbana,Lima Metropolitana,Secundaria,7,5.0,32.0,Empleado,Servicios,1 a 10 trabajadores,No,2,1115.0
40,Hombre,Rural,Sierra,Primaria o menos,3,30.0,35.0,Trabajador independiente,Agropecuario,1 a 10 trabajadores,No,5,240.0
25,Hombre,Urbana,Costa,Superior universitaria,15,6.0,55.0,Trabajador independiente,Comercio,1 a 10 trabajadores,No,4,1857.0
49,Hombre,Urbana,Lima Metropolitana,Secundaria,9,36.0,45.0,Trabajador independiente,Comercio,1 a 10 trabajadores,No,7,1104.0
46,Hombre,Urbana,Selva,Secundaria,10,31.0,38.0,Obrero,Manufactura,Mas de 50 trabajadores,Si,5,1097.0
38,Mujer,Rural,Sierra,Primaria o menos,2,30.0,43.0,Trabajador independiente,Agropecuario,1 a 10 trabajadores,No,5,170.0
53,Mujer,Urbana,Sierra,Secundaria,8,36.0,36.0,Empleado,Comercio,11 a 50 trabajadores,Si,4,1730.0
48,Hombre,Urbana,Costa,Secundaria,9,33.0,34.0,Obrero,Comercio,Mas de 50 trabajadores,Si,7,2979.0
48,Mujer,Urbana,Costa,Posgrado,18,21.0,35.0,Empleado,Comercio,Mas de 50 trabajadores,Si,5,3418.0
33,Mujer,Rural,Sierra,Superior no universitaria,12,14.0,24.0,Trabajador independiente,Agropecuario,11 a 50 trabajadores,No,5,213.0
56,Hombre,Rural,Sierra,Superior no universitaria,14,33.0,44.0,Obrero,Agropecuario,Mas de 50 trabajadores,No,4,490.0
41,Hombre,Urbana,Sierra,Superior universitaria,17,19.0,56.0,Empleado,Comercio,Mas de 50 trabajadores,Si,6,6817.0
35,Hombre,Urbana,Selva,Secundaria,7,20.0,36.0,Obrero,Servicios,Mas de 50 trabajadores,Si,4,1360.0
25,Hombre,Rural,Costa,Secundaria,8,9.0,44.0,Trabajador independiente,Agropecuario,1 a 10 trabajadores,No,6,291.0
18,Mujer,Rural,Sierra,Superior universitaria,15,0.0,58.0,Empleado,Agropecuario,Mas de 50 trabajadores,Si,5,1108.0
28,Hombre,Urbana,Sierra,Secundaria,8,15.0,51.0,Obrero,Comercio,Mas de 50 trabajadores,Si,5,1426.0
34,Hombre,Urbana,Costa,Secundaria,9,16.0,44.0,Empleado,Construccion,1 a 10 trabajadores,No,4,1051.0
42,Hombre,Urbana,Selva,Superior no universitaria,13,24.0,34.0,Trabajador independiente,Construccion,1 a 10 trabajadores,No,4,1296.0
41,Hombre,Urbana,Selva,Superior universitaria,17,13.0,47.0,Trabajador independiente,Servicios,1 a 10 trabajadores,Si,3,3574.0
28,Hombre,Urbana,Lima Metropolitana,Secundaria,10,11.0,35.0,Empleado,"Administracion publica, educacion y salud",1 a 10 trabajadores,No,2,1919.0
45,Mujer,Urbana,Sierra,Secundaria,8,31.0,40.0,Empleado,Construccion,Mas de 50 trabajadores,Si,1,1611.0
48,Hombre,Urbana,Sierra,Primaria o menos,3,38.0,41.0,Trabajador independiente,Comercio,1 a 10 trabajadores,No,5,613.0
25,Mujer,Rural,Sierra,Primaria o menos,2,16.0,48.0,Trabajador independiente,"Administracion publica, educacion y salud",1 a 10 trabajadores,No,8,418.0
41,Hombre,Urbana,Sierra,Superior no universitaria,14,22.0,54.0,Trabajador independiente,Construccion,1 a 10 trabajadores,No,6,1622.0
31,Mujer,Urbana,Costa,Superior universitaria,14,14.0,33.0,Empleado,"Administracion publica, educacion y salud",1 a 10 trabajadores,No,3,2728.0
34,Hombre,Urbana,Selva,Superior universitaria,17,13.0,37.0,Obrero,Servicios,11 a 50 trabajadores,Si,6,2440.0
24,Mujer,Urbana,Costa,Superior universitaria,16,4.0,53.0,Empleado,Servicios,Mas de 50 trabajadores,Si,5,3182.0
18,Hombre,Urbana,Costa,Secundaria,7,7.0,30.0,Obrero,Comercio,11 a 50 trabajadores,No,1,427.0
20,Hombre,Urbana,Sierra,Superior no universitaria,14,0.0,57.0,Empleado,Comercio,11 a 50 trabajadores,Si,7,2047.0
50,Mujer,Urbana,Lima Metropolitana,Superior no universitaria,14,30.0,39.0,Empleado,Manufactura,1 a 10 trabajadores,No,4,1123.0
19,Mujer,Urbana,Costa,Superior no universitaria,15,0.0,40.0,Empleado,Comercio,11 a 50 trabajadores,Si,3,1598.0
41,Mujer,Urbana,Sierra,Superior universitaria,14,23.0,49.0,Empleador,Comercio,1 a 10 trabajadores,No,6,2433.0
50,Mujer,Rural,Sierra,Superior universitaria,16,29.0,51.0,Empleado,Construccion,11 a 50 trabajadores,No,5,962.0
54,Hombre,Urbana,Lima Metropolitana,Superior no universitaria,14,35.0,33.0,Empleado,Comercio,11 a 50 trabajadores,Si,3,1452.0
39,Hombre,Rural,Costa,Secundaria,10,24.0,26.0,Empleado,Agropecuario,11 a 50 trabajadores,No,6,470.0
32,Mujer,Urbana,Lima Metropolitana,Superior universitaria,16,9.0,44.0,Empleado,Comercio,1 a 10 trabajadores,No,5,1755.0
65,Hombre,Urbana,Costa,Superior universitaria,15,45.0,56.0,Empleado,Manufactura,Mas de 50 trabajadores,Si,7,8554.0
40,Hombre,Rural,Sierra,Secundaria,10,24.0,14.0,Trabajador independiente,Agropecuario,Mas de 50 trabajadores,No,2,291.0
18,Hombre,Urbana,Sierra,Primaria o menos,5,4.0,39.0,Trabajador independiente,Servicios,1 a 10 trabajadores,No,4,462.0
60,Hombre,Urbana,Sierra,Superior universitaria,14,39.0,58.0,Trabajador independiente,Manufactura,1 a 10 trabajadores,No,5,1944.0
41,Hombre,Urbana,Sierra,Superior no universitaria,15,22.0,36.0,Empleado,Comercio,Mas de 50 trabajadores,Si,4,4511.0
22,Hombre,Urbana,Selva,Superior universitaria,17,0.0,43.0,Trabajador independiente,Servicios,1 a 10 trabajadores,No,5,1803.0
22,Hombre,Urbana,Costa,Secundaria,11,8.0,27.0,Empleador,"Administracion publica, educacion y salud",1 a 10 trabajadores,No,7,1969.0
34,Hombre,Urbana,Sierra,Superior no universitaria,14,13.0,41.0,Obrero,Servicios,1 a 10 trabajadores,Si,3,1211.0
65,Hombre,Urbana,Lima Metropolitana,Secundaria,7,45.0,33.0,Empleado,Servicios,Mas de 50 trabajadores,No,5,1122.0
46,Hombre,Rural,Selva,Primaria o menos,4,33.0,21.0,Empleador,Agropecuario,1 a 10 trabajadores,No,2,484.0
25,Hombre,Rural,Selva,Secundaria,8,13.0,40.0,Trabajador independiente,Agropecuario,1 a 10 trabajadores,No,6,182.0
21,Hombre,Rural,Sierra,Superior no universitaria,13,1.0,52.0,Trabajador independiente,Agropecuario,1 a 10 trabajadores,No,3,382.0
47,Mujer,Urbana,Sierra,Primaria o menos,2,38.0,41.0,Empleado,Servicios,11 a 50 trabajadores,No,3,346.0
18,Hombre,Urbana,Lima Metropolitana,Superior universitaria,16,0.0,51.0,Trabajador independiente,Servicios,1 a 10 trabajadores,No,7,3322.0
41,Mujer,Urbana,Sierra,Superior universitaria,14,23.0,57.0,Trabajador independiente,Manufactura,1 a 10 trabajadores,No,6,2514.0
34,Hombre,Urbana,Lima Metropolitana,Superior no universitaria,12,14.0,51.0,Obrero,Construccion,11 a 50 trabajadores,Si,3,2691.0
40,Mujer,Urbana,Costa,Secundaria,10,21.0,57.0,Trabajador independiente,Manufactura,1 a 10 trabajadores,No,4,1026.0
52,Mujer,Urbana,Sierra,Superior universitaria,17,27.0,47.0,Empleado,Comercio,1 a 10 trabajadores,Si,7,4702.0
43,Mujer,Urbana,Selva,Superior universitaria,16,23.0,50.0,Trabajador independiente,Servicios,1 a 10 trabajadores,Si,4,2795.0
33,Mujer,Rural,Selva,Secundaria,8,17.0,65.0,Trabajador independiente,Comercio,1 a 10 trabajadores,No,2,286.0
34,Mujer,Urbana,Lima Metropolitana,Secundaria,8,18.0,22.0,Obrero,Manufactura,Mas de 50 trabajadores,No,1,897.0
23,Hombre,Urbana,Sierra,Secundaria,10,7.0,45.0,Obrero,Comercio,Mas de 50 trabajadores,Si,8,1471.0
54,Hombre,Rural,Sierra,Secundaria,7,37.0,29.0,Trabajador independiente,Agropecuario,1 a 10 trabajadores,Si,6,305.0
45,Mujer,Urbana,Lima Metropolitana,Superior universitaria,17,22.0,42.0,Trabajador independiente,Servicios,1 a 10 trabajadores,No,5,5029.0
58,Hombre,Urbana,Sierra,Secundaria,11,42.0,20.0,Empleado,"Administracion publica, educacion y salud",Mas de 50 trabajadores,Si,5,3624.0
18,Hombre,Urbana,Selva,Secundaria,7,5.0,48.0,Empleado,"Administracion publica, educacion y salud",1 a 10 trabajadores,No,5,522.0
41,Hombre,Rural,Sierra,Primaria o menos,5,27.0,41.0,Trabajador independiente,Agropecuario,1 a 10 trabajadores,No,5,233.0
26,Mujer,Rural,Sierra,Primaria o menos,4,19.0,31.0,Empleado,Agropecuario,1 a 10 trabajadores,No,6,325.0
24,Hombre,Urbana,Sierra,Superior universitaria,14,6.0,33.0,Empleado,Comercio,1 a 10 trabajadores,No,2,1574.0
38,Hombre,Rural,Sierra,Secundaria,8,24.0,42.0,Trabajador independiente,Agropecuario,1 a 10 trabajadores,Si,4,470.0
37,Mujer,Urbana,Sierra,Primaria o menos,3,30.0,36.0,Trabajador independiente,Manufactura,1 a 10 trabajadores,No,8,378.0
43,Hombre,Urbana,Costa,Superior no universitaria,14,23.0,67.0,Obrero,Comercio,11 a 50 trabajadores,Si,4,2401.0
43,Hombre,Rural,Selva,Secundaria,9,29.0,35.0,Trabajador independiente,Agropecuario,1 a 10 trabajadores,No,4,213.0
56,Mujer,Urbana,Lima Metropolitana,Superior universitaria,16,33.0,28.0,Empleado,Construccion,1 a 10 trabajadores,Si,6,3392.0
44,Hombre,Urbana,Lima Metropolitana,Superior universitaria,15,22.0,41.0,Empleado,Comercio,11 a 50 trabajadores,Si,3,4968.0
57,Hombre,Urbana,Lima Metropolitana,Secundaria,11,43.0,55.0,Trabajador independiente,Comercio,1 a 10 trabajadores,No,3,2073.0
46,Hombre,Urbana,Lima Metropolitana,Superior no universitaria,14,27.0,,Trabajador independiente,Comercio,1 a 10 trabajadores,No,4,1269.0
36,Hombre,Rural,Sierra,Primaria o menos,2,29.0,47.0,Trabajador independiente,Agropecuario,1 a 10 trabajadores,No,7,228.0
48,Mujer,Urbana,Costa,Superior no universitaria,14,28.0,48.0,Empleado,Comercio,11 a 50 trabajadores,Si,1,2616.0
18,Mujer,Urbana,Sierra,Secundaria,8,3.0,31.0,Obrero,Agropecuario,1 a 10 trabajadores,No,6,443.0
21,Hombre,Rural,Sierra,Superior no universitaria,13,2.0,31.0,Obrero,Construccion,1 a 10 trabajadores,No,6,386.0
18,Mujer,Rural,Sierra,Primaria o menos,5,5.0,62.0,Trabajador independiente,Manufactura,Mas de 50 trabajadores,No,6,217.0
24,Mujer,Urbana,Sierra,Superior no universitaria,12,6.0,43.0,Obrero,Construccion,Mas de 50 trabajadores,Si,5,1095.0
36,Hombre,Urbana,Sierra,Posgrado,20,10.0,66.0,Empleado,Construccion,11 a 50 trabajadores,No,6,14777.0
48,Mujer,Urbana,Sierra,Secundaria,10,33.0,65.0,Empleado,"Administracion publica, educacion y salud",Mas de 50 trabajadores,Si,2,2887.0
35,Mujer,Urbana,Sierra,Superior no universitaria,14,14.0,37.0,Empleado,"Administracion publica, educacion y salud",Mas de 50 trabajadores,Si,7,2926.0
39,Mujer,Urbana,Costa,Secundaria,9,21.0,43.0,Empleado,Servicios,Mas de 50 trabajadores,Si,3,1891.0
39,Mujer,Urbana,Lima Metropolitana,Secundaria,7,31.0,42.0,Empleado,"Administracion publica, educacion y salud",1 a 10 trabajadores,No,3,1288.0
54,Hombre,Urbana,Sierra,Primaria o menos,5,43.0,30.0,Trabajador independiente,Manufactura,1 a 10 trabajadores,No,4,335.0
33,Hombre,Rural,Selva,Secundaria,7,18.0,22.0,Obrero,Construccion,1 a 10 trabajadores,No,4,422.0
44,Hombre,Urbana,Selva,Superior no universitaria,14,24.0,57.0,Obrero,Servicios,Mas de 50 trabajadores,No,4,1663.0
32,Mujer,Urbana,Sierra,Secundaria,9,18.0,36.0,Empleador,Servicios,1 a 10 trabajadores,No,3,1431.0
33,Hombre,Urbana,Lima Metropolitana,Posgrado,20,9.0,48.0,Trabajador independiente,"Administracion publica, educacion y salud",1 a 10 trabajadores,No,4,5277.0
31,Hombre,Rural,Sierra,Secundaria,11,13.0,44.0,Trabajador independiente,Agropecuario,1 a 10 trabajadores,No,8,320.0
56,Hombre,Rural,Selva,Secundaria,10,41.0,51.0,Trabajador independiente,Agropecuario,1 a 10 trabajadores,No,6,391.0
18,Mujer,Urbana,Costa,Secundaria,8,5.0,38.0,Empleado,Manufactura,Mas de 50 trabajadores,No,7,1313.0
41,Mujer,Rural,Selva,Superior universitaria,16,23.0,33.0,Empleado,Agropecuario,1 a 10 trabajadores,No,3,696.0
60,Hombre,Urbana,Lima Metropolitana,Secundaria,10,45.0,31.0,Obrero,Manufactura,1 a 10 trabajadores,No,4,1931.0
37,Mujer,Rural,Costa,Secundaria,11,22.0,58.0,Empleado,Agropecuario,11 a 50 trabajadores,,9,1374.0
65,Mujer,Urbana,Lima Metropolitana,Secundaria,7,45.0,48.0,Trabajador independiente,Comercio,1 a 10 trabajadores,No,3,973.0
36,Mujer,Urbana,Costa,Secundaria,9,22.0,31.0,Trabajador independiente,Comercio,1 a 10 trabajadores,No,3,816.0
31,Hombre,Rural,Sierra,Secundaria,11,14.0,42.0,Obrero,Agropecuario,1 a 10 trabajadores,No,5,372.0
18,Hombre,Urbana,Selva,Primaria o menos,6,6.0,41.0,Empleado,Servicios,1 a 10 trabajadores,No,4,772.0
34,Hombre,Urbana,Selva,Superior no universitaria,15,13.0,28.0,Obrero,Servicios,11 a 50 trabajadores,No,3,1800.0
49,Mujer,Urbana,Lima Metropolitana,Superior no universitaria,13,29.0,30.0,Obrero,"Administracion publica, educacion y salud",1 a 10 trabajadores,No,5,1623.0
65,Mujer,Urbana,Sierra,Secundaria,8,45.0,20.0,Empleador,Construccion,1 a 10 trabajadores,Si,3,1425.0
34,Mujer,Urbana,Selva,Superior universitaria,14,13.0,36.0,Empleado,Construccion,1 a 10 trabajadores,Si,3,2316.0
28,Mujer,Urbana,Sierra,Secundaria,9,18.0,,Trabajador independiente,Comercio,1 a 10 trabajadores,No,3,846.0
42,Mujer,Urbana,Lima Metropolitana,Superior universitaria,16,20.0,43.0,Empleado,Comercio,11 a 50 trabajadores,No,1,4863.0
42,Hombre,Urbana,Costa,Primaria o menos,3,35.0,42.0,Empleado,"Administracion publica, educacion y salud",1 a 10 trabajadores,No,5,1160.0
37,Hombre,Urbana,Costa,Secundaria,9,25.0,42.0,Empleado,"Administracion publica, educacion y salud",Mas de 50 trabajadores,Si,3,1883.0
46,Hombre,Urbana,Costa,Secundaria,8,34.0,49.0,Obrero,Comercio,Mas de 50 trabajadores,No,4,1007.0
44,Hombre,Urbana,Lima Metropolitana,Secundaria,10,25.0,45.0,Empleado,Comercio,11 a 50 trabajadores,No,4,1670.0
18,Hombre,Urbana,Lima Metropolitana,Superior no universitaria,14,0.0,15.0,Trabajador independiente,Comercio,1 a 10 trabajadores,No,5,747.0
56,Hombre,Urbana,Sierra,Superior universitaria,17,34.0,43.0,Obrero,Comercio,Mas de 50 trabajadores,Si,2,4092.0
43,Hombre,Urbana,Lima Metropolitana,Secundaria,10,27.0,59.0,Empleado,Servicios,1 a 10 trabajadores,No,4,1570.0
39,Mujer,Urbana,Lima Metropolitana,Secundaria,7,29.0,34.0,Empleado,Agropecuario,1 a 10 trabajadores,Si,3,713.0
33,Mujer,Urbana,Lima Metropolitana,Primaria o menos,6,23.0,37.0,Empleado,Construccion,Mas de 50 trabajadores,No,3,1757.0
30,Hombre,Urbana,Sierra,Superior no universitaria,15,9.0,10.0,Empleado,Construccion,Mas de 50 trabajadores,Si,2,2078.0
30,Hombre,Urbana,Selva,Superior no universitaria,13,13.0,48.0,Trabajador independiente,Manufactura,1 a 10 trabajadores,No,3,852.0
51,Mujer,Rural,Selva,Superior no universitaria,14,29.0,48.0,Empleado,Agropecuario,11 a 50 trabajadores,No,5,1077.0
20,Hombre,Urbana,Lima Metropolitana,Secundaria,11,4.0,43.0,Trabajador independiente,Comercio,1 a 10 trabajadores,No,4,493.0
51,Mujer,Rural,Sierra,Primaria o menos,4,37.0,60.0,Trabajador independiente,Agropecuario,1 a 10 trabajadores,Si,3,337.0
38,Hombre,Rural,Sierra,Primaria o menos,4,27.0,41.0,Trabajador independiente,Agropecuario,1 a 10 trabajadores,No,5,249.0
24,Hombre,Urbana,Costa,Secundaria,10,6.0,26.0,Trabajador independiente,Servicios,1 a 10 trabajadores,No,3,1224.0
46,Mujer,Urbana,Lima Metropolitana,Superior universitaria,16,27.0,37.0,Obrero,Manufactura,11 a 50 trabajadores,No,9,5501.0
26,Mujer,Urbana,Lima Metropolitana,Superior universitaria,15,4.0,34.0,Trabajador independiente,Comercio,1 a 10 trabajadores,No,3,1353.0
52,Hombre,Urbana,Lima Metropolitana,Superior universitaria,17,25.0,45.0,Obrero,Construccion,11 a 50 trabajadores,No,4,4026.0
59,Hombre,Urbana,Sierra,Superior no universitaria,13,40.0,50.0,Empleado,Servicios,11 a 50 trabajadores,No,5,2575.0
54,Hombre,Rural,Sierra,Primaria o menos,2,45.0,49.0,Trabajador independiente,Manufactura,1 a 10 trabajadores,No,1,220.0
35,Hombre,Rural,Selva,Superior no universitaria,15,13.0,39.0,Trabajador independiente,Servicios,11 a 50 trabajadores,No,7,1063.0
26,Hombre,Urbana,Lima Metropolitana,Posgrado,20,0.0,35.0,Empleado,Servicios,1 a 10 trabajadores,Si,1,7328.0
30,Hombre,Urbana,Sierra,Superior universitaria,15,9.0,48.0,Empleado,Manufactura,1 a 10 trabajadores,No,4,1680.0
18,Hombre,Urbana,Selva,Secundaria,11,1.0,41.0,Empleado,Servicios,11 a 50 trabajadores,Si,5,1900.0
39,Hombre,Urbana,Costa,Secundaria,7,24.0,45.0,Trabajador independiente,Construccion,1 a 10 trabajadores,No,3,781.0
26,Hombre,Urbana,Lima Metropolitana,Superior no universitaria,12,10.0,55.0,Empleado,Manufactura,Mas de 50 trabajadores,Si,2,3296.0
33,Hombre,Urbana,Selva,Superior universitaria,16,10.0,43.0,Trabajador independiente,Servicios,1 a 10 trabajadores,No,6,1534.0
44,Hombre,Rural,Costa,Primaria o menos,3,33.0,56.0,Trabajador independiente,Agropecuario,1 a 10 trabajadores,No,5,173.0
25,Hombre,Rural,Selva,Primaria o menos,5,15.0,47.0,Trabajador independiente,Agropecuario,11 a 50 trabajadores,No,3,257.0
22,Hombre,Urbana,Selva,Secundaria,9,6.0,42.0,Trabajador independiente,Servicios,1 a 10 trabajadores,No,2,831.0
51,Hombre,Rural,Selva,Secundaria,8,34.0,45.0,Trabajador independiente,Agropecuario,1 a 10 trabajadores,No,3,310.0
27,Hombre,Urbana,Lima Metropolitana,Superior no universitaria,15,7.0,39.0,Trabajador independiente,Comercio,1 a 10 trabajadores,No,4,1758.0
46,Mujer,Urbana,Lima Metropolitana,Primaria o menos,5,33.0,34.0,Trabajador independiente,Construccion,1 a 10 trabajadores,No,4,570.0
35,Hombre,Urbana,Sierra,Superior no universitaria,13,17.0,42.0,Trabajador independiente,Servicios,1 a 10 trabajadores,No,5,2134.0
32,Mujer,Urbana,Lima Metropolitana,Superior universitaria,15,12.0,40.0,Empleado,"Administracion publica, educacion y salud",11 a 50 trabajadores,Si,3,7025.0
27,Mujer,Rural,Sierra,Secundaria,10,10.0,20.0,Trabajador independiente,Agropecuario,1 a 10 trabajadores,No,3,267.0
45,Mujer,Urbana,Costa,Secundaria,10,30.0,61.0,Trabajador independiente,Servicios,1 a 10 trabajadores,No,3,1175.0
50,Hombre,Rural,Sierra,Primaria o menos,3,41.0,45.0,Trabajador independiente,Manufactura,1 a 10 trabajadores,No,4,391.0
34,Mujer,Rural,Sierra,Superior no universitaria,14,15.0,50.0,Empleado,Agropecuario,1 a 10 trabajadores,No,6,906.0
28,Mujer,Rural,Sierra,Superior universitaria,17,6.0,9.0,Empleado,Agropecuario,Mas de 50 trabajadores,No,6,441.0
47,Hombre,Rural,Sierra,Primaria o menos,5,35.0,47.0,Trabajador independiente,Agropecuario,1 a 10 trabajadores,No,6,390.0
37,Mujer,Urbana,Costa,Superior universitaria,14,17.0,31.0,Empleado,Servicios,11 a 50 trabajadores,No,6,1975.0
31,Mujer,Urbana,Lima Metropolitana,Primaria o menos,6,18.0,37.0,Empleador,Comercio,1 a 10 trabajadores,Si,7,1440.0
49,Mujer,Urbana,Sierra,Superior no universitaria,15,27.0,28.0,Trabajador independiente,"Administracion publica, educacion y salud",1 a 10 trabajadores,No,4,3865.0
39,Hombre,Urbana,Costa,Secundaria,11,23.0,49.0,Trabajador independiente,Construccion,1 a 10 trabajadores,No,4,1130.0
46,Hombre,Urbana,Sierra,Superior universitaria,17,23.0,38.0,Empleado,Agropecuario,11 a 50 trabajadores,Si,5,4307.0
39,Hombre,Urbana,Sierra,Secundaria,10,,68.0,Empleado,Construccion,1 a 10 trabajadores,No,5,1085.0
50,Mujer,Urbana,Costa,Secundaria,7,37.0,45.0,Trabajador independiente,Comercio,1 a 10 trabajadores,No,3,603.0
39,Hombre,Rural,Costa,Superior universitaria,14,20.0,30.0,Empleado,Agropecuario,1 a 10 trabajadores,Si,2,572.0
42,Hombre,Urbana,Lima Metropolitana,Secundaria,9,,43.0,Empleado,Comercio,Mas de 50 trabajadores,Si,5,2468.0
37,Mujer,Urbana,Sierra,Secundaria,7,25.0,43.0,Empleado,"Administracion publica, educacion y salud",1 a 10 trabajadores,No,8,902.0
60,Hombre,Urbana,Lima Metropolitana,Superior universitaria,14,39.0,33.0,Trabajador independiente,Comercio,1 a 10 trabajadores,No,7,2002.0
41,Hombre,Urbana,Costa,Secundaria,9,23.0,48.0,Empleado,Servicios,Mas de 50 trabajadores,Si,6,3440.0
36,Mujer,Urbana,Lima Metropolitana,Secundaria,9,18.0,45.0,Trabajador independiente,Comercio,1 a 10 trabajadores,No,3,661.0
45,Hombre,Urbana,Sierra,Secundaria,10,28.0,50.0,Trabajador independiente,Servicios,1 a 10 trabajadores,No,5,889.0
20,Mujer,Urbana,Sierra,Superior no universitaria,15,0.0,48.0,Obrero,Servicios,1 a 10 trabajadores,Si,3,1109.0
39,Hombre,Urbana,Selva,Primaria o menos,4,28.0,58.0,Obrero,"Administracion publica, educacion y salud",Mas de 50 trabajadores,Si,5,1359.0
47,Hombre,Urbana,Costa,Secundaria,11,29.0,58.0,Obrero,Construccion,Mas de 50 trabajadores,Si,5,3402.0
46,Mujer,Urbana,Lima Metropolitana,Secundaria,8,26.0,38.0,Empleado,Construccion,1 a 10 trabajadores,No,4,2279.0
48,Mujer,Urbana,Selva,Superior no universitaria,15,28.0,57.0,Empleado,Servicios,11 a 50 trabajadores,Si,5,5958.0
57,Hombre,Urbana,Lima Metropolitana,Superior universitaria,17,34.0,53.0,Empleado,Comercio,11 a 50 trabajadores,Si,4,5464.0
27,Mujer,Rural,Sierra,Superior universitaria,15,3.0,42.0,Empleado,Agropecuario,11 a 50 trabajadores,Si,5,615.0
48,Hombre,Rural,Sierra,Superior universitaria,16,28.0,42.0,Trabajador independiente,Servicios,1 a 10 trabajadores,No,2,684.0
65,Mujer,Rural,Selva,Secundaria,7,45.0,60.0,Trabajador independiente,"Administracion publica, educacion y salud",1 a 10 trabajadores,No,5,600.0
38,Hombre,Urbana,Costa,Superior universitaria,14,15.0,52.0,Empleado,"Administracion publica, educacion y salud",1 a 10 trabajadores,Si,7,3250.0
30,Mujer,Rural,Selva,Primaria o menos,5,18.0,54.0,Obrero,Agropecuario,1 a 10 trabajadores,Si,3,237.0
44,Hombre,Urbana,Costa,Secundaria,10,31.0,26.0,Empleado,Agropecuario,11 a 50 trabajadores,No,6,725.0
65,Mujer,Rural,Sierra,Superior no universitaria,14,44.0,40.0,Trabajador independiente,Agropecuario,1 a 10 trabajadores,No,4,239.0
18,Mujer,Urbana,Costa,Secundaria,10,2.0,49.0,Empleado,Servicios,11 a 50 trabajadores,No,5,1666.0
50,Hombre,Urbana,Lima Metropolitana,Superior no universitaria,15,29.0,43.0,Trabajador independiente,Construccion,1 a 10 trabajadores,No,5,2834.0
21,Hombre,Urbana,Costa,Superior no universitaria,13,2.0,45.0,Empleado,Servicios,1 a 10 trabajadores,No,2,865.0
32,Hombre,Rural,Sierra,Primaria o menos,5,20.0,28.0,Obrero,Agropecuario,Mas de 50 trabajadores,No,2,236.0
38,Hombre,Urbana,Sierra,Secundaria,9,20.0,38.0,Empleado,Construccion,11 a 50 trabajadores,No,2,1701.0
24,Mujer,Rural,Sierra,Primaria o menos,6,15.0,22.0,Empleado,Agropecuario,1 a 10 trabajadores,No,4,249.0
45,Hombre,Urbana,Costa,Superior no universitaria,15,24.0,36.0,Empleador,Comercio,1 a 10 trabajadores,No,3,3267.0
23,Hombre,Rural,Sierra,Primaria o menos,2,17.0,47.0,Empleado,Agropecuario,11 a 50 trabajadores,No,7,267.0
26,Hombre,Urbana,Lima Metropolitana,Superior universitaria,17,2.0,40.0,Obrero,Manufactura,Mas de 50 trabajadores,Si,3,2468.0
50,Mujer,Urbana,Lima Metropolitana,Posgrado,20,21.0,33.0,Trabajador independiente,Servicios,1 a 10 trabajadores,No,4,7191.0
57,Mujer,Urbana,Lima Metropolitana,Secundaria,10,44.0,51.0,Empleado,Servicios,1 a 10 trabajadores,No,8,1748.0
50,Mujer,Urbana,Selva,Superior no universitaria,15,32.0,44.0,Trabajador independiente,"Administracion publica, educacion y salud",Mas de 50 trabajadores,Si,5,2831.0
44,Hombre,Urbana,Lima Metropolitana,Superior no universitaria,12,23.0,52.0,Empleado,Construccion,Mas de 50 trabajadores,Si,2,7549.0
41,Hombre,Urbana,Sierra,Primaria o menos,6,29.0,53.0,Trabajador independiente,Comercio,11 a 50 trabajadores,No,8,872.0
45,Hombre,Urbana,Costa,Secundaria,9,28.0,48.0,Trabajador independiente,Servicios,1 a 10 trabajadores,No,8,813.0
40,Mujer,Urbana,Costa,Secundaria,8,27.0,58.0,Empleado,Comercio,11 a 50 trabajadores,Si,7,929.0
42,Hombre,Urbana,Lima Metropolitana,Superior universitaria,17,20.0,72.0,Empleado,Comercio,1 a 10 trabajadores,No,2,4057.0
50,Hombre,Urbana,Lima Metropolitana,Primaria o menos,4,38.0,71.0,Empleado,Agropecuario,1 a 10 trabajadores,No,6,705.0
53,Hombre,Rural,Sierra,Secundaria,8,38.0,25.0,Obrero,Agropecuario,11 a 50 trabajadores,No,3,427.0
23,Hombre,Urbana,Costa,Secundaria,10,7.0,43.0,Obrero,Comercio,1 a 10 trabajadores,No,4,825.0
26,Hombre,Urbana,Lima Metropolitana,Secundaria,11,8.0,34.0,Obrero,Comercio,Mas de 50 trabajadores,Si,4,1689.0
18,Mujer,Rural,Selva,Secundaria,9,1.0,35.0,Trabajador independiente,Agropecuario,1 a 10 trabajadores,No,4,227.0
52,Mujer,Urbana,Selva,Secundaria,8,38.0,25.0,Trabajador independiente,Manufactura,1 a 10 trabajadores,No,2,575.0
39,Hombre,Urbana,Sierra,Superior no universitaria,13,21.0,58.0,Empleador,Construccion,1 a 10 trabajadores,No,5,2426.0
34,Mujer,Urbana,Lima Metropolitana,Secundaria,9,20.0,69.0,Obrero,Servicios,Mas de 50 trabajadores,No,5,1690.0
34,Hombre,Urbana,Lima Metropolitana,Secundaria,9,18.0,33.0,Obrero,Servicios,11 a 50 trabajadores,No,5,1784.0
36,Hombre,Urbana,Sierra,Superior universitaria,14,11.0,28.0,Empleado,"Administracion publica, educacion y salud",1 a 10 trabajadores,No,4,1668.0
48,Hombre,Urbana,Sierra,Superior universitaria,16,24.0,45.0,Empleado,"Administracion publica, educacion y salud",1 a 10 trabajadores,Si,2,4031.0
36,Hombre,Rural,Selva,Secundaria,8,23.0,54.0,Obrero,Agropecuario,1 a 10 trabajadores,Si,1,372.0
61,Hombre,Urbana,Costa,Primaria o menos,2,45.0,38.0,Trabajador independiente,Comercio,1 a 10 trabajadores,No,6,306.0
57,Hombre,Urbana,Selva,Superior universitaria,17,35.0,44.0,Trabajador independiente,Servicios,1 a 10 trabajadores,Si,2,4538.0
47,Hombre,Urbana,Lima Metropolitana,Secundaria,7,37.0,57.0,Empleado,Servicios,1 a 10 trabajadores,No,8,1133.0
32,Mujer,Urbana,Sierra,Superior universitaria,16,9.0,44.0,Empleado,Servicios,Mas de 50 trabajadores,Si,3,5727.0
40,Hombre,Urbana,Costa,Superior no universitaria,15,19.0,35.0,Empleador,Comercio,11 a 50 trabajadores,No,8,5199.0
44,Hombre,Urbana,Sierra,Secundaria,9,29.0,42.0,Trabajador independiente,Comercio,1 a 10 trabajadores,No,5,861.0
47,Hombre,Urbana,Lima Metropolitana,Secundaria,10,30.0,36.0,Trabajador independiente,Servicios,1 a 10 trabajadores,No,5,1521.0
44,Mujer,Urbana,Lima Metropolitana,Superior no universitaria,15,24.0,28.0,Trabajador independiente,Manufactura,11 a 50 trabajadores,No,5,2668.0
43,Mujer,Urbana,Sierra,Posgrado,17,20.0,53.0,Empleado,Manufactura,11 a 50 trabajadores,No,4,2607.0
44,Hombre,Urbana,Sierra,Superior universitaria,17,20.0,54.0,Obrero,Comercio,Mas de 50 trabajadores,Si,6,6688.0
53,Mujer,Urbana,Lima Metropolitana,Superior universitaria,16,31.0,54.0,Empleado,Comercio,11 a 50 trabajadores,Si,7,4374.0
36,Hombre,Urbana,Costa,Secundaria,7,20.0,65.0,Trabajador independiente,Manufactura,1 a 10 trabajadores,Si,2,713.0
33,Hombre,Urbana,Sierra,Superior universitaria,16,11.0,47.0,Empleado,Construccion,11 a 50 trabajadores,Si,4,4569.0
43,Hombre,Rural,Sierra,Secundaria,8,33.0,43.0,Trabajador independiente,Agropecuario,1 a 10 trabajadores,No,2,390.0
34,Hombre,Rural,Selva,Primaria o menos,2,28.0,46.0,Trabajador independiente,Construccion,1 a 10 trabajadores,No,4,292.0
33,Hombre,Urbana,Sierra,Superior no universitaria,13,15.0,39.0,Empleado,Manufactura,11 a 50 trabajadores,No,5,1345.0
37,Hombre,Urbana,Sierra,Primaria o menos,5,26.0,61.0,Empleador,Servicios,1 a 10 trabajadores,No,5,677.0
35,Mujer,Urbana,Selva,Superior universitaria,16,16.0,29.0,Empleado,Manufactura,11 a 50 trabajadores,Si,3,1878.0
42,Mujer,Rural,Sierra,Primaria o menos,6,28.0,17.0,Obrero,Agropecuario,1 a 10 trabajadores,No,2,254.0
43,Mujer,Urbana,Sierra,Superior universitaria,15,22.0,49.0,Trabajador independiente,Construccion,1 a 10 trabajadores,No,4,3141.0
40,Hombre,Urbana,Costa,Superior no universitaria,15,19.0,49.0,Empleador,Servicios,1 a 10 trabajadores,No,6,3575.0
42,Mujer,Urbana,Sierra,Superior no universitaria,13,23.0,34.0,Trabajador independiente,Servicios,1 a 10 trabajadores,No,5,1014.0
41,Hombre,Urbana,Sierra,Secundaria,8,31.0,54.0,Empleador,Comercio,11 a 50 trabajadores,No,3,1955.0
41,Hombre,Urbana,Costa,Superior universitaria,17,19.0,37.0,Empleado,Servicios,Mas de 50 trabajadores,Si,4,9764.0
35,Mujer,Urbana,Lima Metropolitana,Secundaria,7,23.0,37.0,Empleado,Agropecuario,1 a 10 trabajadores,No,3,1064.0
33,Hombre,Rural,Costa,Secundaria,9,19.0,38.0,Trabajador independiente,Agropecuario,1 a 10 trabajadores,No,6,490.0
30,Mujer,Urbana,Costa,Secundaria,7,17.0,30.0,Empleador,Servicios,11 a 50 trabajadores,No,8,764.0
35,Hombre,Urbana,Costa,Superior universitaria,17,10.0,45.0,Empleado,Comercio,1 a 10 trabajadores,No,5,2327.0
42,Mujer,Urbana,Lima Metropolitana,Superior no universitaria,14,22.0,34.0,Trabajador independiente,Construccion,1 a 10 trabajadores,No,5,1838.0
37,Mujer,Urbana,Sierra,Secundaria,8,22.0,43.0,Trabajador independiente,"Administracion publica, educacion y salud",1 a 10 trabajadores,No,5,1361.0
36,Mujer,Rural,Selva,Primaria o menos,2,27.0,38.0,Trabajador independiente,Agropecuario,1 a 10 trabajadores,No,2,207.0
34,Mujer,Rural,Selva,Primaria o menos,4,27.0,46.0,Trabajador independiente,Agropecuario,1 a 10 trabajadores,No,3,378.0
35,Mujer,Urbana,Sierra,Superior universitaria,16,14.0,38.0,Empleado,Servicios,11 a 50 trabajadores,No,1,3086.0
38,Hombre,Urbana,Sierra,Secundaria,7,26.0,57.0,Trabajador independiente,Servicios,1 a 10 trabajadores,No,3,1184.0
34,Hombre,Urbana,Costa,Superior no universitaria,15,13.0,36.0,Empleado,Servicios,11 a 50 trabajadores,Si,5,4750.0
24,Hombre,Rural,Selva,Primaria o menos,6,12.0,40.0,Trabajador independiente,Agropecuario,1 a 10 trabajadores,No,4,262.0
26,Mujer,Urbana,Selva,Secundaria,7,15.0,47.0,Empleado,"Administracion publica, educacion y salud",1 a 10 trabajadores,Si,4,1168.0
27,Mujer,Urbana,Lima Metropolitana,Secundaria,8,15.0,47.0,Trabajador independiente,Comercio,1 a 10 trabajadores,No,3,800.0
50,Mujer,Rural,Sierra,Secundaria,7,35.0,15.0,Empleador,Comercio,1 a 10 trabajadores,No,2,364.0
53,Hombre,Urbana,Selva,Primaria o menos,5,37.0,20.0,Trabajador independiente,Manufactura,1 a 10 trabajadores,No,3,614.0
34,Hombre,Urbana,Lima Metropolitana,Superior universitaria,16,11.0,17.0,Empleado,Servicios,11 a 50 trabajadores,No,4,3193.0
20,Hombre,Urbana,Lima Metropolitana,Secundaria,8,2.0,46.0,Empleado,Servicios,Mas de 50 trabajadores,Si,4,2357.0
38,Mujer,Urbana,Lima Metropolitana,Superior no universitaria,12,21.0,54.0,Obrero,Comercio,1 a 10 trabajadores,No,5,1227.0
27,Hombre,Urbana,Lima Metropolitana,Secundaria,8,10.0,43.0,Trabajador independiente,Construccion,1 a 10 trabajadores,No,7,967.0
23,Hombre,Rural,Sierra,Primaria o menos,6,10.0,21.0,Trabajador independiente,"Administracion publica, educacion y salud",1 a 10 trabajadores,No,5,398.0
18,Hombre,Urbana,Lima Metropolitana,Superior universitaria,16,0.0,49.0,Empleado,Construccion,1 a 10 trabajadores,No,3,2326.0
46,Mujer,Urbana,Costa,Secundaria,8,30.0,52.0,Empleado,Comercio,11 a 50 trabajadores,No,7,1394.0
34,Hombre,Urbana,Costa,Secundaria,10,18.0,44.0,Empleado,"Administracion publica, educacion y salud",11 a 50 trabajadores,Si,7,2016.0
39,Mujer,Rural,Costa,Primaria o menos,6,27.0,,Trabajador independiente,Agropecuario,1 a 10 trabajadores,No,8,206.0
58,Hombre,Urbana,Costa,Primaria o menos,3,45.0,31.0,Trabajador independiente,Manufactura,1 a 10 trabajadores,No,3,425.0
21,Mujer,Urbana,Sierra,Superior universitaria,15,0.0,65.0,Empleado,Comercio,11 a 50 trabajadores,Si,5,1862.0
32,Mujer,Urbana,Lima Metropolitana,Primaria o menos,4,21.0,47.0,Empleado,Manufactura,Mas de 50 trabajadores,No,4,1019.0
44,Hombre,Rural,Sierra,Primaria o menos,3,35.0,56.0,Trabajador independiente,Servicios,11 a 50 trabajadores,No,1,630.0
46,Hombre,Urbana,Selva,Superior no universitaria,12,30.0,45.0,Empleado,"Administracion publica, educacion y salud",1 a 10 trabajadores,,7,2040.0
48,Hombre,Urbana,Lima Metropolitana,Primaria o menos,2,37.0,34.0,Empleado,Servicios,Mas de 50 trabajadores,No,2,1288.0
24,Mujer,Urbana,Costa,Secundaria,9,11.0,58.0,Empleado,Manufactura,Mas de 50 trabajadores,Si,3,1177.0
60,Mujer,Urbana,Selva,Primaria o menos,3,45.0,57.0,Empleado,Servicios,11 a 50 trabajadores,Si,3,635.0
18,Mujer,Urbana,Lima Metropolitana,Superior universitaria,14,0.0,30.0,Empleado,"Administracion publica, educacion y salud",Mas de 50 trabajadores,Si,10,3414.0
40,Hombre,Rural,Costa,Primaria o menos,4,26.0,44.0,Obrero,Servicios,11 a 50 trabajadores,No,7,478.0
42,Hombre,Urbana,Sierra,Primaria o menos,5,32.0,,Empleado,Servicios,1 a 10 trabajadores,No,4,670.0
65,Mujer,Urbana,Selva,Superior universitaria,14,43.0,33.0,Empleado,Comercio,11 a 50 trabajadores,No,6,1318.0
36,Hombre,Urbana,Sierra,Secundaria,7,25.0,57.0,Trabajador independiente,Comercio,1 a 10 trabajadores,No,5,1472.0
51,Hombre,Rural,Sierra,Secundaria,10,36.0,33.0,Trabajador independiente,Agropecuario,1 a 10 trabajadores,No,7,313.0
50,Mujer,Urbana,Selva,Superior universitaria,16,29.0,37.0,Empleado,Comercio,11 a 50 trabajadores,Si,2,3459.0
38,Hombre,Rural,Sierra,Primaria o menos,4,28.0,46.0,Trabajador independiente,Agropecuario,1 a 10 trabajadores,No,2,251.0
41,Mujer,Urbana,Selva,Superior universitaria,17,17.0,48.0,Empleado,"Administracion publica, educacion y salud",1 a 10 trabajadores,,7,4198.0
33,Hombre,Urbana,Lima Metropolitana,Superior universitaria,14,13.0,34.0,Empleado,Comercio,Mas de 50 trabajadores,Si,5,3512.0
44,Hombre,Urbana,Sierra,Superior universitaria,14,23.0,60.0,Empleado,Comercio,11 a 50 trabajadores,No,5,2352.0
36,Hombre,Urbana,Lima Metropolitana,Secundaria,7,25.0,64.0,Empleado,Servicios,Mas de 50 trabajadores,Si,4,2414.0
32,Mujer,Urbana,Lima Metropolitana,Secundaria,8,17.0,61.0,Empleado,Comercio,1 a 10 trabajadores,Si,7,1571.0
47,Mujer,Urbana,Lima Metropolitana,Secundaria,7,32.0,38.0,Trabajador independiente,Servicios,1 a 10 trabajadores,No,4,1016.0
34,Hombre,Urbana,Sierra,Secundaria,7,18.0,29.0,Empleador,Comercio,Mas de 50 trabajadores,Si,3,1798.0
18,Hombre,Urbana,Lima Metropolitana,Superior no universitaria,15,0.0,27.0,Empleado,Servicios,11 a 50 trabajadores,Si,4,2250.0
18,Hombre,Urbana,Costa,Secundaria,8,4.0,33.0,Empleado,Servicios,1 a 10 trabajadores,Si,6,1028.0
30,Mujer,Urbana,Lima Metropolitana,Secundaria,9,16.0,44.0,Obrero,Comercio,1 a 10 trabajadores,No,2,1137.0
61,Hombre,Rural,Sierra,Secundaria,9,45.0,16.0,Obrero,Agropecuario,11 a 50 trabajadores,No,2,379.0
49,Hombre,Urbana,Costa,Superior no universitaria,14,30.0,18.0,Empleado,Manufactura,1 a 10 trabajadores,No,4,807.0
27,Mujer,Rural,Sierra,Primaria o menos,6,15.0,43.0,Trabajador independiente,Agropecuario,1 a 10 trabajadores,No,5,177.0
34,Hombre,Rural,Sierra,Secundaria,9,18.0,58.0,Trabajador independiente,Agropecuario,11 a 50 trabajadores,No,3,385.0
51,Hombre,Rural,Selva,Secundaria,7,37.0,61.0,Trabajador independiente,Agropecuario,1 a 10 trabajadores,No,6,195.0
34,Mujer,Urbana,Costa,Superior no universitaria,13,18.0,66.0,Empleado,Servicios,1 a 10 trabajadores,No,3,1670.0
56,Mujer,Rural,Selva,Secundaria,8,44.0,35.0,Obrero,Agropecuario,Mas de 50 trabajadores,No,5,298.0
57,Mujer,Urbana,Sierra,Superior no universitaria,13,36.0,46.0,Empleado,Comercio,Mas de 50 trabajadores,Si,3,2761.0
18,Hombre,Urbana,Sierra,Secundaria,9,1.0,39.0,Empleado,Comercio,Mas de 50 trabajadores,No,5,714.0
43,Mujer,Urbana,Lima Metropolitana,Superior universitaria,14,23.0,23.0,Empleado,"Administracion publica, educacion y salud",1 a 10 trabajadores,Si,7,3775.0
34,Mujer,Urbana,Costa,Superior no universitaria,14,16.0,39.0,Empleado,Comercio,1 a 10 trabajadores,No,6,1188.0
42,Mujer,Urbana,Sierra,Superior no universitaria,12,23.0,31.0,Empleado,Servicios,1 a 10 trabajadores,Si,1,1431.0
26,Mujer,Rural,Selva,Primaria o menos,2,21.0,39.0,Trabajador independiente,Agropecuario,1 a 10 trabajadores,No,2,150.0
49,Hombre,Urbana,Sierra,Superior universitaria,15,24.0,46.0,Obrero,Construccion,11 a 50 trabajadores,Si,6,3732.0
29,Hombre,Urbana,Sierra,Primaria o menos,5,13.0,48.0,Empleado,Servicios,1 a 10 trabajadores,No,5,778.0
46,Mujer,Rural,Selva,Primaria o menos,6,34.0,36.0,Obrero,Agropecuario,Mas de 50 trabajadores,No,4,318.0
47,Hombre,Urbana,Selva,Superior universitaria,15,25.0,44.0,Empleado,"Administracion publica, educacion y salud",11 a 50 trabajadores,Si,4,3492.0
43,Hombre,Urbana,Costa,Superior universitaria,16,19.0,28.0,Empleado,Servicios,11 a 50 trabajadores,No,6,1874.0
54,Hombre,Urbana,Sierra,Posgrado,20,30.0,29.0,Empleador,Comercio,11 a 50 trabajadores,No,3,7842.0
34,Hombre,Rural,Selva,Primaria o menos,3,25.0,42.0,Trabajador independiente,Agropecuario,1 a 10 trabajadores,No,2,232.0
59,Hombre,Urbana,Costa,Primaria o menos,6,45.0,45.0,Trabajador independiente,Comercio,1 a 10 trabajadores,No,8,570.0
25,Mujer,Rural,Costa,Secundaria,11,10.0,18.0,Trabajador independiente,"Administracion publica, educacion y salud",1 a 10 trabajadores,No,4,430.0
30,Mujer,Rural,Selva,Primaria o menos,2,22.0,42.0,Trabajador independiente,Agropecuario,1 a 10 trabajadores,No,2,288.0
58,Hombre,Urbana,Costa,Primaria o menos,4,45.0,49.0,Trabajador independiente,Servicios,1 a 10 trabajadores,No,5,627.0
49,Hombre,Urbana,Lima Metropolitana,Primaria o menos,2,40.0,28.0,Trabajador independiente,Construccion,1 a 10 trabajadores,No,8,515.0
27,Hombre,Urbana,Costa,Secundaria,7,14.0,46.0,Empleado,"Administracion publica, educacion y salud",1 a 10 trabajadores,Si,2,1634.0
41,Hombre,Urbana,Lima Metropolitana,Superior no universitaria,12,21.0,43.0,Empleado,Comercio,Mas de 50 trabajadores,Si,6,4521.0
45,Mujer,Rural,Selva,Secundaria,10,27.0,30.0,Trabajador independiente,Agropecuario,1 a 10 trabajadores,No,6,273.0
45,Mujer,Urbana,Costa,Superior no universitaria,15,25.0,8.0,Trabajador independiente,Servicios,1 a 10 trabajadores,No,3,1452.0
20,Mujer,Rural,Selva,Primaria o menos,5,9.0,44.0,Trabajador independiente,Agropecuario,1 a 10 trabajadores,No,3,150.0
26,Hombre,Urbana,Lima Metropolitana,Superior universitaria,17,3.0,33.0,Trabajador independiente,Servicios,1 a 10 trabajadores,No,3,2142.0
38,Hombre,Urbana,Lima Metropolitana,Primaria o menos,4,27.0,52.0,Empleado,Construccion,Mas de 50 trabajadores,Si,3,1058.0
44,Hombre,Urbana,Costa,Secundaria,8,29.0,48.0,Empleado,Manufactura,Mas de 50 trabajadores,No,4,2155.0
37,Mujer,Urbana,Costa,Primaria o menos,5,24.0,50.0,Obrero,Servicios,11 a 50 trabajadores,No,4,856.0
41,Hombre,Urbana,Selva,Primaria o menos,6,30.0,71.0,Trabajador independiente,Construccion,1 a 10 trabajadores,No,3,805.0
35,Hombre,Urbana,Selva,Posgrado,20,9.0,48.0,Trabajador independiente,"Administracion publica, educacion y salud",Mas de 50 trabajadores,Si,6,9026.0
45,Hombre,Rural,Costa,Secundaria,7,32.0,37.0,Trabajador independiente,Manufactura,1 a 10 trabajadores,No,3,543.0
24,Hombre,Urbana,Costa,Secundaria,7,13.0,51.0,Empleado,Servicios,1 a 10 trabajadores,No,2,1504.0
42,Mujer,Urbana,Sierra,Secundaria,11,20.0,41.0,Empleado,Manufactura,11 a 50 trabajadores,Si,3,1192.0
45,Hombre,Rural,Sierra,Secundaria,8,32.0,39.0,Trabajador independiente,Agropecuario,1 a 10 trabajadores,No,7,260.0
48,Mujer,Urbana,Sierra,Superior universitaria,17,26.0,25.0,Empleado,"Administracion publica, educacion y salud",1 a 10 trabajadores,Si,4,3580.0
39,Mujer,Urbana,Sierra,Secundaria,8,24.0,28.0,Trabajador independiente,Manufactura,11 a 50 trabajadores,No,4,752.0
35,Hombre,Rural,Costa,Secundaria,7,23.0,38.0,Trabajador independiente,Agropecuario,1 a 10 trabajadores,No,2,449.0
26,Mujer,Urbana,Lima Metropolitana,Secundaria,10,13.0,61.0,Empleado,Comercio,1 a 10 trabajadores,Si,2,1142.0
53,Hombre,Urbana,Costa,Superior universitaria,16,32.0,46.0,Empleado,Construccion,11 a 50 trabajadores,No,2,3258.0
47,Mujer,Urbana,Sierra,Superior no universitaria,14,28.0,45.0,Trabajador independiente,Comercio,1 a 10 trabajadores,No,6,770.0
29,Hombre,Urbana,Costa,Primaria o menos,2,22.0,56.0,Obrero,"Administracion publica, educacion y salud",1 a 10 trabajadores,No,3,848.0
47,Hombre,Urbana,Costa,Primaria o menos,5,37.0,72.0,Empleado,Servicios,1 a 10 trabajadores,No,3,640.0
47,Hombre,Rural,Sierra,Superior no universitaria,14,27.0,40.0,Trabajador independiente,Agropecuario,1 a 10 trabajadores,No,5,304.0
23,Mujer,Rural,Sierra,Superior universitaria,14,4.0,39.0,Obrero,Agropecuario,1 a 10 trabajadores,No,1,344.0
29,Mujer,Urbana,Selva,Secundaria,10,13.0,47.0,Empleado,Comercio,Mas de 50 trabajadores,No,4,1323.0
35,Hombre,Urbana,Lima Metropolitana,Superior universitaria,16,15.0,47.0,Empleado,Manufactura,11 a 50 trabajadores,No,1,4058.0
51,Mujer,Urbana,Lima Metropolitana,Secundaria,11,32.0,42.0,Trabajador independiente,"Administracion publica, educacion y salud",1 a 10 trabajadores,No,2,2423.0
64,Hombre,Rural,Sierra,Secundaria,8,45.0,38.0,Trabajador independiente,Agropecuario,1 a 10 trabajadores,No,6,227.0
55,Mujer,Rural,Costa,Secundaria,11,37.0,50.0,Trabajador independiente,Agropecuario,1 a 10 trabajadores,No,4,481.0
45,Mujer,Urbana,Lima Metropolitana,Posgrado,17,21.0,44.0,Empleado,Servicios,Mas de 50 trabajadores,Si,4,5866.0
36,Hombre,Rural,Sierra,Primaria o menos,5,23.0,49.0,Trabajador independiente,Servicios,1 a 10 trabajadores,No,5,267.0
34,Hombre,Urbana,Lima Metropolitana,Primaria o menos,4,23.0,57.0,Trabajador independiente,Comercio,1 a 10 trabajadores,No,5,594.0
30,Hombre,Rural,Sierra,Primaria o menos,2,22.0,37.0,Empleado,Agropecuario,1 a 10 trabajadores,No,5,291.0
34,Mujer,Urbana,Lima Metropolitana,Superior no universitaria,15,12.0,48.0,Empleado,Comercio,1 a 10 trabajadores,Si,2,3903.0
30,Mujer,Rural,Selva,Secundaria,9,14.0,22.0,Empleado,Agropecuario,1 a 10 trabajadores,No,6,275.0
51,Hombre,Rural,Sierra,Secundaria,7,38.0,53.0,Trabajador independiente,Comercio,1 a 10 trabajadores,No,2,329.0
55,Hombre,Urbana,Sierra,Superior no universitaria,14,36.0,35.0,Empleado,"Administracion publica, educacion y salud",Mas de 50 trabajadores,Si,4,3652.0
52,Mujer,Urbana,Sierra,Superior universitaria,14,31.0,39.0,Empleado,"Administracion publica, educacion y salud",1 a 10 trabajadores,No,6,2874.0
64,Mujer,Urbana,Lima Metropolitana,Secundaria,9,45.0,12.0,Trabajador independiente,Servicios,1 a 10 trabajadores,No,6,945.0
44,Hombre,Urbana,Sierra,Superior no universitaria,15,24.0,46.0,Trabajador independiente,"Administracion publica, educacion y salud",1 a 10 trabajadores,No,3,2284.0
63,Hombre,Urbana,Selva,Secundaria,9,45.0,44.0,Empleado,Comercio,Mas de 50 trabajadores,Si,2,3831.0
47,Mujer,Urbana,Selva,Superior no universitaria,13,29.0,31.0,Empleado,Manufactura,Mas de 50 trabajadores,,7,1439.0
46,Hombre,Rural,Selva,Secundaria,10,29.0,28.0,Obrero,Agropecuario,11 a 50 trabajadores,No,6,297.0
37,Hombre,Rural,Sierra,Primaria o menos,3,30.0,30.0,Trabajador independiente,Agropecuario,1 a 10 trabajadores,No,4,150.0
43,Hombre,Urbana,Costa,Secundaria,11,26.0,35.0,Empleado,Servicios,11 a 50 trabajadores,No,7,1422.0
28,Hombre,Rural,Sierra,Primaria o menos,4,19.0,27.0,Empleador,Agropecuario,Mas de 50 trabajadores,No,4,673.0
39,Hombre,Urbana,Costa,Superior universitaria,14,17.0,57.0,Empleado,"Administracion publica, educacion y salud",Mas de 50 trabajadores,Si,5,7684.0
35,Mujer,Urbana,Costa,Superior universitaria,15,14.0,44.0,Trabajador independiente,Comercio,1 a 10 trabajadores,No,5,1561.0
43,Hombre,Urbana,Costa,Superior universitaria,17,22.0,63.0,Empleado,Servicios,Mas de 50 trabajadores,Si,4,9484.0
47,Hombre,Urbana,Lima Metropolitana,Secundaria,7,38.0,37.0,Trabajador independiente,Servicios,1 a 10 trabajadores,No,3,1093.0
46,Mujer,Rural,Sierra,Primaria o menos,4,36.0,18.0,Trabajador independiente,Manufactura,1 a 10 trabajadores,No,2,379.0
44,Mujer,Rural,Sierra,Primaria o menos,6,31.0,38.0,Empleado,Agropecuario,1 a 10 trabajadores,No,5,376.0
36,Hombre,Urbana,Sierra,Primaria o menos,4,28.0,43.0,Empleado,Manufactura,11 a 50 trabajadores,No,2,644.0
18,Hombre,Urbana,Sierra,Primaria o menos,3,7.0,33.0,Empleado,Servicios,Mas de 50 trabajadores,No,1,451.0
54,Mujer,Rural,Sierra,Primaria o menos,6,41.0,19.0,Obrero,Agropecuario,Mas de 50 trabajadores,No,2,217.0
22,Hombre,Urbana,Costa,Secundaria,9,10.0,16.0,Trabajador independiente,"Administracion publica, educacion y salud",1 a 10 trabajadores,No,2,1015.0
48,Mujer,Rural,Costa,Superior universitaria,16,26.0,46.0,Empleado,Agropecuario,1 a 10 trabajadores,No,4,693.0
42,Hombre,Urbana,Costa,Superior universitaria,16,22.0,52.0,Trabajador independiente,"Administracion publica, educacion y salud",1 a 10 trabajadores,Si,3,5356.0
43,Mujer,Urbana,Sierra,Secundaria,7,29.0,41.0,Empleado,Servicios,Mas de 50 trabajadores,No,2,825.0
42,Hombre,Urbana,Lima Metropolitana,Secundaria,10,28.0,60.0,Empleado,Manufactura,11 a 50 trabajadores,No,4,2256.0
47,Mujer,Urbana,Lima Metropolitana,Secundaria,11,27.0,30.0,Trabajador independiente,"Administracion publica, educacion y salud",1 a 10 trabajadores,No,1,1084.0
50,Hombre,Rural,Selva,Secundaria,10,36.0,43.0,Trabajador independiente,Agropecuario,1 a 10 trabajadores,No,4,170.0
59,Hombre,Urbana,Costa,Posgrado,19,31.0,48.0,Empleado,Construccion,Mas de 50 trabajadores,Si,2,10265.0
30,Hombre,Urbana,Sierra,Primaria o menos,2,24.0,37.0,Obrero,Comercio,11 a 50 trabajadores,No,3,718.0
48,Hombre,Urbana,Selva,Superior universitaria,17,24.0,60.0,Empleado,Comercio,11 a 50 trabajadores,No,3,3579.0
26,Hombre,Urbana,Sierra,Secundaria,11,9.0,52.0,Empleado,Construccion,Mas de 50 trabajadores,Si,5,3133.0
56,Hombre,Urbana,Costa,Primaria o menos,6,42.0,62.0,Trabajador independiente,Manufactura,1 a 10 trabajadores,No,2,872.0
52,Mujer,Rural,Sierra,Secundaria,9,40.0,22.0,Trabajador independiente,Comercio,1 a 10 trabajadores,No,4,413.0
18,Hombre,Urbana,Lima Metropolitana,Superior no universitaria,12,0.0,42.0,Empleado,Comercio,1 a 10 trabajadores,No,7,859.0
54,Hombre,Urbana,Lima Metropolitana,Superior no universitaria,14,29.0,34.0,Empleado,Servicios,Mas de 50 trabajadores,Si,1,4410.0
46,Hombre,Rural,Sierra,Primaria o menos,6,36.0,38.0,Trabajador independiente,Comercio,1 a 10 trabajadores,No,4,407.0
23,Mujer,Urbana,Lima Metropolitana,Superior universitaria,17,0.0,52.0,Empleado,Manufactura,1 a 10 trabajadores,No,6,1878.0
28,Mujer,Rural,Sierra,Primaria o menos,2,19.0,46.0,Obrero,Agropecuario,1 a 10 trabajadores,No,4,150.0
32,Hombre,Urbana,Selva,Posgrado,20,4.0,47.0,Empleado,Servicios,Mas de 50 trabajadores,Si,5,4627.0
65,Mujer,Urbana,Selva,Primaria o menos,4,45.0,40.0,Obrero,"Administracion publica, educacion y salud",1 a 10 trabajadores,Si,2,469.0
26,Hombre,Urbana,Sierra,Superior no universitaria,14,3.0,50.0,Empleado,Manufactura,Mas de 50 trabajadores,No,3,2466.0
18,Hombre,Urbana,Sierra,Superior no universitaria,15,0.0,59.0,Trabajador independiente,"Administracion publica, educacion y salud",1 a 10 trabajadores,No,6,2098.0
43,Hombre,Urbana,Selva,Primaria o menos,3,35.0,28.0,Empleado,Servicios,11 a 50 trabajadores,No,7,418.0
18,Mujer,Urbana,Sierra,Superior universitaria,16,0.0,59.0,Empleado,Servicios,Mas de 50 trabajadores,Si,2,4476.0
29,Mujer,Urbana,Costa,Superior universitaria,15,10.0,46.0,Empleado,Manufactura,1 a 10 trabajadores,No,4,1933.0
36,Mujer,Urbana,Selva,Superior no universitaria,13,16.0,45.0,Trabajador independiente,Manufactura,1 a 10 trabajadores,No,4,1489.0
44,Mujer,Urbana,Costa,Secundaria,11,30.0,29.0,Obrero,Comercio,Mas de 50 trabajadores,Si,2,1480.0
32,Mujer,Urbana,Lima Metropolitana,Superior universitaria,17,7.0,51.0,Trabajador independiente,"Administracion publica, educacion y salud",1 a 10 trabajadores,No,6,3565.0
45,Mujer,Urbana,Costa,Primaria o menos,6,33.0,33.0,Empleado,Comercio,1 a 10 trabajadores,No,6,534.0
18,Hombre,Urbana,Sierra,Secundaria,9,3.0,,Obrero,Construccion,Mas de 50 trabajadores,No,5,880.0
42,Hombre,Urbana,Costa,Superior universitaria,14,20.0,46.0,Empleado,"Administracion publica, educacion y salud",Mas de 50 trabajadores,Si,5,5996.0
57,Mujer,Urbana,Sierra,Posgrado,18,33.0,31.0,Trabajador independiente,Manufactura,1 a 10 trabajadores,No,2,2864.0
33,Hombre,Urbana,Sierra,Secundaria,9,17.0,38.0,Empleado,Manufactura,11 a 50 trabajadores,No,4,691.0
65,Hombre,Rural,Sierra,Secundaria,7,45.0,23.0,Trabajador independiente,Agropecuario,1 a 10 trabajadores,No,5,155.0
45,Hombre,Urbana,Lima Metropolitana,Superior universitaria,16,25.0,39.0,Empleado,Servicios,Mas de 50 trabajadores,Si,4,6685.0
27,Hombre,Urbana,Lima Metropolitana,Superior no universitaria,14,8.0,58.0,Empleador,Construccion,1 a 10 trabajadores,No,10,4353.0
35,Hombre,Urbana,Costa,Superior universitaria,16,9.0,34.0,Empleado,Construccion,11 a 50 trabajadores,Si,2,5689.0
23,Mujer,Urbana,Costa,Superior universitaria,14,6.0,53.0,Empleado,Comercio,Mas de 50 trabajadores,Si,4,4046.0
46,Hombre,Rural,Sierra,Primaria o menos,2,39.0,47.0,Trabajador independiente,Agropecuario,1 a 10 trabajadores,Si,8,150.0
31,Mujer,Urbana,Costa,Secundaria,11,14.0,49.0,Empleado,Comercio,1 a 10 trabajadores,No,3,1316.0
27,Hombre,Urbana,Lima Metropolitana,Superior no universitaria,13,5.0,56.0,Empleado,Comercio,Mas de 50 trabajadores,Si,5,3323.0
42,Mujer,Urbana,Sierra,Superior universitaria,17,18.0,44.0,Trabajador independiente,"Administracion publica, educacion y salud",1 a 10 trabajadores,No,3,2444.0
55,Hombre,Rural,Selva,Secundaria,7,43.0,9.0,Obrero,Agropecuario,11 a 50 trabajadores,No,4,200.0
58,Mujer,Urbana,Selva,Secundaria,9,42.0,42.0,Trabajador independiente,"Administracion publica, educacion y salud",1 a 10 trabajadores,No,3,1121.0
21,Hombre,Rural,Sierra,Secundaria,8,5.0,50.0,Obrero,Comercio,1 a 10 trabajadores,No,2,490.0
47,Hombre,Urbana,Costa,Secundaria,9,32.0,54.0,Empleado,"Administracion publica, educacion y salud",1 a 10 trabajadores,No,3,982.0
52,Hombre,Urbana,Costa,Superior no universitaria,14,32.0,51.0,Empleado,Construccion,11 a 50 trabajadores,No,2,2871.0
64,Hombre,Rural,Selva,Secundaria,7,45.0,51.0,Trabajador independiente,Servicios,1 a 10 trabajadores,No,7,445.0
57,Mujer,Urbana,Lima Metropolitana,Secundaria,11,40.0,39.0,Trabajador independiente,Servicios,1 a 10 trabajadores,No,2,1065.0
49,Mujer,Urbana,Lima Metropolitana,Superior no universitaria,12,30.0,38.0,Empleado,Servicios,1 a 10 trabajadores,No,2,1533.0
37,Hombre,Rural,Sierra,Primaria o menos,4,24.0,64.0,Obrero,Agropecuario,1 a 10 trabajadores,No,6,245.0
41,Mujer,Urbana,Costa,Secundaria,11,22.0,46.0,Trabajador independiente,Comercio,1 a 10 trabajadores,No,2,1548.0
39,Hombre,Rural,Sierra,Secundaria,10,24.0,57.0,Trabajador independiente,Agropecuario,1 a 10 trabajadores,No,5,411.0
27,Hombre,Urbana,Costa,Superior universitaria,15,3.0,66.0,Empleado,Manufactura,11 a 50 trabajadores,Si,2,4610.0
35,Hombre,Urbana,Sierra,Superior universitaria,16,16.0,27.0,Empleado,Servicios,Mas de 50 trabajadores,Si,4,5892.0
31,Hombre,Urbana,Lima Metropolitana,Secundaria,9,15.0,20.0,Obrero,Servicios,Mas de 50 trabajadores,Si,4,1951.0
38,Mujer,Rural,Costa,Secundaria,8,24.0,49.0,Trabajador independiente,Comercio,1 a 10 trabajadores,No,3,718.0
39,Mujer,Urbana,Sierra,Secundaria,11,22.0,33.0,Empleado,Servicios,Mas de 50 trabajadores,Si,4,2983.0
45,Hombre,Rural,Sierra,Primaria o menos,2,33.0,47.0,Trabajador independiente,Agropecuario,1 a 10 trabajadores,No,2,330.0
47,Hombre,Urbana,Lima Metropolitana,Superior universitaria,15,27.0,57.0,Empleado,Servicios,Mas de 50 trabajadores,Si,5,8341.0
24,Hombre,Rural,Sierra,Primaria o menos,4,13.0,37.0,Trabajador independiente,Agropecuario,1 a 10 trabajadores,No,2,247.0
46,Hombre,Urbana,Costa,Primaria o menos,2,37.0,41.0,Empleado,"Administracion publica, educacion y salud",1 a 10 trabajadores,No,2,687.0
37,Mujer,Urbana,Sierra,Primaria o menos,6,21.0,61.0,Trabajador independiente,Comercio,11 a 50 trabajadores,No,3,523.0
36,Hombre,Rural,Selva,Superior no universitaria,14,17.0,46.0,Trabajador independiente,Agropecuario,1 a 10 trabajadores,No,4,439.0
34,Hombre,Urbana,Lima Metropolitana,Secundaria,8,19.0,52.0,Empleado,Servicios,11 a 50 trabajadores,Si,2,1559.0
32,Hombre,Urbana,Lima Metropolitana,Secundaria,7,18.0,55.0,Trabajador independiente,Servicios,1 a 10 trabajadores,No,7,830.0
28,Hombre,Urbana,Lima Metropolitana,Superior no universitaria,15,7.0,47.0,Obrero,"Administracion publica, educacion y salud",1 a 10 trabajadores,Si,4,2571.0
39,Mujer,Rural,Selva,Secundaria,10,26.0,45.0,Trabajador independiente,Agropecuario,1 a 10 trabajadores,No,5,417.0
27,Mujer,Rural,Sierra,Superior no universitaria,14,9.0,8.0,Empleado,Agropecuario,1 a 10 trabajadores,Si,2,356.0
47,Hombre,Urbana,Lima Metropolitana,Secundaria,9,31.0,54.0,Obrero,"Administracion publica, educacion y salud",1 a 10 trabajadores,No,1,1211.0
27,Mujer,Urbana,Sierra,Superior universitaria,17,1.0,52.0,Empleado,"Administracion publica, educacion y salud",Mas de 50 trabajadores,Si,9,9569.0
50,Hombre,Urbana,Lima Metropolitana,Superior no universitaria,14,29.0,27.0,Trabajador independiente,Comercio,1 a 10 trabajadores,No,5,2443.0
29,Mujer,Urbana,Costa,Superior no universitaria,12,12.0,27.0,Trabajador independiente,Manufactura,1 a 10 trabajadores,No,4,1137.0
36,Hombre,Rural,Sierra,Secundaria,7,22.0,57.0,Trabajador independiente,Servicios,1 a 10 trabajadores,No,6,445.0
19,Mujer,Rural,Sierra,Primaria o menos,2,11.0,45.0,Trabajador independiente,Agropecuario,1 a 10 trabajadores,No,1,271.0
33,Mujer,Urbana,Selva,Secundaria,8,20.0,65.0,Trabajador independiente,"Administracion publica, educacion y salud",11 a 50 trabajadores,No,3,1006.0
48,Hombre,Urbana,Sierra,Secundaria,7,33.0,29.0,Empleado,Comercio,1 a 10 trabajadores,No,5,1142.0
38,Hombre,Urbana,Sierra,Secundaria,11,21.0,48.0,Trabajador independiente,Manufactura,1 a 10 trabajadores,No,3,1338.0
40,Mujer,Rural,Sierra,Secundaria,7,32.0,32.0,Trabajador independiente,Manufactura,1 a 10 trabajadores,No,3,278.0
37,Hombre,Urbana,Lima Metropolitana,Superior universitaria,14,21.0,37.0,Trabajador independiente,Servicios,1 a 10 trabajadores,No,3,2921.0
20,Hombre,Rural,Sierra,Secundaria,8,5.0,34.0,Trabajador independiente,Agropecuario,1 a 10 trabajadores,No,9,217.0
52,Hombre,Rural,Sierra,Secundaria,7,40.0,32.0,Empleado,Comercio,1 a 10 trabajadores,No,7,288.0
33,Hombre,Urbana,Costa,Posgrado,18,10.0,50.0,Empleado,Construccion,1 a 10 trabajadores,No,3,2977.0
35,Hombre,Urbana,Lima Metropolitana,Superior no universitaria,14,13.0,44.0,Obrero,"Administracion publica, educacion y salud",11 a 50 trabajadores,Si,1,3019.0
45,Mujer,Urbana,Sierra,Superior no universitaria,12,28.0,31.0,Obrero,"Administracion publica, educacion y salud",Mas de 50 trabajadores,Si,4,2273.0
54,Hombre,Urbana,Selva,Superior no universitaria,15,35.0,35.0,Obrero,Servicios,Mas de 50 trabajadores,No,3,1542.0
65,Mujer,Rural,Sierra,Secundaria,10,45.0,51.0,Obrero,Agropecuario,11 a 50 trabajadores,No,1,368.0
46,Mujer,Urbana,Lima Metropolitana,Secundaria,7,34.0,38.0,Trabajador independiente,Comercio,1 a 10 trabajadores,No,6,671.0
56,Mujer,Urbana,Sierra,Superior no universitaria,13,38.0,53.0,Empleado,Servicios,11 a 50 trabajadores,Si,4,2002.0
59,Hombre,Urbana,Costa,Superior no universitaria,12,43.0,47.0,Obrero,Comercio,11 a 50 trabajadores,Si,3,3152.0
49,Mujer,Urbana,Lima Metropolitana,Secundaria,8,37.0,45.0,Empleado,Comercio,Mas de 50 trabajadores,No,7,1859.0
65,Mujer,Urbana,Selva,Superior universitaria,14,45.0,49.0,Empleador,Construccion,11 a 50 trabajadores,No,4,4106.0
39,Mujer,Rural,Costa,Secundaria,9,22.0,38.0,Trabajador independiente,Agropecuario,1 a 10 trabajadores,No,5,379.0
28,Mujer,Urbana,Selva,Superior universitaria,16,3.0,37.0,Empleado,Construccion,Mas de 50 trabajadores,Si,7,3542.0
36,Mujer,Rural,Selva,Secundaria,7,23.0,51.0,Trabajador independiente,Agropecuario,1 a 10 trabajadores,No,3,289.0
26,Hombre,Urbana,Lima Metropolitana,Superior universitaria,16,3.0,41.0,Trabajador independiente,Comercio,1 a 10 trabajadores,No,6,1972.0
43,Hombre,Rural,Sierra,Superior universitaria,15,21.0,35.0,Trabajador independiente,Agropecuario,1 a 10 trabajadores,No,7,612.0
38,Hombre,Rural,Sierra,Primaria o menos,4,25.0,17.0,Trabajador independiente,Agropecuario,1 a 10 trabajadores,No,6,150.0
22,Mujer,Urbana,Costa,Primaria o menos,2,13.0,50.0,Obrero,Construccion,1 a 10 trabajadores,No,3,508.0
25,Mujer,Urbana,Costa,Secundaria,10,10.0,42.0,Trabajador independiente,Manufactura,1 a 10 trabajadores,No,6,480.0
23,Hombre,Rural,Selva,Primaria o menos,3,12.0,54.0,Trabajador independiente,Agropecuario,1 a 10 trabajadores,No,5,150.0
31,Hombre,Urbana,Selva,Superior universitaria,17,3.0,42.0,Empleado,Servicios,1 a 10 trabajadores,No,4,2256.0
46,Hombre,Rural,Sierra,Primaria o menos,6,35.0,9.0,Trabajador independiente,Agropecuario,1 a 10 trabajadores,No,5,150.0
30,Mujer,Rural,Costa,Primaria o menos,2,23.0,44.0,Trabajador independiente,Agropecuario,1 a 10 trabajadores,No,4,153.0
27,Mujer,Rural,Sierra,Primaria o menos,6,14.0,34.0,Trabajador independiente,Agropecuario,1 a 10 trabajadores,No,5,150.0
46,Mujer,Rural,Sierra,Primaria o menos,3,35.0,55.0,Obrero,Agropecuario,11 a 50 trabajadores,No,2,379.0
40,Hombre,Urbana,Costa,Secundaria,11,21.0,30.0,Obrero,Construccion,11 a 50 trabajadores,No,2,1596.0
49,Hombre,Urbana,Lima Metropolitana,Superior universitaria,15,28.0,52.0,Empleado,Servicios,Mas de 50 trabajadores,Si,3,11890.0
18,Mujer,Urbana,Lima Metropolitana,Superior no universitaria,13,0.0,58.0,Empleado,Construccion,Mas de 50 trabajadores,No,6,2823.0
32,Hombre,Urbana,Selva,Superior no universitaria,14,10.0,31.0,Empleado,Construccion,Mas de 50 trabajadores,Si,2,2218.0
41,Hombre,Rural,Sierra,Primaria o menos,3,34.0,26.0,Obrero,Servicios,1 a 10 trabajadores,No,5,183.0
35,Mujer,Urbana,Selva,Secundaria,10,15.0,22.0,Trabajador independiente,Comercio,1 a 10 trabajadores,No,5,529.0
36,Hombre,Urbana,Sierra,Superior no universitaria,14,16.0,62.0,Empleado,"Administracion publica, educacion y salud",Mas de 50 trabajadores,Si,6,6538.0
33,Hombre,Rural,Costa,Superior universitaria,15,11.0,36.0,Empleado,Agropecuario,Mas de 50 trabajadores,No,6,1627.0
50,Mujer,Rural,Sierra,Primaria o menos,5,36.0,34.0,Trabajador independiente,"Administracion publica, educacion y salud",1 a 10 trabajadores,No,2,370.0
56,Hombre,Urbana,Costa,Superior no universitaria,14,36.0,48.0,Empleado,Construccion,11 a 50 trabajadores,Si,4,3756.0
65,Mujer,Rural,Sierra,Primaria o menos,5,45.0,26.0,Trabajador independiente,Agropecuario,1 a 10 trabajadores,No,4,150.0
27,Hombre,Rural,Sierra,Superior universitaria,14,5.0,25.0,Empleado,Agropecuario,1 a 10 trabajadores,Si,2,542.0
37,Hombre,Rural,Selva,Superior universitaria,15,19.0,40.0,Empleado,Agropecuario,1 a 10 trabajadores,No,5,1361.0
65,Hombre,Urbana,Lima Metropolitana,Secundaria,11,45.0,49.0,Trabajador independiente,Manufactura,1 a 10 trabajadores,No,3,2450.0
44,Mujer,Urbana,Lima Metropolitana,Secundaria,8,29.0,47.0,Trabajador independiente,Servicios,1 a 10 trabajadores,No,7,912.0
54,Hombre,Urbana,Costa,Superior no universitaria,13,34.0,58.0,Empleado,Manufactura,1 a 10 trabajadores,No,8,1961.0
40,Hombre,Urbana,Sierra,Secundaria,7,28.0,65.0,Empleado,Comercio,1 a 10 trabajadores,No,3,1544.0
58,Hombre,Urbana,Lima Metropolitana,Secundaria,10,42.0,51.0,Empleado,Agropecuario,11 a 50 trabajadores,No,4,1368.0
50,Mujer,Urbana,Costa,Secundaria,8,38.0,35.0,Obrero,Construccion,11 a 50 trabajadores,No,6,676.0
58,Hombre,Urbana,Lima Metropolitana,Secundaria,9,42.0,54.0,Empleado,Construccion,11 a 50 trabajadores,No,7,1572.0
29,Mujer,Urbana,Lima Metropolitana,Secundaria,11,15.0,66.0,Trabajador independiente,Manufactura,1 a 10 trabajadores,No,5,1029.0
43,Hombre,Urbana,Lima Metropolitana,Posgrado,20,18.0,35.0,Trabajador independiente,Servicios,1 a 10 trabajadores,Si,4,8037.0
46,Hombre,Rural,Selva,Posgrado,18,23.0,39.0,Empleado,"Administracion publica, educacion y salud",11 a 50 trabajadores,Si,2,3654.0
38,Hombre,Urbana,Sierra,Superior no universitaria,13,16.0,34.0,Trabajador independiente,Manufactura,1 a 10 trabajadores,No,4,1040.0
31,Hombre,Urbana,Costa,Secundaria,10,12.0,47.0,Empleado,Construccion,11 a 50 trabajadores,No,4,1275.0
43,Mujer,Rural,Sierra,Primaria o menos,2,35.0,28.0,Empleado,Agropecuario,11 a 50 trabajadores,No,4,299.0
31,Hombre,Rural,Sierra,Primaria o menos,5,17.0,36.0,Empleado,Agropecuario,1 a 10 trabajadores,No,2,380.0
20,Hombre,Urbana,Lima Metropolitana,Secundaria,11,1.0,42.0,Trabajador independiente,"Administracion publica, educacion y salud",1 a 10 trabajadores,Si,4,1159.0
51,Hombre,Urbana,Sierra,Superior universitaria,17,27.0,69.0,Empleado,Construccion,11 a 50 trabajadores,Si,7,5552.0
26,Mujer,Rural,Costa,Secundaria,8,12.0,36.0,Trabajador independiente,Agropecuario,1 a 10 trabajadores,No,2,194.0
47,Hombre,Urbana,Sierra,Superior no universitaria,15,26.0,51.0,Empleado,"Administracion publica, educacion y salud",Mas de 50 trabajadores,Si,10,7894.0
55,Mujer,Urbana,Lima Metropolitana,Secundaria,11,38.0,46.0,Trabajador independiente,Servicios,1 a 10 trabajadores,No,3,1259.0
51,Hombre,Rural,Sierra,Primaria o menos,3,41.0,27.0,Trabajador independiente,Agropecuario,1 a 10 trabajadores,No,7,215.0
25,Hombre,Urbana,Lima Metropolitana,Secundaria,11,8.0,69.0,Obrero,Construccion,Mas de 50 trabajadores,No,2,2051.0
31,Hombre,Urbana,Sierra,Secundaria,7,19.0,48.0,Trabajador independiente,Servicios,1 a 10 trabajadores,No,5,780.0
42,Mujer,Rural,Sierra,Secundaria,7,30.0,40.0,Empleado,Manufactura,1 a 10 trabajadores,No,4,381.0
55,Hombre,Rural,Costa,Primaria o menos,4,43.0,25.0,Trabajador independiente,Agropecuario,1 a 10 trabajadores,No,6,163.0
18,Hombre,Urbana,Lima Metropolitana,Superior universitaria,15,0.0,37.0,Empleado,Servicios,Mas de 50 trabajadores,Si,2,4745.0
32,Hombre,Urbana,Lima Metropolitana,Superior universitaria,14,14.0,40.0,Empleado,Servicios,Mas de 50 trabajadores,Si,5,7349.0
33,Hombre,Urbana,Lima Metropolitana,Primaria o menos,3,25.0,58.0,Empleado,Servicios,Mas de 50 trabajadores,Si,2,2122.0
43,Mujer,Urbana,Lima Metropolitana,Posgrado,19,19.0,45.0,Trabajador independiente,Construccion,1 a 10 trabajadores,No,3,5284.0
27,Mujer,Urbana,Costa,Primaria o menos,5,13.0,48.0,Empleado,"Administracion publica, educacion y salud",11 a 50 trabajadores,Si,4,1010.0
18,Mujer,Rural,Selva,Secundaria,10,4.0,31.0,Trabajador independiente,Agropecuario,1 a 10 trabajadores,No,5,227.0
47,Hombre,Urbana,Lima Metropolitana,Secundaria,10,35.0,62.0,Trabajador independiente,Comercio,Mas de 50 trabajadores,Si,1,2386.0
54,Mujer,Urbana,Costa,Superior universitaria,15,31.0,48.0,Trabajador independiente,"Administracion publica, educacion y salud",1 a 10 trabajadores,No,4,1571.0
50,Hombre,Urbana,Sierra,Superior universitaria,14,28.0,71.0,Empleado,Construccion,11 a 50 trabajadores,Si,4,4322.0
36,Hombre,Urbana,Lima Metropolitana,Superior universitaria,15,16.0,40.0,Empleado,Servicios,Mas de 50 trabajadores,Si,3,8648.0
65,Mujer,Urbana,Selva,Secundaria,8,45.0,43.0,Empleado,Comercio,1 a 10 trabajadores,No,3,603.0
50,Mujer,Urbana,Selva,Superior universitaria,15,30.0,,Empleado,Comercio,Mas de 50 trabajadores,Si,3,4660.0
41,Mujer,Urbana,Costa,Secundaria,7,25.0,70.0,Obrero,Comercio,1 a 10 trabajadores,,8,676.0
50,Mujer,Urbana,Costa,Superior no universitaria,15,31.0,48.0,Obrero,Agropecuario,1 a 10 trabajadores,Si,5,1585.0
18,Mujer,Rural,Selva,Primaria o menos,3,11.0,29.0,Trabajador independiente,Agropecuario,1 a 10 trabajadores,No,5,171.0
27,Mujer,Urbana,Lima Metropolitana,Primaria o menos,2,22.0,47.0,Empleado,"Administracion publica, educacion y salud",11 a 50 trabajadores,No,4,861.0
45,Hombre,Rural,Sierra,Primaria o menos,6,32.0,28.0,Trabajador independiente,Manufactura,1 a 10 trabajadores,No,5,405.0
30,Mujer,Urbana,Sierra,Secundaria,9,14.0,43.0,Trabajador independiente,Comercio,1 a 10 trabajadores,No,7,634.0
45,Hombre,Urbana,Selva,Secundaria,9,27.0,57.0,Trabajador independiente,Servicios,1 a 10 trabajadores,No,5,1278.0
39,Mujer,Rural,Sierra,Superior universitaria,17,13.0,42.0,Empleado,Agropecuario,1 a 10 trabajadores,No,5,622.0
50,Mujer,Urbana,Costa,Secundaria,10,34.0,52.0,Empleador,Comercio,1 a 10 trabajadores,No,6,1093.0
33,Hombre,Urbana,Lima Metropolitana,Secundaria,10,16.0,40.0,Empleado,"Administracion publica, educacion y salud",1 a 10 trabajadores,Si,7,2168.0
48,Hombre,Urbana,Lima Metropolitana,Secundaria,8,33.0,38.0,Empleado,"Administracion publica, educacion y salud",1 a 10 trabajadores,No,3,826.0
18,Mujer,Rural,Selva,Primaria o menos,2,12.0,18.0,Trabajador independiente,Agropecuario,1 a 10 trabajadores,Si,3,236.0
48,Hombre,Urbana,Costa,Secundaria,10,28.0,41.0,Empleador,Comercio,11 a 50 trabajadores,Si,2,4000.0
30,Hombre,Rural,Costa,Primaria o menos,6,17.0,51.0,Obrero,Agropecuario,11 a 50 trabajadores,No,2,240.0
36,Mujer,Rural,Selva,Secundaria,10,19.0,24.0,Trabajador independiente,Agropecuario,1 a 10 trabajadores,No,3,203.0
58,Hombre,Rural,Sierra,Secundaria,11,43.0,57.0,Trabajador independiente,Servicios,1 a 10 trabajadores,No,10,582.0
26,Mujer,Rural,Costa,Secundaria,9,11.0,66.0,Trabajador independiente,"Administracion publica, educacion y salud",11 a 50 trabajadores,No,4,734.0
62,Mujer,Rural,Sierra,Secundaria,11,44.0,23.0,Trabajador independiente,Agropecuario,1 a 10 trabajadores,No,2,228.0
47,Mujer,Urbana,Lima Metropolitana,Superior universitaria,16,23.0,35.0,Trabajador independiente,Servicios,1 a 10 trabajadores,No,4,2765.0
38,Hombre,Urbana,Lima Metropolitana,Superior no universitaria,13,25.0,52.0,Empleador,Agropecuario,1 a 10 trabajadores,No,7,3963.0
42,Hombre,Urbana,Lima Metropolitana,Superior universitaria,15,22.0,38.0,Empleado,Servicios,1 a 10 trabajadores,No,6,3666.0
36,Mujer,Urbana,Selva,Superior no universitaria,14,12.0,28.0,Empleado,"Administracion publica, educacion y salud",Mas de 50 trabajadores,Si,5,3081.0
49,Hombre,Urbana,Sierra,Superior universitaria,16,26.0,53.0,Trabajador independiente,Comercio,1 a 10 trabajadores,No,6,1709.0
33,Hombre,Urbana,Sierra,Secundaria,11,19.0,28.0,Trabajador independiente,Manufactura,1 a 10 trabajadores,No,5,1751.0
27,Hombre,Urbana,Costa,Superior no universitaria,12,8.0,42.0,Trabajador independiente,"Administracion publica, educacion y salud",1 a 10 trabajadores,No,5,1530.0
46,Hombre,Urbana,Sierra,Superior universitaria,14,27.0,56.0,Empleado,"Administracion publica, educacion y salud",11 a 50 trabajadores,Si,4,3206.0
53,Mujer,Urbana,Costa,Superior no universitaria,12,31.0,56.0,Empleado,Servicios,1 a 10 trabajadores,No,3,1521.0
33,Hombre,Urbana,Costa,Superior no universitaria,12,15.0,50.0,Empleado,Manufactura,Mas de 50 trabajadores,Si,4,2381.0
57,Mujer,Urbana,Lima Metropolitana,Primaria o menos,3,45.0,48.0,Obrero,Servicios,11 a 50 trabajadores,No,4,678.0
44,Hombre,Rural,Selva,Secundaria,10,27.0,20.0,Trabajador independiente,Agropecuario,1 a 10 trabajadores,No,5,391.0
25,Mujer,Urbana,Costa,Superior no universitaria,14,1.0,63.0,Trabajador independiente,Comercio,1 a 10 trabajadores,No,6,1152.0
58,Mujer,Rural,Costa,Primaria o menos,4,45.0,29.0,Trabajador independiente,Agropecuario,1 a 10 trabajadores,No,4,194.0
37,Mujer,Urbana,Costa,Superior universitaria,16,15.0,29.0,Empleado,Comercio,11 a 50 trabajadores,Si,9,2060.0
41,Mujer,Urbana,Costa,Secundaria,10,23.0,41.0,Empleador,Comercio,11 a 50 trabajadores,No,3,2433.0
24,Hombre,Urbana,Selva,Superior no universitaria,13,4.0,33.0,Empleado,Construccion,1 a 10 trabajadores,No,7,1736.0
35,Hombre,Urbana,Selva,Superior no universitaria,13,15.0,38.0,Obrero,Servicios,1 a 10 trabajadores,Si,4,1170.0
45,Hombre,Urbana,Costa,Superior no universitaria,14,24.0,44.0,Empleado,Construccion,Mas de 50 trabajadores,Si,5,3943.0
43,Hombre,Rural,Costa,Primaria o menos,4,34.0,44.0,Trabajador independiente,"Administracion publica, educacion y salud",1 a 10 trabajadores,No,4,461.0
39,Mujer,Urbana,Lima Metropolitana,Superior no universitaria,14,19.0,41.0,Empleado,Servicios,1 a 10 trabajadores,No,4,2350.0
40,Mujer,Urbana,Costa,Superior universitaria,14,19.0,27.0,Trabajador independiente,Servicios,1 a 10 trabajadores,No,5,1281.0
39,Mujer,Rural,Sierra,Secundaria,8,28.0,49.0,Empleado,Agropecuario,11 a 50 trabajadores,No,2,465.0
40,Mujer,Urbana,Lima Metropolitana,Secundaria,8,27.0,46.0,Empleado,Comercio,11 a 50 trabajadores,No,4,1603.0
38,Mujer,Urbana,Costa,Superior no universitaria,13,21.0,47.0,Obrero,Servicios,11 a 50 trabajadores,Si,3,1268.0
42,Hombre,Rural,Sierra,Primaria o menos,2,34.0,53.0,Trabajador independiente,Servicios,1 a 10 trabajadores,No,4,329.0
38,Mujer,Urbana,Lima Metropolitana,Secundaria,7,24.0,49.0,Obrero,Construccion,1 a 10 trabajadores,No,3,1581.0
31,Hombre,Urbana,Lima Metropolitana,Primaria o menos,6,19.0,34.0,Trabajador independiente,Comercio,1 a 10 trabajadores,No,5,760.0
43,Mujer,Urbana,Sierra,Primaria o menos,2,36.0,51.0,Empleado,Manufactura,Mas de 50 trabajadores,Si,6,691.0
37,Mujer,Rural,Costa,Primaria o menos,6,27.0,12.0,Obrero,Agropecuario,11 a 50 trabajadores,Si,4,249.0
29,Hombre,Rural,Sierra,Primaria o menos,6,18.0,41.0,Trabajador independiente,Agropecuario,1 a 10 trabajadores,No,5,188.0
54,Mujer,Rural,Selva,Primaria o menos,2,45.0,42.0,Obrero,Agropecuario,11 a 50 trabajadores,No,4,281.0
32,Mujer,Rural,Sierra,Secundaria,7,20.0,24.0,Trabajador independiente,Agropecuario,1 a 10 trabajadores,No,3,197.0
37,Mujer,Rural,Sierra,Primaria o menos,4,29.0,49.0,Obrero,Agropecuario,1 a 10 trabajadores,No,1,150.0
36,Mujer,Rural,Selva,Secundaria,9,18.0,32.0,Trabajador independiente,Agropecuario,1 a 10 trabajadores,No,3,289.0
35,Mujer,Urbana,Costa,Superior no universitaria,14,17.0,49.0,Trabajador independiente,Servicios,11 a 50 trabajadores,No,3,2323.0
42,Hombre,Urbana,Costa,Superior universitaria,15,26.0,48.0,Empleado,"Administracion publica, educacion y salud",1 a 10 trabajadores,Si,5,4722.0
49,Mujer,Rural,Costa,Secundaria,10,29.0,39.0,Trabajador independiente,"Administracion publica, educacion y salud",1 a 10 trabajadores,No,3,560.0
36,Mujer,Urbana,Costa,Superior universitaria,17,11.0,,Empleado,Manufactura,Mas de 50 trabajadores,Si,8,4707.0
30,Mujer,Urbana,Lima Metropolitana,Secundaria,11,13.0,63.0,Trabajador independiente,Servicios,1 a 10 trabajadores,No,8,784.0
30,Mujer,Rural,Sierra,Secundaria,10,10.0,8.0,Trabajador independiente,Manufactura,Mas de 50 trabajadores,No,3,270.0
30,Mujer,Urbana,Sierra,Secundaria,7,17.0,24.0,Trabajador independiente,Construccion,1 a 10 trabajadores,No,4,296.0
30,Mujer,Urbana,Lima Metropolitana,Secundaria,10,,39.0,Empleado,Comercio,1 a 10 trabajadores,Si,2,1260.0
57,Hombre,Rural,Selva,Superior universitaria,15,35.0,30.0,Empleado,Servicios,Mas de 50 trabajadores,No,6,1317.0
42,Hombre,Urbana,Costa,Secundaria,11,23.0,44.0,Trabajador independiente,"Administracion publica, educacion y salud",1 a 10 trabajadores,No,8,1684.0
26,Hombre,Urbana,Lima Metropolitana,Superior no universitaria,13,5.0,30.0,Empleado,"Administracion publica, educacion y salud",Mas de 50 trabajadores,Si,3,4304.0
49,Hombre,Urbana,Sierra,Superior no universitaria,15,28.0,56.0,Trabajador independiente,Comercio,11 a 50 trabajadores,No,5,1599.0
40,Mujer,Urbana,Selva,Secundaria,11,19.0,54.0,Obrero,Servicios,1 a 10 trabajadores,No,5,660.0
53,Mujer,Urbana,Lima Metropolitana,Superior universitaria,15,32.0,40.0,Empleado,Servicios,Mas de 50 trabajadores,Si,2,5088.0
47,Hombre,Urbana,Lima Metropolitana,Secundaria,7,35.0,27.0,Empleado,Servicios,1 a 10 trabajadores,No,2,577.0
42,Hombre,Urbana,Selva,Secundaria,8,28.0,46.0,Obrero,Manufactura,11 a 50 trabajadores,No,6,384.0
31,Mujer,Rural,Selva,Primaria o menos,3,24.0,47.0,Empleado,Agropecuario,1 a 10 trabajadores,No,8,296.0
55,Hombre,Rural,Sierra,Primaria o menos,2,43.0,40.0,Trabajador independiente,Manufactura,1 a 10 trabajadores,No,3,285.0
36,Hombre,Urbana,Selva,Superior universitaria,14,15.0,24.0,Empleador,"Administracion publica, educacion y salud",1 a 10 trabajadores,Si,7,3793.0
32,Hombre,Urbana,Sierra,Secundaria,8,18.0,37.0,Empleado,Manufactura,1 a 10 trabajadores,No,2,966.0
19,Mujer,Rural,Costa,Secundaria,10,4.0,24.0,Obrero,Agropecuario,11 a 50 trabajadores,No,9,320.0
34,Mujer,Urbana,Lima Metropolitana,Superior universitaria,14,13.0,51.0,Empleado,Comercio,1 a 10 trabajadores,Si,3,1994.0
29,Hombre,Urbana,Lima Metropolitana,Superior universitaria,17,8.0,47.0,Empleado,Manufactura,Mas de 50 trabajadores,Si,7,7323.0
41,Hombre,Rural,Selva,Secundaria,8,27.0,40.0,Trabajador independiente,Agropecuario,1 a 10 trabajadores,No,5,247.0
23,Mujer,Rural,Sierra,Superior no universitaria,12,3.0,18.0,Empleado,Agropecuario,1 a 10 trabajadores,No,5,220.0
46,Hombre,Rural,Selva,Primaria o menos,3,38.0,30.0,Empleado,Agropecuario,1 a 10 trabajadores,No,5,209.0
39,Hombre,Urbana,Sierra,Primaria o menos,3,30.0,71.0,Trabajador independiente,Manufactura,1 a 10 trabajadores,No,3,455.0
29,Mujer,Urbana,Sierra,Superior no universitaria,12,12.0,46.0,Empleado,Agropecuario,1 a 10 trabajadores,No,5,1257.0
39,Hombre,Urbana,Lima Metropolitana,Secundaria,10,22.0,15.0,Trabajador independiente,Servicios,1 a 10 trabajadores,No,6,524.0
26,Hombre,Urbana,Costa,Superior universitaria,17,2.0,59.0,Empleado,"Administracion publica, educacion y salud",1 a 10 trabajadores,Si,2,8542.0
39,Hombre,Urbana,Costa,Superior no universitaria,12,21.0,54.0,Empleado,Manufactura,11 a 50 trabajadores,No,3,2774.0
31,Hombre,Urbana,Costa,Primaria o menos,6,17.0,58.0,Empleado,Construccion,Mas de 50 trabajadores,Si,4,1693.0
51,Hombre,Rural,Costa,Primaria o menos,5,40.0,37.0,Trabajador independiente,Agropecuario,1 a 10 trabajadores,No,10,261.0
29,Hombre,Urbana,Costa,Superior no universitaria,14,9.0,50.0,Empleado,Comercio,1 a 10 trabajadores,Si,4,2737.0
45,Hombre,Urbana,Costa,Superior no universitaria,13,25.0,42.0,Trabajador independiente,Construccion,1 a 10 trabajadores,No,6,1539.0
21,Hombre,Rural,Sierra,Secundaria,9,7.0,53.0,Trabajador independiente,Agropecuario,1 a 10 trabajadores,No,1,192.0
25,Mujer,Urbana,Costa,Secundaria,8,11.0,46.0,Empleado,Construccion,Mas de 50 trabajadores,Si,4,1415.0
18,Hombre,Urbana,Costa,Superior universitaria,16,0.0,25.0,Empleado,Servicios,Mas de 50 trabajadores,Si,4,2606.0
51,Mujer,Rural,Selva,Primaria o menos,4,44.0,32.0,Obrero,Agropecuario,1 a 10 trabajadores,No,6,313.0
33,Mujer,Urbana,Lima Metropolitana,Superior no universitaria,15,11.0,52.0,Trabajador independiente,"Administracion publica, educacion y salud",1 a 10 trabajadores,No,3,2357.0
35,Mujer,Rural,Sierra,Superior universitaria,16,11.0,40.0,Empleado,Agropecuario,1 a 10 trabajadores,No,3,959.0
32,Mujer,Urbana,Costa,Secundaria,10,17.0,43.0,Obrero,Comercio,1 a 10 trabajadores,No,3,618.0
33,Hombre,Urbana,Sierra,Superior universitaria,17,9.0,47.0,Empleado,Servicios,Mas de 50 trabajadores,Si,2,5497.0
35,Hombre,Urbana,Costa,Superior universitaria,17,11.0,51.0,Empleado,Servicios,Mas de 50 trabajadores,Si,3,4426.0
47,Hombre,Urbana,Sierra,Superior no universitaria,12,27.0,42.0,Trabajador independiente,Comercio,1 a 10 trabajadores,Si,8,1854.0
36,Mujer,Rural,Selva,Superior no universitaria,15,15.0,42.0,Trabajador independiente,Manufactura,1 a 10 trabajadores,No,4,460.0
49,Mujer,Rural,Costa,Primaria o menos,4,37.0,67.0,Trabajador independiente,Agropecuario,1 a 10 trabajadores,No,7,269.0
45,Hombre,Rural,Selva,Secundaria,11,30.0,32.0,Trabajador independiente,Agropecuario,1 a 10 trabajadores,No,4,193.0
46,Hombre,Urbana,Costa,Superior no universitaria,14,26.0,51.0,Empleado,Servicios,1 a 10 trabajadores,No,4,2266.0
41,Hombre,Rural,Sierra,Secundaria,9,25.0,42.0,Empleado,Agropecuario,1 a 10 trabajadores,No,2,614.0
29,Hombre,Rural,Sierra,Secundaria,11,13.0,43.0,Trabajador independiente,Agropecuario,1 a 10 trabajadores,No,3,219.0
46,Mujer,Urbana,Costa,Superior universitaria,14,28.0,58.0,Empleado,Manufactura,1 a 10 trabajadores,Si,6,3011.0
36,Mujer,Urbana,Lima Metropolitana,Secundaria,10,20.0,47.0,Trabajador independiente,Servicios,1 a 10 trabajadores,No,5,1281.0
32,Hombre,Urbana,Lima Metropolitana,Superior universitaria,17,9.0,23.0,Empleado,"Administracion publica, educacion y salud",Mas de 50 trabajadores,Si,8,4789.0
46,Mujer,Rural,Selva,Primaria o menos,2,38.0,53.0,Trabajador independiente,Manufactura,1 a 10 trabajadores,No,5,212.0
46,Hombre,Rural,Costa,Primaria o menos,2,37.0,29.0,Empleado,Agropecuario,1 a 10 trabajadores,No,4,172.0
54,Hombre,Urbana,Costa,Secundaria,10,41.0,35.0,Trabajador independiente,"Administracion publica, educacion y salud",1 a 10 trabajadores,No,2,1305.0
32,Mujer,Rural,Sierra,Secundaria,8,16.0,55.0,Empleador,Comercio,1 a 10 trabajadores,Si,4,867.0
40,Hombre,Urbana,Sierra,Superior universitaria,16,13.0,35.0,Obrero,Servicios,11 a 50 trabajadores,No,1,1693.0
36,Hombre,Urbana,Costa,Secundaria,11,22.0,42.0,Empleado,Comercio,11 a 50 trabajadores,Si,4,2695.0
22,Mujer,Urbana,Costa,Secundaria,10,9.0,50.0,Obrero,Comercio,1 a 10 trabajadores,Si,5,1411.0
51,Hombre,Rural,Sierra,Primaria o menos,6,38.0,33.0,Trabajador independiente,Construccion,1 a 10 trabajadores,No,6,288.0
36,Hombre,Urbana,Lima Metropolitana,Superior universitaria,16,19.0,40.0,Empleado,Servicios,1 a 10 trabajadores,No,3,3208.0
48,Hombre,Urbana,Lima Metropolitana,Secundaria,10,34.0,47.0,Trabajador independiente,"Administracion publica, educacion y salud",1 a 10 trabajadores,No,5,2970.0
33,Mujer,Urbana,Lima Metropolitana,Superior no universitaria,13,12.0,45.0,Obrero,Manufactura,1 a 10 trabajadores,No,6,1355.0
59,Mujer,Urbana,Lima Metropolitana,Superior universitaria,16,36.0,41.0,Empleado,Comercio,Mas de 50 trabajadores,Si,6,8698.0
36,Hombre,Rural,Sierra,Secundaria,10,22.0,56.0,Trabajador independiente,Agropecuario,1 a 10 trabajadores,No,4,338.0
43,Mujer,Urbana,Lima Metropolitana,Superior no universitaria,14,,31.0,Empleado,"Administracion publica, educacion y salud",11 a 50 trabajadores,Si,2,2661.0
25,Mujer,Rural,Costa,Secundaria,11,8.0,12.0,Trabajador independiente,Servicios,1 a 10 trabajadores,No,5,219.0
48,Hombre,Urbana,Costa,Secundaria,7,36.0,60.0,Trabajador independiente,Construccion,1 a 10 trabajadores,No,3,585.0
45,Mujer,Urbana,Lima Metropolitana,Superior universitaria,16,25.0,48.0,Empleado,Servicios,11 a 50 trabajadores,Si,5,6089.0
31,Hombre,Urbana,Lima Metropolitana,Secundaria,11,14.0,35.0,Trabajador independiente,Manufactura,1 a 10 trabajadores,No,5,930.0
33,Hombre,Urbana,Lima Metropolitana,Superior universitaria,15,15.0,63.0,Empleado,Servicios,1 a 10 trabajadores,Si,4,5657.0
45,Hombre,Urbana,Costa,Superior no universitaria,12,26.0,29.0,Empleado,Comercio,1 a 10 trabajadores,No,1,1123.0
18,Mujer,Rural,Sierra,Secundaria,8,5.0,54.0,Obrero,Manufactura,11 a 50 trabajadores,No,7,342.0
36,Hombre,Urbana,Costa,Secundaria,10,22.0,40.0,Empleado,"Administracion publica, educacion y salud",1 a 10 trabajadores,Si,2,1705.0
51,Mujer,Urbana,Sierra,Primaria o menos,4,40.0,56.0,Trabajador independiente,Servicios,1 a 10 trabajadores,No,6,268.0
31,Mujer,Urbana,Lima Metropolitana,Superior no universitaria,12,10.0,36.0,Empleador,Agropecuario,1 a 10 trabajadores,No,2,1480.0
18,Hombre,Urbana,Lima Metropolitana,Secundaria,8,7.0,33.0,Empleado,Manufactura,1 a 10 trabajadores,No,6,738.0
44,Hombre,Urbana,Costa,Superior universitaria,17,19.0,38.0,Empleado,Comercio,1 a 10 trabajadores,No,5,2520.0
45,Hombre,Urbana,Sierra,Secundaria,11,31.0,36.0,Trabajador independiente,"Administracion publica, educacion y salud",1 a 10 trabajadores,No,4,1865.0
40,Mujer,Urbana,Lima Metropolitana,Superior universitaria,16,17.0,23.0,Trabajador independiente,"Administracion publica, educacion y salud",1 a 10 trabajadores,No,3,3417.0
47,Mujer,Urbana,Lima Metropolitana,Secundaria,10,30.0,36.0,Empleado,Servicios,1 a 10 trabajadores,No,5,3432.0
35,Hombre,Rural,Sierra,Primaria o menos,4,27.0,52.0,Trabajador independiente,Agropecuario,11 a 50 trabajadores,No,6,219.0
53,Mujer,Urbana,Costa,Secundaria,7,42.0,62.0,Empleado,Comercio,1 a 10 trabajadores,No,7,766.0
59,Mujer,Urbana,Lima Metropolitana,Superior no universitaria,14,36.0,65.0,Trabajador independiente,Servicios,1 a 10 trabajadores,No,4,1973.0
50,Hombre,Rural,Sierra,Secundaria,8,34.0,31.0,Trabajador independiente,Agropecuario,1 a 10 trabajadores,No,5,199.0
33,Mujer,Urbana,Costa,Secundaria,9,17.0,64.0,Empleado,Comercio,Mas de 50 trabajadores,No,2,1690.0
49,Mujer,Urbana,Selva,Secundaria,7,38.0,34.0,Trabajador independiente,"Administracion publica, educacion y salud",1 a 10 trabajadores,No,5,877.0
29,Mujer,Rural,Sierra,Secundaria,10,15.0,49.0,Trabajador independiente,"Administracion publica, educacion y salud",1 a 10 trabajadores,No,4,829.0
38,Hombre,Urbana,Sierra,Primaria o menos,3,29.0,60.0,Empleado,"Administracion publica, educacion y salud",11 a 50 trabajadores,Si,3,806.0
42,Hombre,Urbana,Lima Metropolitana,Secundaria,7,28.0,25.0,Empleador,"Administracion publica, educacion y salud",1 a 10 trabajadores,No,4,1425.0
45,Hombre,Urbana,Lima Metropolitana,Secundaria,8,28.0,,Empleado,Manufactura,Mas de 50 trabajadores,No,2,2190.0
52,Hombre,Urbana,Costa,Secundaria,10,33.0,53.0,Empleado,Servicios,11 a 50 trabajadores,Si,3,2393.0
35,Mujer,Rural,Sierra,Primaria o menos,4,28.0,41.0,Trabajador independiente,Agropecuario,1 a 10 trabajadores,No,5,150.0
41,Mujer,Urbana,Costa,Primaria o menos,5,27.0,37.0,Obrero,"Administracion publica, educacion y salud",1 a 10 trabajadores,No,5,947.0
42,Hombre,Urbana,Lima Metropolitana,Superior no universitaria,15,21.0,52.0,Empleado,Servicios,1 a 10 trabajadores,Si,4,2456.0
49,Mujer,Urbana,Sierra,Superior no universitaria,14,27.0,42.0,Empleado,Manufactura,Mas de 50 trabajadores,Si,3,2534.0
25,Hombre,Urbana,Lima Metropolitana,Superior no universitaria,15,6.0,36.0,Empleado,Servicios,Mas de 50 trabajadores,Si,5,2325.0
23,Hombre,Urbana,Lima Metropolitana,Superior universitaria,14,1.0,36.0,Empleado,Servicios,11 a 50 trabajadores,No,5,2350.0
50,Mujer,Urbana,Sierra,Superior no universitaria,12,30.0,15.0,Empleado,Servicios,1 a 10 trabajadores,No,3,750.0
39,Hombre,Urbana,Lima Metropolitana,Superior no universitaria,13,19.0,38.0,Trabajador independiente,Servicios,1 a 10 trabajadores,No,3,1910.0
37,Mujer,Urbana,Costa,Secundaria,11,18.0,55.0,Empleado,Comercio,Mas de 50 trabajadores,Si,4,2463.0
35,Hombre,Urbana,Costa,Superior no universitaria,14,17.0,38.0,Empleado,Construccion,11 a 50 trabajadores,No,6,2041.0
48,Mujer,Rural,Sierra,Superior no universitaria,15,24.0,38.0,Empleado,Agropecuario,1 a 10 trabajadores,No,6,818.0
35,Mujer,Urbana,Selva,Secundaria,9,18.0,68.0,Trabajador independiente,Manufactura,1 a 10 trabajadores,No,6,1437.0
52,Mujer,Urbana,Sierra,Superior universitaria,14,31.0,35.0,Empleado,Comercio,11 a 50 trabajadores,No,5,2024.0
43,Mujer,Urbana,Lima Metropolitana,Superior universitaria,15,20.0,51.0,Empleado,Comercio,1 a 10 trabajadores,Si,2,3225.0
31,Mujer,Rural,Sierra,Secundaria,7,16.0,31.0,Trabajador independiente,Comercio,Mas de 50 trabajadores,No,2,447.0
41,Mujer,Urbana,Lima Metropolitana,Secundaria,9,28.0,46.0,Trabajador independiente,Servicios,1 a 10 trabajadores,Si,2,1123.0
48,Hombre,Urbana,Costa,Secundaria,7,36.0,63.0,Trabajador independiente,Servicios,1 a 10 trabajadores,No,3,688.0
39,Hombre,Urbana,Costa,Secundaria,11,20.0,27.0,Obrero,"Administracion publica, educacion y salud",11 a 50 trabajadores,No,5,2332.0
34,Hombre,Urbana,Sierra,Secundaria,7,19.0,57.0,Trabajador independiente,Servicios,1 a 10 trabajadores,No,2,849.0
52,Hombre,Urbana,Costa,Superior universitaria,15,33.0,62.0,Empleado,Comercio,1 a 10 trabajadores,Si,3,3513.0
53,Mujer,Urbana,Costa,Secundaria,11,36.0,37.0,Trabajador independiente,Comercio,1 a 10 trabajadores,No,3,1095.0
18,Mujer,Rural,Sierra,Secundaria,10,3.0,47.0,Empleado,Comercio,1 a 10 trabajadores,Si,3,384.0
24,Hombre,Urbana,Sierra,Superior no universitaria,14,4.0,37.0,Trabajador independiente,Agropecuario,1 a 10 trabajadores,No,5,747.0
47,Hombre,Urbana,Lima Metropolitana,Secundaria,9,33.0,63.0,Trabajador independiente,Manufactura,1 a 10 trabajadores,No,5,1293.0
51,Mujer,Urbana,Lima Metropolitana,Superior universitaria,17,25.0,39.0,Empleado,Manufactura,1 a 10 trabajadores,No,6,2562.0
18,Mujer,Urbana,Selva,Superior universitaria,14,0.0,53.0,Empleado,Servicios,11 a 50 trabajadores,Si,5,2116.0
25,Mujer,Rural,Sierra,Primaria o menos,4,13.0,33.0,Trabajador independiente,Manufactura,1 a 10 trabajadores,No,3,203.0
37,Mujer,Rural,Selva,Superior no universitaria,13,19.0,29.0,Obrero,Agropecuario,1 a 10 trabajadores,No,5,288.0
32,Mujer,Urbana,Sierra,Superior universitaria,16,9.0,49.0,Empleado,"Administracion publica, educacion y salud",11 a 50 trabajadores,Si,3,3372.0
41,Mujer,Urbana,Lima Metropolitana,Superior universitaria,16,18.0,35.0,Empleado,Servicios,1 a 10 trabajadores,No,3,6522.0
45,Mujer,Urbana,Sierra,Superior universitaria,17,21.0,44.0,Trabajador independiente,Comercio,1 a 10 trabajadores,No,2,3733.0
27,Hombre,Urbana,Lima Metropolitana,Superior no universitaria,15,6.0,24.0,Obrero,Agropecuario,Mas de 50 trabajadores,No,3,1750.0
23,Hombre,Urbana,Lima Metropolitana,Secundaria,9,8.0,64.0,Trabajador independiente,"Administracion publica, educacion y salud",1 a 10 trabajadores,No,1,1067.0
35,Hombre,Urbana,Costa,Secundaria,7,22.0,24.0,Empleador,Comercio,1 a 10 trabajadores,Si,4,710.0
21,Mujer,Urbana,Lima Metropolitana,Superior universitaria,17,0.0,30.0,Obrero,Servicios,1 a 10 trabajadores,No,2,2580.0
49,Mujer,Urbana,Selva,Primaria o menos,3,39.0,49.0,Obrero,Comercio,11 a 50 trabajadores,No,2,340.0
44,Hombre,Urbana,Lima Metropolitana,Superior universitaria,14,28.0,38.0,Empleado,Manufactura,Mas de 50 trabajadores,Si,2,7805.0
42,Hombre,Rural,Sierra,Primaria o menos,4,35.0,51.0,Trabajador independiente,Servicios,1 a 10 trabajadores,Si,1,291.0
40,Mujer,Urbana,Costa,Superior universitaria,17,14.0,39.0,Trabajador independiente,"Administracion publica, educacion y salud",1 a 10 trabajadores,Si,4,3154.0
42,Hombre,Rural,Sierra,Primaria o menos,3,32.0,55.0,Empleado,Agropecuario,11 a 50 trabajadores,Si,4,399.0
40,Hombre,Rural,Selva,Primaria o menos,6,28.0,24.0,Trabajador independiente,Agropecuario,1 a 10 trabajadores,No,4,341.0
23,Hombre,Urbana,Lima Metropolitana,Superior no universitaria,14,3.0,42.0,Trabajador independiente,Manufactura,1 a 10 trabajadores,No,2,1247.0
32,Mujer,Urbana,Lima Metropolitana,Superior no universitaria,12,14.0,63.0,Empleado,Manufactura,11 a 50 trabajadores,No,5,869.0
51,Hombre,Rural,Selva,Primaria o menos,5,43.0,33.0,Trabajador independiente,Agropecuario,1 a 10 trabajadores,No,5,348.0
58,Hombre,Urbana,Lima Metropolitana,Superior no universitaria,15,39.0,50.0,Trabajador independiente,Construccion,1 a 10 trabajadores,No,4,3529.0
39,Hombre,Rural,Costa,Secundaria,9,26.0,42.0,Obrero,Servicios,Mas de 50 trabajadores,No,1,1056.0
48,Hombre,Urbana,Lima Metropolitana,Primaria o menos,4,39.0,47.0,Trabajador independiente,Comercio,1 a 10 trabajadores,No,9,527.0
57,Hombre,Urbana,Selva,Superior universitaria,16,34.0,31.0,Empleado,Comercio,1 a 10 trabajadores,Si,5,2208.0
43,Hombre,Urbana,Lima Metropolitana,Secundaria,9,27.0,49.0,Trabajador independiente,Construccion,1 a 10 trabajadores,No,3,790.0
52,Hombre,Rural,Sierra,Primaria o menos,4,43.0,,Trabajador independiente,Agropecuario,1 a 10 trabajadores,No,3,180.0
37,Mujer,Urbana,Selva,Secundaria,10,23.0,60.0,Trabajador independiente,"Administracion publica, educacion y salud",11 a 50 trabajadores,No,5,920.0
41,Mujer,Rural,Sierra,Secundaria,9,27.0,58.0,Trabajador independiente,Agropecuario,1 a 10 trabajadores,No,5,293.0
18,Hombre,Urbana,Lima Metropolitana,Superior universitaria,17,0.0,34.0,Empleado,Comercio,11 a 50 trabajadores,No,4,3156.0
47,Mujer,Rural,Selva,Secundaria,7,34.0,33.0,Trabajador independiente,Agropecuario,1 a 10 trabajadores,No,3,266.0
29,Hombre,Urbana,Costa,Superior universitaria,15,7.0,,Trabajador independiente,Servicios,1 a 10 trabajadores,No,2,954.0
49,Mujer,Urbana,Lima Metropolitana,Primaria o menos,3,40.0,41.0,Trabajador independiente,"Administracion publica, educacion y salud",1 a 10 trabajadores,No,7,721.0
41,Mujer,Rural,Costa,Secundaria,10,26.0,32.0,Trabajador independiente,Servicios,1 a 10 trabajadores,No,3,642.0
42,Hombre,Urbana,Selva,Secundaria,8,24.0,,Empleado,Servicios,Mas de 50 trabajadores,Si,3,1218.0
57,Hombre,Urbana,Selva,Superior universitaria,17,36.0,36.0,Empleador,Agropecuario,11 a 50 trabajadores,Si,2,6581.0
18,Mujer,Urbana,Lima Metropolitana,Secundaria,9,3.0,50.0,Empleado,"Administracion publica, educacion y salud",Mas de 50 trabajadores,Si,5,1813.0
46,Mujer,Urbana,Sierra,Superior universitaria,15,22.0,62.0,Trabajador independiente,Servicios,1 a 10 trabajadores,No,5,1969.0
41,Hombre,Rural,Costa,Secundaria,11,22.0,40.0,Trabajador independiente,Agropecuario,1 a 10 trabajadores,No,5,277.0
51,Hombre,Urbana,Costa,Secundaria,11,38.0,33.0,Trabajador independiente,Comercio,1 a 10 trabajadores,No,7,1025.0
34,Hombre,Rural,Sierra,Secundaria,11,15.0,38.0,Trabajador independiente,Agropecuario,1 a 10 trabajadores,No,7,222.0
36,Hombre,Urbana,Lima Metropolitana,Secundaria,11,22.0,32.0,Obrero,Construccion,Mas de 50 trabajadores,No,4,1599.0
35,Hombre,Urbana,Costa,Primaria o menos,2,29.0,44.0,Empleado,Comercio,Mas de 50 trabajadores,Si,4,1736.0
50,Mujer,Rural,Sierra,Secundaria,7,36.0,33.0,Obrero,Agropecuario,11 a 50 trabajadores,No,3,350.0
49,Hombre,Rural,Sierra,Primaria o menos,5,37.0,24.0,Obrero,Agropecuario,1 a 10 trabajadores,No,4,237.0
38,Hombre,Urbana,Lima Metropolitana,Secundaria,7,24.0,58.0,Empleado,Servicios,1 a 10 trabajadores,No,6,1742.0
40,Mujer,Urbana,Lima Metropolitana,Superior universitaria,16,19.0,24.0,Empleado,Servicios,1 a 10 trabajadores,Si,3,5148.0
54,Mujer,Urbana,Lima Metropolitana,Superior universitaria,15,32.0,47.0,Trabajador independiente,"Administracion publica, educacion y salud",1 a 10 trabajadores,No,2,4752.0
62,Hombre,Urbana,Lima Metropolitana,Superior no universitaria,15,39.0,48.0,Empleador,Servicios,1 a 10 trabajadores,No,10,1773.0
34,Mujer,Urbana,Lima Metropolitana,Superior no universitaria,13,14.0,,Empleado,Servicios,11 a 50 trabajadores,No,2,1453.0
31,Hombre,Urbana,Sierra,Secundaria,10,13.0,47.0,Empleado,Servicios,Mas de 50 trabajadores,Si,6,2749.0
29,Hombre,Urbana,Lima Metropolitana,Secundaria,9,17.0,47.0,Empleado,"Administracion publica, educacion y salud",Mas de 50 trabajadores,Si,3,3447.0
48,Hombre,Urbana,Sierra,Superior no universitaria,12,29.0,36.0,Empleado,"Administracion publica, educacion y salud",Mas de 50 trabajadores,Si,6,3624.0
18,Hombre,Urbana,Lima Metropolitana,Superior universitaria,16,0.0,61.0,Empleado,"Administracion publica, educacion y salud",Mas de 50 trabajadores,Si,3,5642.0
23,Mujer,Rural,Sierra,Secundaria,10,6.0,47.0,Trabajador independiente,Agropecuario,1 a 10 trabajadores,No,4,171.0
37,Hombre,Urbana,Lima Metropolitana,Secundaria,7,29.0,43.0,Empleado,Manufactura,1 a 10 trabajadores,No,5,1061.0
43,Mujer,Urbana,Costa,Superior universitaria,14,24.0,50.0,Trabajador independiente,Servicios,1 a 10 trabajadores,No,1,1251.0
45,Mujer,Urbana,Selva,Primaria o menos,2,41.0,26.0,Trabajador independiente,"Administracion publica, educacion y salud",Mas de 50 trabajadores,Si,6,694.0
57,Hombre,Urbana,Lima Metropolitana,Superior no universitaria,14,35.0,37.0,Trabajador independiente,"Administracion publica, educacion y salud",1 a 10 trabajadores,No,5,2529.0
53,Hombre,Urbana,Selva,Superior no universitaria,12,37.0,43.0,Empleado,Comercio,1 a 10 trabajadores,No,7,1403.0
36,Hombre,Urbana,Sierra,Secundaria,8,24.0,60.0,Trabajador independiente,"Administracion publica, educacion y salud",1 a 10 trabajadores,No,4,910.0
56,Hombre,Urbana,Costa,Superior universitaria,14,35.0,43.0,Empleado,Manufactura,11 a 50 trabajadores,Si,2,5766.0
27,Hombre,Rural,Costa,Superior universitaria,14,8.0,40.0,Empleado,Agropecuario,Mas de 50 trabajadores,Si,1,862.0
18,Hombre,Urbana,Costa,Secundaria,8,2.0,,Empleado,Servicios,11 a 50 trabajadores,No,4,1150.0
28,Mujer,Urbana,Lima Metropolitana,Superior universitaria,15,6.0,59.0,Trabajador independiente,Manufactura,1 a 10 trabajadores,No,2,1981.0
48,Mujer,Urbana,Lima Metropolitana,Secundaria,7,34.0,43.0,Empleado,"Administracion publica, educacion y salud",Mas de 50 trabajadores,No,5,1685.0
46,Hombre,Urbana,Lima Metropolitana,Superior no universitaria,13,27.0,55.0,Obrero,"Administracion publica, educacion y salud",1 a 10 trabajadores,No,1,2630.0
41,Hombre,Urbana,Lima Metropolitana,Superior universitaria,14,22.0,46.0,Trabajador independiente,Agropecuario,1 a 10 trabajadores,No,4,1511.0
65,Mujer,Urbana,Lima Metropolitana,Superior universitaria,14,45.0,42.0,Empleado,Agropecuario,1 a 10 trabajadores,No,8,1653.0
43,Hombre,Rural,Costa,Superior no universitaria,13,24.0,26.0,Obrero,Agropecuario,1 a 10 trabajadores,No,8,311.0
30,Hombre,Urbana,Sierra,Superior universitaria,16,8.0,34.0,Empleado,Construccion,11 a 50 trabajadores,Si,3,3338.0
56,Hombre,Urbana,Lima Metropolitana,Secundaria,9,43.0,45.0,Trabajador independiente,Manufactura,1 a 10 trabajadores,No,7,949.0
39,Mujer,Urbana,Sierra,Superior universitaria,16,19.0,48.0,Trabajador independiente,Servicios,1 a 10 trabajadores,No,4,2518.0
28,Mujer,Urbana,Lima Metropolitana,Superior universitaria,17,4.0,33.0,Trabajador independiente,"Administracion publica, educacion y salud",1 a 10 trabajadores,No,4,2926.0
34,Hombre,Urbana,Costa,Secundaria,10,17.0,80.0,Empleado,Comercio,1 a 10 trabajadores,Si,5,2456.0
41,Hombre,Urbana,Costa,Secundaria,9,27.0,31.0,Trabajador independiente,Servicios,1 a 10 trabajadores,No,4,1022.0
43,Mujer,Urbana,Sierra,Secundaria,11,30.0,35.0,Empleado,Construccion,1 a 10 trabajadores,No,4,1228.0
33,Mujer,Urbana,Lima Metropolitana,Superior universitaria,15,12.0,40.0,Empleado,Construccion,11 a 50 trabajadores,Si,2,7404.0
37,Mujer,Rural,Sierra,Secundaria,9,23.0,39.0,Trabajador independiente,Agropecuario,1 a 10 trabajadores,No,3,421.0
19,Hombre,Urbana,Costa,Secundaria,7,6.0,38.0,Empleado,Servicios,11 a 50 trabajadores,No,3,1472.0
20,Hombre,Urbana,Lima Metropolitana,Superior no universitaria,13,2.0,52.0,Obrero,Comercio,Mas de 50 trabajadores,Si,2,2707.0
48,Hombre,Rural,Sierra,Secundaria,8,34.0,39.0,Trabajador independiente,Agropecuario,1 a 10 trabajadores,No,4,213.0
30,Hombre,Urbana,Sierra,Secundaria,7,12.0,39.0,Trabajador independiente,Comercio,1 a 10 trabajadores,No,2,586.0
48,Hombre,Urbana,Costa,Superior universitaria,15,29.0,64.0,Empleado,Servicios,Mas de 50 trabajadores,Si,2,7576.0
42,Mujer,Urbana,Costa,Superior universitaria,15,21.0,54.0,Empleado,"Administracion publica, educacion y salud",Mas de 50 trabajadores,Si,2,8698.0
32,Hombre,Rural,Sierra,Secundaria,7,21.0,,Trabajador independiente,Agropecuario,1 a 10 trabajadores,No,5,419.0
34,Hombre,Urbana,Costa,Superior universitaria,17,11.0,52.0,Trabajador independiente,"Administracion publica, educacion y salud",1 a 10 trabajadores,No,6,2602.0
20,Hombre,Urbana,Selva,Secundaria,7,7.0,21.0,Trabajador independiente,Comercio,1 a 10 trabajadores,No,4,619.0
51,Mujer,Urbana,Lima Metropolitana,Secundaria,8,39.0,43.0,Empleado,Comercio,1 a 10 trabajadores,No,5,1013.0
42,Hombre,Rural,Sierra,Primaria o menos,4,29.0,23.0,Trabajador independiente,Agropecuario,1 a 10 trabajadores,No,4,221.0
38,Mujer,Urbana,Lima Metropolitana,Secundaria,10,20.0,61.0,Trabajador independiente,Comercio,1 a 10 trabajadores,No,6,792.0
27,Mujer,Urbana,Lima Metropolitana,Secundaria,7,14.0,55.0,Trabajador independiente,Servicios,1 a 10 trabajadores,No,9,1069.0
41,Hombre,Rural,Costa,Primaria o menos,5,28.0,74.0,Trabajador independiente,Agropecuario,1 a 10 trabajadores,No,3,283.0
51,Hombre,Rural,Sierra,Primaria o menos,3,39.0,34.0,Trabajador independiente,Agropecuario,1 a 10 trabajadores,No,3,164.0
46,Hombre,Urbana,Lima Metropolitana,Superior universitaria,17,23.0,32.0,Trabajador independiente,Servicios,1 a 10 trabajadores,No,4,4259.0
52,Mujer,Urbana,Lima Metropolitana,Secundaria,9,34.0,48.0,Obrero,Servicios,Mas de 50 trabajadores,No,6,1738.0
46,Mujer,Urbana,Lima Metropolitana,Superior no universitaria,13,26.0,13.0,Trabajador independiente,Servicios,1 a 10 trabajadores,No,2,1581.0
40,Hombre,Rural,Sierra,Secundaria,9,26.0,32.0,Obrero,Servicios,Mas de 50 trabajadores,No,3,536.0
36,Hombre,Urbana,Costa,Superior no universitaria,14,15.0,29.0,Obrero,"Administracion publica, educacion y salud",Mas de 50 trabajadores,No,2,2155.0
21,Hombre,Urbana,Lima Metropolitana,Secundaria,7,11.0,54.0,Trabajador independiente,Comercio,1 a 10 trabajadores,No,2,1021.0
28,Hombre,Urbana,Costa,Superior universitaria,15,9.0,24.0,Empleado,Servicios,Mas de 50 trabajadores,No,1,2769.0
46,Hombre,Rural,Selva,Primaria o menos,6,35.0,50.0,Trabajador independiente,Agropecuario,1 a 10 trabajadores,Si,3,535.0
48,Mujer,Urbana,Sierra,Secundaria,7,32.0,36.0,Empleado,Comercio,Mas de 50 trabajadores,Si,4,1397.0
33,Mujer,Urbana,Costa,Secundaria,8,17.0,66.0,Empleado,Servicios,Mas de 50 trabajadores,No,4,942.0
36,Hombre,Urbana,Sierra,Superior universitaria,17,17.0,63.0,Trabajador independiente,Comercio,1 a 10 trabajadores,No,6,2429.0
43,Hombre,Urbana,Costa,Primaria o menos,3,34.0,55.0,Empleado,Construccion,11 a 50 trabajadores,No,2,864.0
41,Mujer,Rural,Sierra,Superior no universitaria,12,21.0,41.0,Obrero,"Administracion publica, educacion y salud",1 a 10 trabajadores,No,8,618.0
35,Mujer,Urbana,Costa,Superior no universitaria,15,11.0,62.0,Obrero,"Administracion publica, educacion y salud",1 a 10 trabajadores,Si,3,1602.0
35,Mujer,Rural,Selva,Secundaria,10,16.0,47.0,Trabajador independiente,Agropecuario,1 a 10 trabajadores,No,6,281.0
46,Hombre,Rural,Sierra,Primaria o menos,2,37.0,24.0,Obrero,Agropecuario,1 a 10 trabajadores,No,1,291.0
44,Hombre,Urbana,Lima Metropolitana,Secundaria,10,31.0,46.0,Empleado,Servicios,1 a 10 trabajadores,No,2,1639.0
38,Hombre,Urbana,Sierra,Superior no universitaria,14,16.0,47.0,Trabajador independiente,Comercio,1 a 10 trabajadores,No,6,951.0
52,Hombre,Rural,Sierra,Primaria o menos,3,42.0,44.0,Trabajador independiente,Agropecuario,1 a 10 trabajadores,No,5,212.0
18,Mujer,Rural,Sierra,Secundaria,7,6.0,44.0,Trabajador independiente,Agropecuario,1 a 10 trabajadores,No,4,173.0
53,Hombre,Urbana,Lima Metropolitana,Secundaria,9,40.0,48.0,Trabajador independiente,"Administracion publica, educacion y salud",11 a 50 trabajadores,Si,3,1582.0
21,Hombre,Urbana,Sierra,Secundaria,9,4.0,29.0,Obrero,Construccion,11 a 50 trabajadores,No,4,601.0
37,Hombre,Urbana,Lima Metropolitana,Secundaria,8,22.0,48.0,Empleado,Construccion,11 a 50 trabajadores,No,4,2147.0
33,Hombre,Rural,Sierra,Primaria o menos,6,23.0,38.0,Trabajador independiente,Agropecuario,1 a 10 trabajadores,No,6,241.0
36,Hombre,Urbana,Lima Metropolitana,Superior universitaria,14,16.0,24.0,Empleado,Servicios,Mas de 50 trabajadores,Si,5,3964.0
26,Hombre,Urbana,Selva,Posgrado,20,0.0,53.0,Trabajador independiente,Servicios,1 a 10 trabajadores,No,4,3829.0
32,Mujer,Urbana,Selva,Primaria o menos,6,18.0,50.0,Empleado,"Administracion publica, educacion y salud",Mas de 50 trabajadores,Si,1,1465.0
30,Mujer,Rural,Costa,Primaria o menos,6,17.0,40.0,Trabajador independiente,Agropecuario,1 a 10 trabajadores,No,3,232.0
48,Hombre,Urbana,Costa,Secundaria,11,31.0,51.0,Empleado,"Administracion publica, educacion y salud",11 a 50 trabajadores,Si,3,2440.0
22,Hombre,Urbana,Selva,Secundaria,8,7.0,40.0,Trabajador independiente,Servicios,1 a 10 trabajadores,No,7,545.0
48,Mujer,Urbana,Costa,Superior no universitaria,12,34.0,30.0,Trabajador independiente,Servicios,1 a 10 trabajadores,No,4,615.0
31,Mujer,Urbana,Selva,Superior universitaria,16,9.0,43.0,Empleado,Agropecuario,11 a 50 trabajadores,No,4,1963.0
37,Mujer,Urbana,Sierra,Secundaria,7,25.0,28.0,Empleado,Construccion,1 a 10 trabajadores,No,2,923.0
49,Mujer,Rural,Selva,Primaria o menos,6,38.0,,Empleado,Construccion,1 a 10 trabajadores,No,7,251.0
59,Hombre,Urbana,Selva,Primaria o menos,6,45.0,41.0,Trabajador independiente,Construccion,1 a 10 trabajadores,No,6,620.0
32,Mujer,Rural,Selva,Secundaria,11,16.0,34.0,Trabajador independiente,Agropecuario,1 a 10 trabajadores,No,4,285.0
18,Hombre,Urbana,Costa,Superior no universitaria,12,0.0,44.0,Trabajador independiente,"Administracion publica, educacion y salud",1 a 10 trabajadores,No,4,1120.0
50,Hombre,Urbana,Selva,Secundaria,9,42.0,24.0,Empleado,Servicios,Mas de 50 trabajadores,No,5,673.0
33,Hombre,Urbana,Lima Metropolitana,Superior no universitaria,12,15.0,47.0,Empleado,Servicios,1 a 10 trabajadores,No,3,1888.0
52,Hombre,Urbana,Sierra,Superior no universitaria,14,35.0,75.0,Obrero,Comercio,Mas de 50 trabajadores,No,1,1884.0
52,Mujer,Rural,Sierra,Primaria o menos,4,38.0,26.0,Trabajador independiente,Manufactura,1 a 10 trabajadores,No,4,365.0
49,Mujer,Urbana,Costa,Posgrado,17,27.0,30.0,Empleado,Manufactura,Mas de 50 trabajadores,Si,4,6037.0
45,Mujer,Urbana,Sierra,Primaria o menos,2,37.0,43.0,Empleado,Servicios,Mas de 50 trabajadores,No,4,776.0
33,Mujer,Urbana,Sierra,Superior universitaria,15,10.0,31.0,Empleado,Servicios,11 a 50 trabajadores,No,7,1631.0
35,Mujer,Urbana,Lima Metropolitana,Superior universitaria,17,12.0,56.0,Trabajador independiente,Agropecuario,1 a 10 trabajadores,Si,3,2485.0
43,Hombre,Urbana,Sierra,Primaria o menos,5,31.0,31.0,Empleado,Construccion,1 a 10 trabajadores,No,2,361.0
18,Hombre,Rural,Sierra,Primaria o menos,3,11.0,8.0,Trabajador independiente,Agropecuario,1 a 10 trabajadores,No,4,150.0
50,Hombre,Urbana,Costa,Primaria o menos,2,42.0,60.0,Trabajador independiente,Servicios,1 a 10 trabajadores,No,2,679.0
32,Mujer,Rural,Sierra,Primaria o menos,5,19.0,56.0,Empleador,Agropecuario,1 a 10 trabajadores,No,3,329.0
47,Mujer,Urbana,Lima Metropolitana,Secundaria,11,29.0,48.0,Trabajador independiente,Servicios,1 a 10 trabajadores,Si,2,1110.0
26,Mujer,Urbana,Selva,Superior universitaria,16,3.0,43.0,Trabajador independiente,Servicios,1 a 10 trabajadores,No,2,1253.0
30,Hombre,Urbana,Selva,Superior no universitaria,14,11.0,57.0,Obrero,"Administracion publica, educacion y salud",Mas de 50 trabajadores,Si,7,4322.0
32,Hombre,Urbana,Lima Metropolitana,Posgrado,18,5.0,53.0,Empleado,"Administracion publica, educacion y salud",1 a 10 trabajadores,Si,3,7381.0
36,Hombre,Urbana,Lima Metropolitana,Superior no universitaria,12,19.0,20.0,Obrero,Servicios,1 a 10 trabajadores,No,4,727.0
56,Mujer,Urbana,Lima Metropolitana,Superior universitaria,16,31.0,34.0,Trabajador independiente,"Administracion publica, educacion y salud",1 a 10 trabajadores,No,4,3100.0
30,Hombre,Rural,Selva,Secundaria,7,16.0,56.0,Trabajador independiente,Construccion,1 a 10 trabajadores,No,2,453.0
61,Hombre,Urbana,Sierra,Secundaria,7,45.0,53.0,Trabajador independiente,Construccion,1 a 10 trabajadores,No,1,635.0
65,Hombre,Urbana,Lima Metropolitana,Secundaria,7,45.0,62.0,Obrero,"Administracion publica, educacion y salud",Mas de 50 trabajadores,Si,2,1924.0
31,Mujer,Urbana,Costa,Secundaria,10,14.0,74.0,Empleado,Comercio,Mas de 50 trabajadores,No,3,1331.0
46,Hombre,Urbana,Lima Metropolitana,Secundaria,10,29.0,46.0,Empleado,Comercio,11 a 50 trabajadores,Si,4,3243.0
30,Hombre,Urbana,Lima Metropolitana,Secundaria,11,15.0,33.0,Empleado,Servicios,Mas de 50 trabajadores,No,5,2617.0
36,Hombre,Rural,Selva,Secundaria,9,20.0,32.0,Empleado,Agropecuario,11 a 50 trabajadores,Si,3,457.0
25,Hombre,Rural,Sierra,Secundaria,9,12.0,29.0,Trabajador independiente,"Administracion publica, educacion y salud",Mas de 50 trabajadores,No,4,578.0
42,Mujer,Urbana,Selva,Superior universitaria,14,23.0,36.0,Empleado,Manufactura,1 a 10 trabajadores,No,5,3305.0
44,Mujer,Urbana,Costa,Superior universitaria,14,22.0,31.0,Obrero,"Administracion publica, educacion y salud",11 a 50 trabajadores,Si,4,3005.0
42,Mujer,Urbana,Sierra,Secundaria,7,29.0,41.0,Trabajador independiente,Servicios,1 a 10 trabajadores,No,3,337.0
45,Mujer,Urbana,Costa,Superior no universitaria,14,25.0,72.0,Empleador,Comercio,1 a 10 trabajadores,Si,3,2368.0
33,Hombre,Rural,Selva,Secundaria,10,16.0,18.0,Trabajador independiente,Comercio,1 a 10 trabajadores,No,3,250.0
24,Hombre,Urbana,Selva,Superior no universitaria,13,8.0,53.0,Empleado,Comercio,1 a 10 trabajadores,No,2,1213.0
45,Mujer,Urbana,Lima Metropolitana,Secundaria,8,30.0,,Trabajador independiente,Servicios,1 a 10 trabajadores,No,4,1028.0
24,Mujer,Rural,Selva,Secundaria,9,10.0,54.0,Trabajador independiente,Agropecuario,1 a 10 trabajadores,No,2,350.0
38,Mujer,Rural,Sierra,Superior universitaria,14,16.0,44.0,Empleador,Manufactura,1 a 10 trabajadores,No,3,929.0
51,Mujer,Urbana,Lima Metropolitana,Superior universitaria,17,30.0,32.0,Trabajador independiente,Servicios,11 a 50 trabajadores,No,5,3983.0
52,Hombre,Urbana,Sierra,Secundaria,7,35.0,38.0,Empleado,"Administracion publica, educacion y salud",11 a 50 trabajadores,No,6,1511.0
47,Mujer,Urbana,Lima Metropolitana,Secundaria,7,33.0,61.0,Empleado,Servicios,Mas de 50 trabajadores,No,2,1875.0
50,Hombre,Rural,Selva,Primaria o menos,5,36.0,51.0,Trabajador independiente,Agropecuario,1 a 10 trabajadores,No,4,263.0
20,Mujer,Rural,Sierra,Primaria o menos,5,8.0,41.0,Obrero,Agropecuario,1 a 10 trabajadores,No,4,175.0
46,Hombre,Urbana,Lima Metropolitana,Secundaria,7,33.0,,Empleado,Servicios,Mas de 50 trabajadores,Si,6,1441.0
41,Hombre,Urbana,Costa,Primaria o menos,5,30.0,48.0,Empleado,Servicios,Mas de 50 trabajadores,No,5,1312.0
44,Mujer,Rural,Selva,Primaria o menos,3,31.0,37.0,Empleado,Agropecuario,11 a 50 trabajadores,Si,6,463.0
32,Hombre,Urbana,Costa,Superior no universitaria,14,17.0,55.0,Empleado,Servicios,1 a 10 trabajadores,No,2,2134.0
40,Mujer,Urbana,Lima Metropolitana,Superior no universitaria,13,23.0,34.0,Empleado,Comercio,Mas de 50 trabajadores,Si,6,2591.0
29,Mujer,Urbana,Sierra,Secundaria,10,10.0,37.0,Empleado,Manufactura,1 a 10 trabajadores,No,4,727.0
28,Mujer,Urbana,Sierra,Secundaria,9,12.0,33.0,Trabajador independiente,Manufactura,1 a 10 trabajadores,No,4,614.0
22,Hombre,Urbana,Lima Metropolitana,Secundaria,10,2.0,58.0,Empleado,Servicios,Mas de 50 trabajadores,No,6,1533.0
31,Hombre,Urbana,Sierra,Secundaria,11,13.0,45.0,Trabajador independiente,"Administracion publica, educacion y salud",11 a 50 trabajadores,No,3,2954.0
26,Mujer,Urbana,Sierra,Secundaria,7,11.0,59.0,Empleado,Comercio,Mas de 50 trabajadores,Si,3,1653.0
24,Hombre,Rural,Costa,Primaria o menos,2,15.0,40.0,Trabajador independiente,Agropecuario,11 a 50 trabajadores,,2,409.0
48,Mujer,Rural,Sierra,Primaria o menos,3,39.0,35.0,Trabajador independiente,Agropecuario,1 a 10 trabajadores,No,2,150.0
45,Hombre,Urbana,Sierra,Superior no universitaria,13,25.0,42.0,Empleado,Comercio,1 a 10 trabajadores,Si,3,1926.0
27,Hombre,Rural,Sierra,Superior universitaria,14,4.0,48.0,Empleado,Agropecuario,1 a 10 trabajadores,No,7,668.0
43,Mujer,Urbana,Sierra,Superior universitaria,17,17.0,33.0,Empleado,Servicios,1 a 10 trabajadores,No,6,3336.0
30,Hombre,Rural,Costa,Secundaria,7,16.0,53.0,Empleado,"Administracion publica, educacion y salud",1 a 10 trabajadores,Si,1,1254.0
38,Hombre,Urbana,Lima Metropolitana,Secundaria,8,25.0,39.0,Trabajador independiente,Servicios,1 a 10 trabajadores,No,2,981.0
43,Mujer,Urbana,Selva,Superior no universitaria,13,24.0,55.0,Trabajador independiente,Construccion,11 a 50 trabajadores,No,4,1694.0
41,Hombre,Urbana,Selva,Superior no universitaria,15,16.0,38.0,Trabajador independiente,Construccion,1 a 10 trabajadores,No,3,2157.0
29,Hombre,Urbana,Costa,Superior no universitaria,14,10.0,43.0,Empleado,Servicios,11 a 50 trabajadores,No,6,1857.0
49,Hombre,Urbana,Costa,Secundaria,8,34.0,32.0,Trabajador independiente,"Administracion publica, educacion y salud",1 a 10 trabajadores,No,3,988.0
38,Mujer,Rural,Sierra,Superior no universitaria,13,19.0,29.0,Trabajador independiente,Agropecuario,1 a 10 trabajadores,No,6,312.0
33,Hombre,Urbana,Sierra,Superior universitaria,17,9.0,59.0,Trabajador independiente,"Administracion publica, educacion y salud",1 a 10 trabajadores,No,4,1914.0
18,Hombre,Rural,Selva,Primaria o menos,5,7.0,40.0,Trabajador independiente,Agropecuario,1 a 10 trabajadores,No,5,292.0
29,Mujer,Urbana,Sierra,Secundaria,10,13.0,46.0,Empleado,Comercio,11 a 50 trabajadores,No,8,611.0
46,Hombre,Urbana,Sierra,Superior universitaria,17,25.0,31.0,Empleado,Construccion,1 a 10 trabajadores,Si,6,3071.0
44,Hombre,Urbana,Lima Metropolitana,Superior universitaria,14,24.0,53.0,Empleado,Comercio,1 a 10 trabajadores,No,3,3857.0
50,Hombre,Urbana,Lima Metropolitana,Superior universitaria,16,27.0,54.0,Empleado,Comercio,1 a 10 trabajadores,Si,3,4399.0
25,Mujer,Urbana,Selva,Secundaria,9,10.0,46.0,Trabajador independiente,Manufactura,1 a 10 trabajadores,No,3,883.0
39,Hombre,Urbana,Lima Metropolitana,Superior no universitaria,14,23.0,44.0,Empleado,Comercio,11 a 50 trabajadores,No,7,3524.0
49,Hombre,Rural,Sierra,Secundaria,11,34.0,58.0,Obrero,Agropecuario,1 a 10 trabajadores,No,4,695.0
33,Hombre,Urbana,Lima Metropolitana,Secundaria,10,16.0,68.0,Trabajador independiente,Construccion,1 a 10 trabajadores,No,4,1165.0
42,Mujer,Urbana,Costa,Superior no universitaria,14,22.0,38.0,Obrero,Servicios,1 a 10 trabajadores,No,3,1582.0
25,Mujer,Urbana,Costa,Superior universitaria,17,0.0,70.0,Empleado,Manufactura,1 a 10 trabajadores,No,1,3122.0
33,Mujer,Urbana,Sierra,Secundaria,10,15.0,42.0,Obrero,Manufactura,Mas de 50 trabajadores,No,3,1174.0
46,Mujer,Urbana,Lima Metropolitana,Primaria o menos,4,35.0,48.0,Obrero,"Administracion publica, educacion y salud",Mas de 50 trabajadores,Si,7,2549.0
46,Mujer,Urbana,Sierra,Secundaria,7,34.0,57.0,Empleado,Comercio,1 a 10 trabajadores,No,3,900.0
48,Hombre,Urbana,Sierra,Secundaria,9,34.0,58.0,Trabajador independiente,Servicios,1 a 10 trabajadores,No,5,1269.0
65,Hombre,Urbana,Lima Metropolitana,Secundaria,11,45.0,43.0,Empleado,Servicios,1 a 10 trabajadores,No,3,1126.0
39,Hombre,Rural,Costa,Superior no universitaria,15,16.0,16.0,Obrero,Agropecuario,11 a 50 trabajadores,No,3,537.0
37,Mujer,Rural,Costa,Primaria o menos,5,27.0,52.0,Obrero,Manufactura,1 a 10 trabajadores,Si,1,461.0
65,Hombre,Urbana,Costa,Secundaria,8,45.0,34.0,Obrero,"Administracion publica, educacion y salud",11 a 50 trabajadores,Si,4,1407.0
47,Mujer,Urbana,Selva,Secundaria,8,32.0,81.0,Empleado,Comercio,1 a 10 trabajadores,No,4,753.0
33,Hombre,Urbana,Costa,Secundaria,7,19.0,39.0,Trabajador independiente,Comercio,1 a 10 trabajadores,No,2,1275.0
44,Mujer,Urbana,Lima Metropolitana,Superior universitaria,14,24.0,53.0,Trabajador independiente,Manufactura,1 a 10 trabajadores,No,4,1918.0
42,Mujer,Urbana,Costa,Primaria o menos,4,34.0,55.0,Trabajador independiente,Comercio,1 a 10 trabajadores,No,4,704.0
46,Mujer,Rural,Selva,Secundaria,11,32.0,40.0,Trabajador independiente,Agropecuario,1 a 10 trabajadores,No,4,300.0
42,Hombre,Urbana,Sierra,Posgrado,17,17.0,34.0,Trabajador independiente,Comercio,1 a 10 trabajadores,Si,2,3305.0
41,Hombre,Rural,Sierra,Secundaria,10,25.0,52.0,Trabajador independiente,Agropecuario,11 a 50 trabajadores,No,7,458.0
47,Hombre,Urbana,Lima Metropolitana,Superior no universitaria,15,25.0,40.0,Empleado,Comercio,11 a 50 trabajadores,No,3,4920.0
49,Mujer,Urbana,Costa,Superior no universitaria,14,28.0,17.0,Obrero,"Administracion publica, educacion y salud",11 a 50 trabajadores,No,6,1268.0
34,Hombre,Rural,Selva,Secundaria,9,18.0,38.0,Trabajador independiente,Comercio,1 a 10 trabajadores,No,4,315.0
29,Mujer,Urbana,Sierra,Secundaria,10,16.0,38.0,Trabajador independiente,"Administracion publica, educacion y salud",1 a 10 trabajadores,No,6,787.0
54,Hombre,Rural,Sierra,Superior universitaria,17,33.0,42.0,Empleador,Agropecuario,Mas de 50 trabajadores,Si,4,3435.0
27,Hombre,Rural,Sierra,Secundaria,7,13.0,44.0,Trabajador independiente,"Administracion publica, educacion y salud",1 a 10 trabajadores,No,3,500.0
47,Hombre,Urbana,Sierra,Superior no universitaria,14,24.0,40.0,Trabajador independiente,Construccion,1 a 10 trabajadores,No,4,1291.0
37,Mujer,Urbana,Lima Metropolitana,Superior universitaria,16,12.0,67.0,Empleado,Manufactura,1 a 10 trabajadores,Si,5,8992.0
50,Hombre,Urbana,Lima Metropolitana,Secundaria,11,31.0,18.0,Empleado,"Administracion publica, educacion y salud",Mas de 50 trabajadores,Si,2,2051.0
46,Hombre,Urbana,Costa,Secundaria,11,26.0,70.0,Obrero,Manufactura,1 a 10 trabajadores,No,7,1248.0
37,Mujer,Urbana,Costa,Secundaria,7,25.0,39.0,Obrero,Servicios,11 a 50 trabajadores,No,5,740.0
37,Hombre,Rural,Sierra,Primaria o menos,3,28.0,31.0,Trabajador independiente,Agropecuario,1 a 10 trabajadores,Si,2,267.0
21,Hombre,Rural,Sierra,Superior universitaria,15,1.0,34.0,Trabajador independiente,Agropecuario,1 a 10 trabajadores,No,4,328.0
60,Mujer,Urbana,Lima Metropolitana,Superior universitaria,14,41.0,63.0,Empleado,Manufactura,11 a 50 trabajadores,Si,6,3895.0
47,Hombre,Urbana,Costa,Primaria o menos,2,38.0,38.0,Empleado,Comercio,1 a 10 trabajadores,Si,4,713.0
28,Mujer,Urbana,Lima Metropolitana,Superior no universitaria,13,9.0,49.0,Trabajador independiente,Comercio,1 a 10 trabajadores,No,7,1451.0
53,Hombre,Urbana,Lima Metropolitana,Secundaria,9,38.0,48.0,Trabajador independiente,Construccion,1 a 10 trabajadores,No,5,1011.0
45,Mujer,Urbana,Lima Metropolitana,Superior universitaria,16,23.0,33.0,Empleado,Comercio,11 a 50 trabajadores,Si,4,5958.0
48,Hombre,Urbana,Costa,Superior no universitaria,14,29.0,35.0,Empleado,"Administracion publica, educacion y salud",1 a 10 trabajadores,Si,3,3117.0
55,Hombre,Urbana,Lima Metropolitana,Superior universitaria,14,31.0,37.0,Obrero,Manufactura,1 a 10 trabajadores,No,4,1998.0
65,Hombre,Urbana,Sierra,Superior universitaria,15,44.0,53.0,Trabajador independiente,Servicios,1 a 10 trabajadores,No,2,2415.0
38,Mujer,Urbana,Lima Metropolitana,Superior universitaria,15,18.0,33.0,Empleado,"Administracion publica, educacion y salud",1 a 10 trabajadores,Si,4,5322.0
35,Mujer,Urbana,Lima Metropolitana,Superior universitaria,16,12.0,51.0,Empleado,"Administracion publica, educacion y salud",Mas de 50 trabajadores,Si,6,10084.0
27,Hombre,Rural,Sierra,Primaria o menos,4,13.0,34.0,Empleado,Comercio,1 a 10 trabajadores,No,2,446.0
63,Hombre,Urbana,Selva,Superior universitaria,15,42.0,60.0,Trabajador independiente,"Administracion publica, educacion y salud",1 a 10 trabajadores,Si,2,4188.0
28,Mujer,Urbana,Sierra,Secundaria,7,15.0,22.0,Trabajador independiente,Manufactura,1 a 10 trabajadores,No,4,395.0
47,Hombre,Urbana,Costa,Superior no universitaria,14,29.0,44.0,Obrero,Construccion,1 a 10 trabajadores,No,3,1870.0
30,Mujer,Urbana,Costa,Superior universitaria,15,10.0,34.0,Trabajador independiente,Manufactura,1 a 10 trabajadores,No,3,1195.0
34,Hombre,Rural,Sierra,Primaria o menos,2,22.0,39.0,Trabajador independiente,"Administracion publica, educacion y salud",1 a 10 trabajadores,Si,5,354.0
49,Hombre,Urbana,Lima Metropolitana,Superior universitaria,16,25.0,65.0,Trabajador independiente,Comercio,1 a 10 trabajadores,No,8,3243.0
28,Hombre,Urbana,Costa,Superior no universitaria,12,9.0,39.0,Trabajador independiente,Comercio,1 a 10 trabajadores,No,3,595.0
53,Hombre,Rural,Selva,Primaria o menos,6,44.0,50.0,Obrero,"Administracion publica, educacion y salud",1 a 10 trabajadores,No,6,606.0
23,Mujer,Rural,Sierra,Superior no universitaria,15,3.0,30.0,Trabajador independiente,Agropecuario,1 a 10 trabajadores,No,3,150.0
55,Hombre,Urbana,Sierra,Superior no universitaria,12,35.0,55.0,Trabajador independiente,Manufactura,1 a 10 trabajadores,No,3,1173.0
47,Hombre,Rural,Sierra,Primaria o menos,5,36.0,22.0,Trabajador independiente,Comercio,1 a 10 trabajadores,No,4,258.0
58,Hombre,Rural,Sierra,Primaria o menos,3,45.0,43.0,Empleado,Agropecuario,1 a 10 trabajadores,No,3,238.0
30,Hombre,Urbana,Lima Metropolitana,Superior no universitaria,14,11.0,62.0,Empleado,Comercio,Mas de 50 trabajadores,Si,2,2124.0
33,Mujer,Urbana,Costa,Superior no universitaria,13,,55.0,Trabajador independiente,"Administracion publica, educacion y salud",11 a 50 trabajadores,,6,1763.0
26,Hombre,Urbana,Sierra,Superior universitaria,15,3.0,21.0,Trabajador independiente,Manufactura,1 a 10 trabajadores,No,4,1228.0
40,Mujer,Urbana,Lima Metropolitana,Superior universitaria,14,18.0,53.0,Empleado,"Administracion publica, educacion y salud",1 a 10 trabajadores,Si,4,3075.0
27,Mujer,Urbana,Costa,Superior no universitaria,12,8.0,60.0,Trabajador independiente,Manufactura,1 a 10 trabajadores,No,2,983.0
40,Mujer,Urbana,Lima Metropolitana,Superior no universitaria,15,18.0,36.0,Trabajador independiente,"Administracion publica, educacion y salud",1 a 10 trabajadores,No,9,2806.0
41,Hombre,Rural,Sierra,Secundaria,10,25.0,36.0,Trabajador independiente,Manufactura,1 a 10 trabajadores,No,1,426.0
18,Hombre,Rural,Sierra,Primaria o menos,6,9.0,36.0,Empleador,Agropecuario,1 a 10 trabajadores,No,4,326.0
28,Hombre,Urbana,Lima Metropolitana,Primaria o menos,4,19.0,54.0,Trabajador independiente,"Administracion publica, educacion y salud",1 a 10 trabajadores,No,4,635.0
30,Hombre,Urbana,Lima Metropolitana,Secundaria,9,17.0,49.0,Empleado,Comercio,11 a 50 trabajadores,Si,5,1407.0
23,Hombre,Urbana,Selva,Posgrado,18,2.0,50.0,Empleado,Comercio,1 a 10 trabajadores,No,3,3382.0
26,Mujer,Urbana,Lima Metropolitana,Superior universitaria,14,8.0,55.0,Trabajador independiente,Servicios,1 a 10 trabajadores,No,4,2361.0
65,Hombre,Urbana,Costa,Superior no universitaria,12,45.0,45.0,Trabajador independiente,Servicios,1 a 10 trabajadores,No,7,1678.0
35,Mujer,Urbana,Sierra,Superior no universitaria,15,12.0,45.0,Trabajador independiente,Comercio,Mas de 50 trabajadores,No,7,1244.0
28,Hombre,Urbana,Sierra,Posgrado,20,2.0,38.0,Empleado,Manufactura,1 a 10 trabajadores,No,2,6537.0
18,Hombre,Urbana,Sierra,Secundaria,7,5.0,58.0,Obrero,Comercio,1 a 10 trabajadores,No,3,390.0
30,Hombre,Urbana,Lima Metropolitana,Secundaria,10,13.0,53.0,Obrero,Construccion,11 a 50 trabajadores,No,5,1311.0
47,Mujer,Urbana,Costa,Superior no universitaria,12,35.0,54.0,Trabajador independiente,Construccion,1 a 10 trabajadores,No,7,1937.0
31,Mujer,Rural,Sierra,Primaria o menos,3,25.0,17.0,Trabajador independiente,Agropecuario,1 a 10 trabajadores,No,4,167.0
25,Mujer,Urbana,Sierra,Superior universitaria,14,5.0,35.0,Empleado,"Administracion publica, educacion y salud",1 a 10 trabajadores,Si,4,2675.0
46,Mujer,Urbana,Costa,Superior universitaria,14,26.0,,Empleado,"Administracion publica, educacion y salud",11 a 50 trabajadores,Si,4,4878.0
42,Hombre,Urbana,Lima Metropolitana,Superior no universitaria,15,21.0,58.0,Trabajador independiente,Construccion,1 a 10 trabajadores,No,6,2395.0
22,Hombre,Urbana,Sierra,Primaria o menos,3,11.0,42.0,Obrero,Comercio,11 a 50 trabajadores,No,5,310.0
27,Hombre,Urbana,Lima Metropolitana,Secundaria,7,15.0,29.0,Empleado,Servicios,11 a 50 trabajadores,No,2,1151.0
53,Mujer,Urbana,Costa,Superior no universitaria,14,32.0,40.0,Trabajador independiente,Agropecuario,1 a 10 trabajadores,No,3,1464.0
27,Hombre,Urbana,Sierra,Superior no universitaria,12,7.0,45.0,Empleado,Comercio,11 a 50 trabajadores,Si,4,1371.0
58,Hombre,Urbana,Costa,Superior no universitaria,13,38.0,51.0,Empleado,Servicios,Mas de 50 trabajadores,No,4,2541.0
45,Hombre,Urbana,Sierra,Secundaria,11,25.0,51.0,Empleado,Servicios,1 a 10 trabajadores,Si,3,1676.0
31,Hombre,Urbana,Costa,Superior universitaria,15,9.0,52.0,Empleado,Comercio,Mas de 50 trabajadores,Si,4,7323.0
43,Mujer,Urbana,Costa,Superior no universitaria,14,21.0,59.0,Empleado,"Administracion publica, educacion y salud",11 a 50 trabajadores,Si,8,2954.0
36,Hombre,Rural,Sierra,Primaria o menos,4,23.0,34.0,Trabajador independiente,Agropecuario,1 a 10 trabajadores,No,4,342.0
41,Hombre,Urbana,Costa,Superior universitaria,14,,37.0,Trabajador independiente,Servicios,11 a 50 trabajadores,No,2,3445.0
51,Mujer,Rural,Costa,Primaria o menos,4,41.0,45.0,Trabajador independiente,Agropecuario,1 a 10 trabajadores,No,3,209.0
42,Hombre,Urbana,Selva,Superior no universitaria,14,28.0,39.0,Empleado,Servicios,Mas de 50 trabajadores,Si,3,2298.0
35,Hombre,Urbana,Lima Metropolitana,Primaria o menos,6,21.0,57.0,Trabajador independiente,Servicios,1 a 10 trabajadores,No,3,638.0
33,Hombre,Urbana,Costa,Secundaria,9,21.0,46.0,Trabajador independiente,Servicios,1 a 10 trabajadores,No,3,987.0
63,Mujer,Urbana,Sierra,Secundaria,8,45.0,27.0,Empleado,Servicios,1 a 10 trabajadores,Si,3,800.0
36,Hombre,Rural,Sierra,Primaria o menos,4,25.0,30.0,Trabajador independiente,Agropecuario,1 a 10 trabajadores,No,4,193.0
21,Mujer,Urbana,Sierra,Superior universitaria,14,2.0,40.0,Empleado,Manufactura,11 a 50 trabajadores,Si,4,2175.0
45,Hombre,Urbana,Sierra,Superior universitaria,15,19.0,44.0,Empleado,Construccion,11 a 50 trabajadores,Si,3,2678.0
37,Mujer,Urbana,Lima Metropolitana,Superior universitaria,15,18.0,34.0,Empleado,"Administracion publica, educacion y salud",Mas de 50 trabajadores,Si,4,4722.0
29,Hombre,Rural,Sierra,Secundaria,8,17.0,23.0,Trabajador independiente,Servicios,1 a 10 trabajadores,No,1,367.0
34,Hombre,Urbana,Sierra,Secundaria,7,23.0,43.0,Empleado,"Administracion publica, educacion y salud",Mas de 50 trabajadores,Si,1,3663.0
18,Hombre,Urbana,Lima Metropolitana,Posgrado,18,0.0,28.0,Empleado,Servicios,1 a 10 trabajadores,No,7,1546.0
42,Hombre,Urbana,Sierra,Secundaria,10,28.0,31.0,Trabajador independiente,"Administracion publica, educacion y salud",1 a 10 trabajadores,No,10,1408.0
47,Hombre,Urbana,Costa,Superior no universitaria,14,27.0,43.0,Empleador,Servicios,1 a 10 trabajadores,No,3,6435.0
21,Hombre,Urbana,Sierra,Superior universitaria,17,0.0,36.0,Empleado,Comercio,1 a 10 trabajadores,No,1,2152.0
46,Mujer,Urbana,Lima Metropolitana,Superior universitaria,17,26.0,46.0,Obrero,"Administracion publica, educacion y salud",1 a 10 trabajadores,Si,6,4980.0
54,Mujer,Urbana,Lima Metropolitana,Secundaria,8,38.0,68.0,Empleado,Servicios,Mas de 50 trabajadores,Si,3,1495.0
29,Mujer,Urbana,Sierra,Secundaria,8,14.0,30.0,Empleado,Servicios,1 a 10 trabajadores,No,2,811.0
41,Hombre,Urbana,Lima Metropolitana,Secundaria,7,28.0,46.0,Empleado,Manufactura,Mas de 50 trabajadores,No,3,923.0
56,Hombre,Rural,Costa,Secundaria,11,41.0,46.0,Trabajador independiente,Agropecuario,1 a 10 trabajadores,No,5,187.0
43,Mujer,Rural,Sierra,Secundaria,8,27.0,48.0,Obrero,Agropecuario,1 a 10 trabajadores,No,4,332.0
58,Mujer,Urbana,Sierra,Secundaria,10,44.0,,Trabajador independiente,Manufactura,1 a 10 trabajadores,No,4,1099.0
30,Mujer,Urbana,Lima Metropolitana,Secundaria,7,22.0,62.0,Empleado,Comercio,1 a 10 trabajadores,No,6,973.0
44,Hombre,Urbana,Selva,Superior universitaria,15,23.0,43.0,Empleado,Servicios,1 a 10 trabajadores,No,2,4827.0
56,Mujer,Urbana,Sierra,Superior universitaria,15,35.0,19.0,Trabajador independiente,Comercio,1 a 10 trabajadores,No,4,642.0
52,Mujer,Urbana,Sierra,Superior universitaria,15,32.0,53.0,Empleado,Agropecuario,Mas de 50 trabajadores,No,4,3551.0
33,Mujer,Urbana,Lima Metropolitana,Superior no universitaria,14,14.0,35.0,Obrero,Servicios,11 a 50 trabajadores,Si,1,2325.0
51,Hombre,Urbana,Lima Metropolitana,Primaria o menos,3,42.0,25.0,Trabajador independiente,Servicios,1 a 10 trabajadores,No,2,931.0
33,Hombre,Rural,Selva,Primaria o menos,5,22.0,35.0,Empleador,Agropecuario,1 a 10 trabajadores,No,5,550.0
49,Mujer,Urbana,Sierra,Posgrado,19,26.0,28.0,Empleado,Construccion,1 a 10 trabajadores,No,3,5391.0
33,Mujer,Urbana,Lima Metropolitana,Primaria o menos,5,22.0,32.0,Empleado,"Administracion publica, educacion y salud",Mas de 50 trabajadores,Si,5,1553.0
53,Mujer,Urbana,Sierra,Primaria o menos,2,44.0,57.0,Trabajador independiente,Manufactura,Mas de 50 trabajadores,No,3,283.0
32,Mujer,Urbana,Selva,Superior no universitaria,13,9.0,52.0,Obrero,Construccion,11 a 50 trabajadores,Si,7,1850.0
53,Hombre,Urbana,Lima Metropolitana,Primaria o menos,4,44.0,43.0,Empleado,Construccion,Mas de 50 trabajadores,Si,4,1472.0
38,Hombre,Urbana,Sierra,Superior universitaria,14,17.0,,Empleado,"Administracion publica, educacion y salud",Mas de 50 trabajadores,Si,3,3802.0
52,Mujer,Rural,Sierra,Secundaria,9,36.0,25.0,Trabajador independiente,Agropecuario,1 a 10 trabajadores,No,5,200.0
30,Mujer,Urbana,Selva,Secundaria,9,15.0,61.0,Trabajador independiente,Servicios,1 a 10 trabajadores,No,3,810.0
49,Hombre,Urbana,Lima Metropolitana,Superior universitaria,17,29.0,41.0,Empleado,Manufactura,11 a 50 trabajadores,,3,5025.0
43,Hombre,Urbana,Lima Metropolitana,Secundaria,11,29.0,42.0,Trabajador independiente,Manufactura,1 a 10 trabajadores,No,4,1000.0
18,Mujer,Urbana,Costa,Superior no universitaria,14,0.0,71.0,Empleado,"Administracion publica, educacion y salud",1 a 10 trabajadores,No,4,1296.0
18,Hombre,Urbana,Sierra,Secundaria,8,5.0,40.0,Empleado,Manufactura,Mas de 50 trabajadores,Si,5,1007.0
46,Mujer,Urbana,Sierra,Superior universitaria,16,24.0,37.0,Empleado,Manufactura,1 a 10 trabajadores,No,6,2615.0
30,Mujer,Urbana,Costa,Superior no universitaria,12,8.0,56.0,Trabajador independiente,"Administracion publica, educacion y salud",1 a 10 trabajadores,No,5,1193.0
42,Hombre,Rural,Sierra,Primaria o menos,4,33.0,60.0,Empleador,Agropecuario,1 a 10 trabajadores,No,5,282.0
37,Hombre,Rural,Sierra,Primaria o menos,5,28.0,51.0,Trabajador independiente,Agropecuario,1 a 10 trabajadores,No,2,208.0
25,Mujer,Urbana,Lima Metropolitana,Secundaria,7,12.0,49.0,Trabajador independiente,Servicios,1 a 10 trabajadores,,3,704.0
65,Hombre,Urbana,Selva,Superior no universitaria,14,45.0,40.0,Empleado,Servicios,1 a 10 trabajadores,No,6,1314.0
49,Hombre,Urbana,Lima Metropolitana,Superior universitaria,14,26.0,42.0,Trabajador independiente,Servicios,1 a 10 trabajadores,Si,3,3209.0
44,Mujer,Urbana,Costa,Secundaria,11,25.0,43.0,Empleado,Servicios,1 a 10 trabajadores,No,5,1304.0
20,Hombre,Urbana,Costa,Superior universitaria,14,0.0,39.0,Empleado,"Administracion publica, educacion y salud",1 a 10 trabajadores,No,3,812.0
57,Mujer,Urbana,Sierra,Secundaria,7,45.0,37.0,Obrero,"Administracion publica, educacion y salud",Mas de 50 trabajadores,Si,2,793.0
52,Hombre,Rural,Sierra,Primaria o menos,3,45.0,44.0,Trabajador independiente,Comercio,1 a 10 trabajadores,No,2,388.0
46,Hombre,Urbana,Selva,Superior no universitaria,15,28.0,59.0,Empleado,"Administracion publica, educacion y salud",11 a 50 trabajadores,No,4,4105.0
47,Hombre,Urbana,Sierra,Secundaria,7,34.0,39.0,Obrero,Manufactura,Mas de 50 trabajadores,No,5,944.0
52,Hombre,Rural,Selva,Primaria o menos,6,40.0,52.0,Trabajador independiente,Agropecuario,1 a 10 trabajadores,No,5,248.0
18,Hombre,Rural,Costa,Primaria o menos,2,11.0,57.0,Trabajador independiente,Servicios,1 a 10 trabajadores,No,5,215.0
49,Mujer,Urbana,Sierra,Superior no universitaria,13,31.0,50.0,Obrero,Manufactura,Mas de 50 trabajadores,Si,4,2176.0
30,Mujer,Urbana,Costa,Secundaria,11,11.0,23.0,Trabajador independiente,Comercio,1 a 10 trabajadores,No,3,1085.0
31,Mujer,Urbana,Lima Metropolitana,Secundaria,9,18.0,49.0,Trabajador independiente,Construccion,11 a 50 trabajadores,No,3,776.0
49,Mujer,Urbana,Lima Metropolitana,Superior universitaria,17,24.0,46.0,Trabajador independiente,Comercio,1 a 10 trabajadores,Si,4,3257.0
39,Hombre,Urbana,Selva,Secundaria,11,21.0,46.0,Empleado,Servicios,1 a 10 trabajadores,No,8,1224.0
45,Hombre,Rural,Sierra,Primaria o menos,5,33.0,27.0,Trabajador independiente,Agropecuario,1 a 10 trabajadores,No,4,167.0
29,Hombre,Urbana,Sierra,Superior no universitaria,14,12.0,46.0,Empleador,"Administracion publica, educacion y salud",11 a 50 trabajadores,No,7,3127.0
32,Mujer,Urbana,Lima Metropolitana,Superior universitaria,17,13.0,46.0,Obrero,Servicios,Mas de 50 trabajadores,Si,3,2977.0
44,Hombre,Rural,Selva,Superior universitaria,15,20.0,61.0,Trabajador independiente,Agropecuario,11 a 50 trabajadores,No,4,862.0
40,Mujer,Urbana,Costa,Superior no universitaria,12,22.0,33.0,Trabajador independiente,Manufactura,1 a 10 trabajadores,No,8,1592.0
32,Hombre,Rural,Costa,Superior no universitaria,15,9.0,38.0,Trabajador independiente,Agropecuario,1 a 10 trabajadores,No,4,297.0
47,Mujer,Urbana,Sierra,Posgrado,19,23.0,23.0,Empleado,Comercio,11 a 50 trabajadores,Si,3,5399.0
24,Mujer,Urbana,Costa,Secundaria,9,7.0,34.0,Trabajador independiente,Manufactura,1 a 10 trabajadores,No,4,677.0
65,Hombre,Urbana,Lima Metropolitana,Superior no universitaria,13,45.0,40.0,Trabajador independiente,Construccion,1 a 10 trabajadores,No,5,1855.0
46,Mujer,Urbana,Sierra,Superior universitaria,16,26.0,47.0,Empleado,Servicios,11 a 50 trabajadores,Si,4,4199.0
19,Hombre,Urbana,Lima Metropolitana,Secundaria,11,0.0,39.0,Empleado,Manufactura,Mas de 50 trabajadores,Si,2,1764.0
48,Hombre,Urbana,Costa,Superior universitaria,15,24.0,24.0,Empleado,Construccion,1 a 10 trabajadores,No,5,1300.0
40,Hombre,Rural,Sierra,Primaria o menos,4,30.0,46.0,Trabajador independiente,"Administracion publica, educacion y salud",1 a 10 trabajadores,No,9,574.0
18,Hombre,Rural,Selva,Primaria o menos,6,6.0,25.0,Obrero,Comercio,1 a 10 trabajadores,No,7,229.0
28,Mujer,Rural,Costa,Primaria o menos,5,17.0,32.0,Trabajador independiente,Agropecuario,1 a 10 trabajadores,No,3,323.0
39,Mujer,Urbana,Lima Metropolitana,Secundaria,7,26.0,36.0,Empleado,Servicios,Mas de 50 trabajadores,Si,4,775.0
46,Mujer,Rural,Selva,Primaria o menos,6,35.0,60.0,Trabajador independiente,Servicios,1 a 10 trabajadores,No,3,404.0
48,Mujer,Rural,Sierra,Secundaria,7,38.0,25.0,Empleado,Manufactura,1 a 10 trabajadores,No,4,380.0
50,Hombre,Urbana,Lima Metropolitana,Secundaria,8,35.0,15.0,Empleado,Servicios,11 a 50 trabajadores,No,4,910.0
47,Mujer,Urbana,Sierra,Primaria o menos,3,40.0,23.0,Trabajador independiente,Servicios,1 a 10 trabajadores,No,1,402.0
40,Hombre,Urbana,Sierra,Secundaria,7,26.0,35.0,Trabajador independiente,Construccion,1 a 10 trabajadores,No,7,539.0
42,Mujer,Urbana,Sierra,Primaria o menos,2,36.0,44.0,Trabajador independiente,Comercio,1 a 10 trabajadores,No,4,255.0
24,Hombre,Urbana,Lima Metropolitana,Superior universitaria,15,0.0,49.0,Empleado,Comercio,Mas de 50 trabajadores,Si,5,5481.0
39,Hombre,Urbana,Costa,Secundaria,11,19.0,29.0,Empleado,Comercio,1 a 10 trabajadores,No,5,876.0
27,Hombre,Rural,Selva,Secundaria,9,13.0,58.0,Empleado,Agropecuario,1 a 10 trabajadores,Si,4,327.0
22,Mujer,Urbana,Lima Metropolitana,Secundaria,8,6.0,53.0,Empleador,Comercio,11 a 50 trabajadores,Si,5,2107.0
52,Mujer,Urbana,Lima Metropolitana,Superior universitaria,15,33.0,57.0,Trabajador independiente,Comercio,1 a 10 trabajadores,No,3,2439.0
43,Hombre,Rural,Sierra,Primaria o menos,4,33.0,39.0,Empleador,Comercio,1 a 10 trabajadores,No,6,215.0
36,Hombre,Urbana,Costa,Secundaria,7,21.0,25.0,Trabajador independiente,Construccion,11 a 50 trabajadores,No,4,473.0
35,Hombre,Urbana,Lima Metropolitana,Superior no universitaria,15,16.0,19.0,Trabajador independiente,Servicios,11 a 50 trabajadores,No,3,1777.0
61,Hombre,Urbana,Lima Metropolitana,Secundaria,11,44.0,33.0,Obrero,"Administracion publica, educacion y salud",Mas de 50 trabajadores,Si,3,2597.0
56,Hombre,Urbana,Costa,Secundaria,8,44.0,47.0,Empleado,Manufactura,11 a 50 trabajadores,No,5,1686.0
42,Hombre,Rural,Costa,Primaria o menos,6,28.0,30.0,Trabajador independiente,"Administracion publica, educacion y salud",1 a 10 trabajadores,No,3,834.0
62,Mujer,Urbana,Costa,Secundaria,8,45.0,42.0,Trabajador independiente,Manufactura,1 a 10 trabajadores,No,2,953.0
20,Hombre,Urbana,Sierra,Secundaria,7,7.0,61.0,Empleado,Agropecuario,11 a 50 trabajadores,Si,3,708.0
32,Hombre,Urbana,Costa,Secundaria,9,17.0,48.0,Empleado,Servicios,1 a 10 trabajadores,Si,8,947.0
48,Mujer,Urbana,Costa,Superior no universitaria,14,28.0,44.0,Trabajador independiente,Comercio,1 a 10 trabajadores,No,7,1840.0
19,Mujer,Urbana,Costa,Superior no universitaria,12,3.0,44.0,Obrero,Construccion,11 a 50 trabajadores,No,5,1343.0
32,Hombre,Rural,Sierra,Primaria o menos,6,22.0,48.0,Trabajador independiente,Agropecuario,1 a 10 trabajadores,No,4,511.0
30,Mujer,Urbana,Sierra,Superior universitaria,14,8.0,53.0,Empleado,Servicios,11 a 50 trabajadores,No,4,1727.0
42,Hombre,Rural,Costa,Primaria o menos,6,31.0,35.0,Trabajador independiente,Agropecuario,1 a 10 trabajadores,No,6,175.0
46,Mujer,Urbana,Sierra,Secundaria,11,31.0,28.0,Empleado,Manufactura,1 a 10 trabajadores,No,3,1869.0
37,Hombre,Urbana,Selva,Primaria o menos,5,28.0,56.0,Trabajador independiente,Servicios,1 a 10 trabajadores,No,2,784.0
42,Hombre,Urbana,Sierra,Superior universitaria,16,19.0,32.0,Empleado,Agropecuario,11 a 50 trabajadores,No,3,2530.0
38,Hombre,Urbana,Costa,Primaria o menos,6,28.0,41.0,Empleado,Servicios,1 a 10 trabajadores,No,3,702.0
40,Mujer,Urbana,Costa,Superior universitaria,16,16.0,60.0,Empleado,Agropecuario,Mas de 50 trabajadores,Si,5,5745.0
27,Hombre,Rural,Sierra,Superior universitaria,16,7.0,60.0,Empleado,Agropecuario,1 a 10 trabajadores,Si,4,806.0
28,Hombre,Urbana,Lima Metropolitana,Superior no universitaria,13,8.0,35.0,Trabajador independiente,Servicios,1 a 10 trabajadores,No,5,677.0
18,Hombre,Urbana,Lima Metropolitana,Secundaria,8,4.0,67.0,Empleado,Comercio,11 a 50 trabajadores,No,6,793.0
44,Hombre,Urbana,Lima Metropolitana,Superior no universitaria,15,22.0,38.0,Trabajador independiente,Comercio,11 a 50 trabajadores,No,5,2002.0
25,Hombre,Urbana,Costa,Secundaria,8,10.0,68.0,Trabajador independiente,Agropecuario,1 a 10 trabajadores,No,4,466.0
45,Hombre,Urbana,Lima Metropolitana,Secundaria,10,27.0,48.0,Trabajador independiente,"Administracion publica, educacion y salud",1 a 10 trabajadores,No,4,1629.0
37,Hombre,Rural,Costa,Primaria o menos,6,27.0,41.0,Trabajador independiente,Agropecuario,1 a 10 trabajadores,No,3,220.0
33,Hombre,Urbana,Costa,Superior no universitaria,12,13.0,55.0,Trabajador independiente,Servicios,1 a 10 trabajadores,No,4,1129.0
28,Hombre,Rural,Sierra,Secundaria,11,9.0,57.0,Obrero,Construccion,1 a 10 trabajadores,No,3,428.0
25,Mujer,Urbana,Lima Metropolitana,Secundaria,9,10.0,46.0,Obrero,"Administracion publica, educacion y salud",1 a 10 trabajadores,Si,6,729.0
42,Hombre,Rural,Sierra,Primaria o menos,4,34.0,40.0,Empleado,"Administracion publica, educacion y salud",11 a 50 trabajadores,Si,2,984.0
24,Hombre,Urbana,Lima Metropolitana,Superior universitaria,17,2.0,59.0,Empleado,Comercio,Mas de 50 trabajadores,Si,4,3464.0
18,Hombre,Urbana,Lima Metropolitana,Secundaria,10,0.0,50.0,Trabajador independiente,Manufactura,1 a 10 trabajadores,No,6,712.0
61,Hombre,Urbana,Sierra,Superior universitaria,14,45.0,43.0,Empleado,"Administracion publica, educacion y salud",Mas de 50 trabajadores,Si,3,6720.0
49,Hombre,Urbana,Lima Metropolitana,Superior universitaria,17,26.0,83.0,Empleado,Comercio,Mas de 50 trabajadores,Si,6,10485.0
20,Hombre,Urbana,Sierra,Secundaria,8,9.0,33.0,Empleado,Manufactura,1 a 10 trabajadores,Si,4,1068.0
43,Hombre,Urbana,Sierra,Superior universitaria,16,25.0,37.0,Empleado,"Administracion publica, educacion y salud",Mas de 50 trabajadores,Si,4,6543.0
49,Mujer,Urbana,Lima Metropolitana,Superior universitaria,16,27.0,40.0,Empleado,Manufactura,11 a 50 trabajadores,Si,5,3479.0
36,Mujer,Urbana,Costa,Secundaria,7,21.0,25.0,Empleador,Servicios,11 a 50 trabajadores,No,5,1178.0
38,Hombre,Urbana,Costa,Secundaria,7,22.0,61.0,Empleado,Comercio,1 a 10 trabajadores,No,4,958.0
39,Mujer,Urbana,Lima Metropolitana,Secundaria,10,18.0,65.0,Empleador,Servicios,11 a 50 trabajadores,Si,5,2326.0
29,Mujer,Urbana,Costa,Superior universitaria,16,12.0,44.0,Empleado,Manufactura,1 a 10 trabajadores,Si,5,3268.0
38,Mujer,Urbana,Selva,Superior universitaria,14,15.0,32.0,Empleado,Servicios,11 a 50 trabajadores,Si,3,2307.0
34,Hombre,Rural,Costa,Secundaria,10,20.0,42.0,Trabajador independiente,Agropecuario,1 a 10 trabajadores,No,8,251.0
23,Hombre,Urbana,Costa,Superior no universitaria,14,4.0,44.0,Trabajador independiente,Manufactura,1 a 10 trabajadores,No,10,1544.0
19,Mujer,Rural,Sierra,Primaria o menos,3,9.0,35.0,Trabajador independiente,Agropecuario,1 a 10 trabajadores,No,1,150.0
36,Hombre,Rural,Sierra,Superior universitaria,17,10.0,35.0,Empleado,Agropecuario,Mas de 50 trabajadores,Si,6,1043.0
43,Hombre,Rural,Sierra,Secundaria,7,31.0,40.0,Obrero,Agropecuario,11 a 50 trabajadores,No,3,632.0
21,Hombre,Rural,Sierra,Secundaria,10,7.0,29.0,Trabajador independiente,Agropecuario,1 a 10 trabajadores,No,2,199.0
38,Mujer,Rural,Sierra,Primaria o menos,3,24.0,28.0,Empleado,Agropecuario,1 a 10 trabajadores,Si,5,271.0
59,Mujer,Rural,Sierra,Secundaria,7,45.0,28.0,Trabajador independiente,Agropecuario,1 a 10 trabajadores,No,4,214.0
53,Mujer,Rural,Selva,Secundaria,9,36.0,41.0,Trabajador independiente,Agropecuario,1 a 10 trabajadores,No,4,205.0
18,Hombre,Urbana,Selva,Primaria o menos,5,8.0,44.0,Empleado,Comercio,Mas de 50 trabajadores,Si,7,1632.0
35,Mujer,Urbana,Lima Metropolitana,Secundaria,8,20.0,26.0,Empleado,"Administracion publica, educacion y salud",11 a 50 trabajadores,Si,6,2265.0
47,Mujer,Rural,Costa,Superior universitaria,17,27.0,63.0,Empleado,Agropecuario,Mas de 50 trabajadores,No,3,910.0
42,Mujer,Urbana,Selva,Superior universitaria,15,25.0,26.0,Empleado,Servicios,1 a 10 trabajadores,Si,7,2820.0
39,Mujer,Rural,Costa,Primaria o menos,2,35.0,33.0,Trabajador independiente,Agropecuario,1 a 10 trabajadores,No,1,207.0
35,Hombre,Rural,Sierra,Superior no universitaria,14,,55.0,Trabajador independiente,Agropecuario,1 a 10 trabajadores,No,5,687.0
27,Mujer,Urbana,Sierra,Secundaria,9,12.0,55.0,Trabajador independiente,Comercio,1 a 10 trabajadores,No,4,500.0
41,Hombre,Urbana,Selva,Secundaria,7,28.0,31.0,Empleado,Comercio,11 a 50 trabajadores,No,7,752.0
42,Mujer,Urbana,Lima Metropolitana,Secundaria,8,25.0,39.0,Trabajador independiente,Construccion,1 a 10 trabajadores,No,4,571.0
39,Hombre,Rural,Sierra,Secundaria,10,25.0,35.0,Trabajador independiente,Agropecuario,1 a 10 trabajadores,No,5,460.0
32,Mujer,Urbana,Costa,Superior universitaria,16,6.0,58.0,Trabajador independiente,Servicios,1 a 10 trabajadores,No,1,2382.0
65,Hombre,Rural,Selva,Superior no universitaria,14,44.0,33.0,Obrero,Agropecuario,11 a 50 trabajadores,No,4,457.0
51,Mujer,Urbana,Costa,Secundaria,7,37.0,40.0,Empleado,"Administracion publica, educacion y salud",1 a 10 trabajadores,Si,5,1392.0
29,Hombre,Rural,Sierra,Superior universitaria,17,4.0,31.0,Empleado,Agropecuario,11 a 50 trabajadores,No,2,593.0
46,Mujer,Urbana,Sierra,Secundaria,9,36.0,27.0,Obrero,Servicios,Mas de 50 trabajadores,No,4,1110.0
36,Hombre,Rural,Selva,Superior universitaria,15,13.0,60.0,Empleado,Agropecuario,11 a 50 trabajadores,No,7,1303.0
49,Mujer,Urbana,Sierra,Secundaria,8,41.0,42.0,Trabajador independiente,Servicios,11 a 50 trabajadores,No,6,1470.0
34,Hombre,Urbana,Costa,Secundaria,10,17.0,46.0,Empleador,"Administracion publica, educacion y salud",11 a 50 trabajadores,No,4,4085.0
35,Hombre,Rural,Costa,Primaria o menos,2,29.0,43.0,Empleador,Comercio,1 a 10 trabajadores,No,2,474.0
40,Hombre,Urbana,Sierra,Primaria o menos,4,29.0,48.0,Trabajador independiente,Manufactura,11 a 50 trabajadores,No,7,878.0
34,Mujer,Urbana,Sierra,Superior universitaria,14,14.0,42.0,Empleado,"Administracion publica, educacion y salud",11 a 50 trabajadores,Si,2,1601.0
39,Mujer,Rural,Sierra,Primaria o menos,6,25.0,37.0,Trabajador independiente,Manufactura,1 a 10 trabajadores,No,3,395.0
27,Hombre,Urbana,Lima Metropolitana,Superior no universitaria,13,6.0,28.0,Empleado,"Administracion publica, educacion y salud",11 a 50 trabajadores,Si,2,3449.0
52,Hombre,Urbana,Sierra,Superior no universitaria,13,32.0,57.0,Empleado,"Administracion publica, educacion y salud",Mas de 50 trabajadores,Si,3,5985.0
27,Hombre,Rural,Sierra,Secundaria,8,18.0,38.0,Empleado,Agropecuario,1 a 10 trabajadores,No,3,563.0
40,Hombre,Rural,Sierra,Primaria o menos,5,26.0,49.0,Empleado,Agropecuario,1 a 10 trabajadores,No,5,659.0
45,Mujer,Rural,Sierra,Secundaria,11,33.0,49.0,Trabajador independiente,Agropecuario,1 a 10 trabajadores,No,3,360.0
29,Hombre,Urbana,Lima Metropolitana,Superior universitaria,17,5.0,32.0,Empleado,"Administracion publica, educacion y salud",Mas de 50 trabajadores,Si,2,7931.0
48,Mujer,Urbana,Lima Metropolitana,Superior no universitaria,13,26.0,29.0,Trabajador independiente,Manufactura,1 a 10 trabajadores,No,1,1575.0
27,Hombre,Urbana,Sierra,Superior no universitaria,15,6.0,38.0,Trabajador independiente,Comercio,1 a 10 trabajadores,Si,4,1755.0
51,Mujer,Urbana,Sierra,Primaria o menos,3,42.0,42.0,Trabajador independiente,Servicios,1 a 10 trabajadores,No,4,535.0
49,Hombre,Urbana,Sierra,Superior no universitaria,15,29.0,37.0,Obrero,Servicios,1 a 10 trabajadores,No,3,1537.0
52,Mujer,Urbana,Sierra,Secundaria,8,40.0,65.0,Empleador,Comercio,1 a 10 trabajadores,No,5,687.0
33,Hombre,Urbana,Selva,Superior no universitaria,12,15.0,50.0,Trabajador independiente,"Administracion publica, educacion y salud",1 a 10 trabajadores,No,4,1237.0
29,Mujer,Urbana,Costa,Primaria o menos,5,22.0,54.0,Empleado,Construccion,1 a 10 trabajadores,No,7,1380.0
25,Hombre,Urbana,Sierra,Superior no universitaria,14,9.0,42.0,Trabajador independiente,Construccion,1 a 10 trabajadores,No,9,1165.0
36,Hombre,Urbana,Selva,Secundaria,8,22.0,55.0,Empleado,"Administracion publica, educacion y salud",Mas de 50 trabajadores,Si,1,1707.0
28,Hombre,Urbana,Lima Metropolitana,Superior universitaria,16,3.0,47.0,Empleado,Servicios,Mas de 50 trabajadores,Si,2,5786.0
65,Hombre,Urbana,Lima Metropolitana,Superior universitaria,17,42.0,33.0,Trabajador independiente,"Administracion publica, educacion y salud",1 a 10 trabajadores,No,9,2680.0
48,Mujer,Urbana,Lima Metropolitana,Secundaria,10,34.0,20.0,Empleado,Comercio,1 a 10 trabajadores,Si,4,898.0
38,Mujer,Urbana,Sierra,Superior universitaria,17,18.0,48.0,Empleado,Servicios,1 a 10 trabajadores,No,2,2360.0
48,Hombre,Urbana,Lima Metropolitana,Secundaria,10,31.0,44.0,Trabajador independiente,Comercio,1 a 10 trabajadores,No,5,1157.0
42,Hombre,Urbana,Sierra,Secundaria,8,29.0,46.0,Empleado,"Administracion publica, educacion y salud",1 a 10 trabajadores,Si,6,1128.0
28,Mujer,Urbana,Costa,Superior universitaria,15,4.0,55.0,Empleado,Comercio,Mas de 50 trabajadores,Si,4,3439.0
38,Hombre,Urbana,Selva,Superior no universitaria,12,21.0,28.0,Trabajador independiente,"Administracion publica, educacion y salud",1 a 10 trabajadores,Si,3,1498.0
57,Hombre,Urbana,Costa,Superior no universitaria,13,39.0,50.0,Empleado,"Administracion publica, educacion y salud",1 a 10 trabajadores,Si,2,5062.0
41,Hombre,Urbana,Lima Metropolitana,Superior no universitaria,14,20.0,41.0,Empleado,Servicios,1 a 10 trabajadores,No,5,1818.0
39,Hombre,Urbana,Lima Metropolitana,Superior universitaria,15,17.0,35.0,Empleador,Construccion,11 a 50 trabajadores,Si,5,4954.0
26,Hombre,Urbana,Sierra,Secundaria,9,13.0,39.0,Obrero,"Administracion publica, educacion y salud",11 a 50 trabajadores,Si,1,1233.0
18,Mujer,Rural,Sierra,Secundaria,8,3.0,44.0,Trabajador independiente,Agropecuario,11 a 50 trabajadores,No,4,392.0
45,Mujer,Urbana,Lima Metropolitana,Superior no universitaria,14,26.0,39.0,Trabajador independiente,Construccion,1 a 10 trabajadores,No,5,1781.0
28,Mujer,Urbana,Lima Metropolitana,Secundaria,9,14.0,58.0,Obrero,Servicios,Mas de 50 trabajadores,Si,4,2274.0
30,Mujer,Rural,Sierra,Secundaria,9,14.0,51.0,Obrero,Agropecuario,1 a 10 trabajadores,No,5,496.0
30,Hombre,Rural,Sierra,Superior no universitaria,14,9.0,,Trabajador independiente,Servicios,1 a 10 trabajadores,No,1,597.0
47,Hombre,Urbana,Lima Metropolitana,Superior no universitaria,15,24.0,65.0,Empleado,Servicios,Mas de 50 trabajadores,Si,7,5274.0
65,Hombre,Urbana,Sierra,Secundaria,11,45.0,50.0,Trabajador independiente,Servicios,1 a 10 trabajadores,No,9,1212.0
46,Mujer,Urbana,Costa,Secundaria,11,30.0,42.0,Trabajador independiente,Manufactura,1 a 10 trabajadores,No,1,883.0
40,Mujer,Rural,Sierra,Primaria o menos,2,30.0,36.0,Obrero,Agropecuario,Mas de 50 trabajadores,No,6,298.0
36,Mujer,Urbana,Sierra,Secundaria,9,22.0,26.0,Empleado,Comercio,Mas de 50 trabajadores,Si,7,2276.0
45,Hombre,Rural,Sierra,Secundaria,7,32.0,33.0,Obrero,Agropecuario,11 a 50 trabajadores,No,4,467.0
46,Hombre,Urbana,Selva,Superior universitaria,16,22.0,36.0,Empleado,Comercio,1 a 10 trabajadores,Si,3,2065.0
40,Hombre,Urbana,Sierra,Superior no universitaria,13,22.0,65.0,Trabajador independiente,Comercio,1 a 10 trabajadores,No,4,1406.0
39,Mujer,Rural,Sierra,Superior no universitaria,13,20.0,41.0,Trabajador independiente,Agropecuario,1 a 10 trabajadores,,6,228.0
40,Hombre,Urbana,Sierra,Superior universitaria,14,19.0,53.0,Empleado,Servicios,1 a 10 trabajadores,No,8,2524.0
48,Mujer,Rural,Costa,Secundaria,7,38.0,47.0,Obrero,Agropecuario,1 a 10 trabajadores,No,4,283.0
20,Mujer,Rural,Sierra,Superior universitaria,15,0.0,44.0,Empleado,Agropecuario,1 a 10 trabajadores,No,1,438.0
41,Hombre,Urbana,Lima Metropolitana,Secundaria,9,28.0,40.0,Empleado,"Administracion publica, educacion y salud",11 a 50 trabajadores,Si,4,1510.0
36,Mujer,Urbana,Costa,Secundaria,8,19.0,47.0,Empleado,Servicios,11 a 50 trabajadores,No,2,668.0
44,Hombre,Urbana,Selva,Superior universitaria,17,19.0,44.0,Empleado,Manufactura,11 a 50 trabajadores,No,6,4426.0
31,Hombre,Rural,Costa,Primaria o menos,2,23.0,12.0,Trabajador independiente,Comercio,1 a 10 trabajadores,No,2,263.0
40,Hombre,Urbana,Lima Metropolitana,Superior universitaria,14,22.0,58.0,Trabajador independiente,Construccion,1 a 10 trabajadores,Si,4,4405.0
37,Hombre,Urbana,Lima Metropolitana,Secundaria,11,19.0,11.0,Empleado,Servicios,Mas de 50 trabajadores,No,5,964.0
45,Mujer,Urbana,Costa,Superior no universitaria,13,29.0,43.0,Trabajador independiente,Construccion,1 a 10 trabajadores,No,3,1737.0
51,Mujer,Urbana,Selva,Superior universitaria,14,30.0,61.0,Trabajador independiente,Comercio,1 a 10 trabajadores,No,6,1438.0
44,Mujer,Urbana,Lima Metropolitana,Secundaria,8,29.0,34.0,Trabajador independiente,Comercio,1 a 10 trabajadores,No,3,828.0
42,Hombre,Urbana,Sierra,Primaria o menos,4,31.0,55.0,Obrero,Comercio,Mas de 50 trabajadores,No,2,538.0
18,Hombre,Rural,Sierra,Primaria o menos,6,8.0,25.0,Obrero,Agropecuario,11 a 50 trabajadores,No,2,287.0
18,Mujer,Urbana,Sierra,Superior no universitaria,12,0.0,51.0,Obrero,Construccion,Mas de 50 trabajadores,No,6,893.0
32,Hombre,Urbana,Sierra,Primaria o menos,6,22.0,33.0,Trabajador independiente,"Administracion publica, educacion y salud",1 a 10 trabajadores,No,5,846.0
30,Hombre,Rural,Selva,Superior no universitaria,13,6.0,18.0,Trabajador independiente,Servicios,1 a 10 trabajadores,No,5,316.0
18,Hombre,Urbana,Costa,Secundaria,11,3.0,43.0,Trabajador independiente,"Administracion publica, educacion y salud",1 a 10 trabajadores,No,4,1655.0
38,Mujer,Urbana,Selva,Primaria o menos,6,26.0,41.0,Trabajador independiente,Comercio,1 a 10 trabajadores,No,2,898.0
23,Hombre,Rural,Sierra,Primaria o menos,5,10.0,36.0,Obrero,Agropecuario,1 a 10 trabajadores,No,5,215.0
39,Mujer,Urbana,Selva,Superior no universitaria,13,19.0,54.0,Empleado,Manufactura,1 a 10 trabajadores,Si,3,1719.0
18,Hombre,Urbana,Lima Metropolitana,Superior universitaria,14,0.0,41.0,Empleador,Servicios,11 a 50 trabajadores,No,3,7772.0
52,Mujer,Urbana,Costa,Secundaria,11,36.0,38.0,Trabajador independiente,Construccion,1 a 10 trabajadores,No,4,1088.0
38,Hombre,Urbana,Lima Metropolitana,Superior universitaria,16,13.0,57.0,Empleado,Comercio,1 a 10 trabajadores,No,4,5450.0
51,Hombre,Urbana,Lima Metropolitana,Superior no universitaria,12,36.0,68.0,Empleado,Servicios,1 a 10 trabajadores,Si,4,3715.0
65,Hombre,Rural,Costa,Primaria o menos,6,45.0,29.0,Obrero,Manufactura,11 a 50 trabajadores,No,6,444.0
59,Hombre,Urbana,Lima Metropolitana,Superior no universitaria,14,35.0,19.0,Obrero,Manufactura,Mas de 50 trabajadores,Si,4,2065.0
39,Mujer,Urbana,Lima Metropolitana,Primaria o menos,4,31.0,54.0,Trabajador independiente,"Administracion publica, educacion y salud",1 a 10 trabajadores,No,5,548.0
52,Hombre,Urbana,Sierra,Primaria o menos,5,39.0,49.0,Trabajador independiente,Comercio,1 a 10 trabajadores,Si,4,773.0
42,Hombre,Urbana,Lima Metropolitana,Secundaria,11,25.0,29.0,Obrero,Comercio,Mas de 50 trabajadores,Si,2,1834.0
41,Hombre,Rural,Sierra,Secundaria,9,27.0,28.0,Trabajador independiente,Agropecuario,1 a 10 trabajadores,No,2,236.0
27,Hombre,Urbana,Costa,Superior no universitaria,14,4.0,39.0,Empleado,Servicios,11 a 50 trabajadores,,1,1456.0
22,Hombre,Rural,Sierra,Secundaria,11,2.0,38.0,Trabajador independiente,Construccion,1 a 10 trabajadores,No,5,558.0
18,Hombre,Urbana,Sierra,Secundaria,9,7.0,24.0,Trabajador independiente,Comercio,1 a 10 trabajadores,No,2,416.0
65,Hombre,Urbana,Lima Metropolitana,Superior no universitaria,12,45.0,64.0,Trabajador independiente,Servicios,1 a 10 trabajadores,No,2,1485.0
48,Hombre,Urbana,Lima Metropolitana,Superior no universitaria,13,30.0,43.0,Trabajador independiente,Manufactura,1 a 10 trabajadores,No,3,1849.0
33,Mujer,Urbana,Sierra,Secundaria,7,22.0,25.0,Empleado,Manufactura,1 a 10 trabajadores,No,3,494.0
43,Mujer,Urbana,Costa,Secundaria,8,27.0,23.0,Trabajador independiente,Agropecuario,1 a 10 trabajadores,No,2,311.0
52,Mujer,Urbana,Lima Metropolitana,Superior no universitaria,15,27.0,60.0,Empleado,Servicios,11 a 50 trabajadores,No,4,3539.0
43,Hombre,Urbana,Lima Metropolitana,Superior universitaria,16,22.0,39.0,Empleado,Servicios,11 a 50 trabajadores,No,2,6317.0
52,Hombre,Urbana,Lima Metropolitana,Superior universitaria,14,31.0,14.0,Trabajador independiente,Manufactura,1 a 10 trabajadores,No,2,1864.0
24,Hombre,Urbana,Sierra,Primaria o menos,2,18.0,28.0,Empleado,Comercio,Mas de 50 trabajadores,Si,2,517.0
36,Hombre,Rural,Sierra,Secundaria,11,20.0,51.0,Trabajador independiente,Agropecuario,1 a 10 trabajadores,No,3,263.0
35,Hombre,Urbana,Lima Metropolitana,Superior universitaria,14,13.0,39.0,Empleado,"Administracion publica, educacion y salud",11 a 50 trabajadores,No,3,4620.0
42,Mujer,Urbana,Costa,Secundaria,8,26.0,44.0,Empleado,Servicios,1 a 10 trabajadores,No,5,839.0
42,Mujer,Urbana,Sierra,Secundaria,7,31.0,11.0,Empleado,Servicios,Mas de 50 trabajadores,Si,3,1153.0
34,Hombre,Urbana,Sierra,Superior universitaria,14,16.0,51.0,Empleado,Manufactura,1 a 10 trabajadores,Si,8,2107.0
57,Mujer,Urbana,Costa,Primaria o menos,6,43.0,38.0,Trabajador independiente,Construccion,1 a 10 trabajadores,No,6,525.0
49,Mujer,Urbana,Selva,Superior universitaria,16,28.0,44.0,Empleado,Comercio,1 a 10 trabajadores,No,4,2588.0
34,Hombre,Rural,Sierra,Secundaria,7,23.0,26.0,Trabajador independiente,Agropecuario,1 a 10 trabajadores,No,9,171.0
27,Hombre,Urbana,Sierra,Secundaria,8,10.0,50.0,Obrero,Servicios,11 a 50 trabajadores,No,5,1056.0
60,Hombre,Urbana,Lima Metropolitana,Superior universitaria,15,32.0,48.0,Empleado,Construccion,11 a 50 trabajadores,Si,7,5275.0
58,Hombre,Urbana,Selva,Superior no universitaria,14,35.0,63.0,Empleado,Agropecuario,1 a 10 trabajadores,No,3,1512.0
18,Hombre,Urbana,Selva,Primaria o menos,5,7.0,41.0,Empleador,Construccion,1 a 10 trabajadores,Si,3,1264.0
33,Mujer,Rural,Sierra,Secundaria,8,17.0,35.0,Empleado,Agropecuario,1 a 10 trabajadores,No,5,306.0
34,Mujer,Urbana,Sierra,Superior universitaria,16,9.0,52.0,Trabajador independiente,Manufactura,1 a 10 trabajadores,No,3,2245.0
29,Mujer,Rural,Sierra,Secundaria,8,16.0,34.0,Trabajador independiente,"Administracion publica, educacion y salud",1 a 10 trabajadores,No,3,498.0
24,Hombre,Urbana,Sierra,Superior no universitaria,13,6.0,36.0,Empleado,Comercio,Mas de 50 trabajadores,Si,3,1404.0
34,Mujer,Rural,Sierra,Primaria o menos,4,24.0,25.0,Trabajador independiente,Agropecuario,1 a 10 trabajadores,No,5,170.0
61,Mujer,Rural,Costa,Superior universitaria,16,40.0,27.0,Empleado,Agropecuario,1 a 10 trabajadores,No,4,589.0
33,Mujer,Rural,Sierra,Secundaria,8,19.0,47.0,Trabajador independiente,Agropecuario,1 a 10 trabajadores,No,9,150.0
46,Hombre,Urbana,Lima Metropolitana,Superior universitaria,16,26.0,37.0,Empleado,"Administracion publica, educacion y salud",Mas de 50 trabajadores,No,7,8220.0
20,Hombre,Rural,Sierra,Primaria o menos,6,7.0,39.0,Empleado,Agropecuario,1 a 10 trabajadores,Si,3,437.0
56,Hombre,Urbana,Costa,Superior no universitaria,14,33.0,34.0,Trabajador independiente,Manufactura,1 a 10 trabajadores,No,2,1477.0
22,Mujer,Urbana,Lima Metropolitana,Superior no universitaria,14,2.0,34.0,Empleado,Comercio,Mas de 50 trabajadores,Si,5,2737.0
47,Hombre,Urbana,Lima Metropolitana,Superior universitaria,17,20.0,34.0,Empleado,Servicios,1 a 10 trabajadores,No,10,3062.0
42,Hombre,Urbana,Costa,Superior universitaria,14,18.0,37.0,Trabajador independiente,Comercio,1 a 10 trabajadores,No,4,1755.0
25,Mujer,Urbana,Sierra,Superior universitaria,17,4.0,36.0,Trabajador independiente,"Administracion publica, educacion y salud",1 a 10 trabajadores,Si,6,2275.0
57,Hombre,Urbana,Lima Metropolitana,Superior universitaria,14,38.0,37.0,Empleado,Comercio,Mas de 50 trabajadores,No,4,2847.0
36,Hombre,Urbana,Lima Metropolitana,Superior no universitaria,12,17.0,38.0,Empleado,Comercio,1 a 10 trabajadores,No,3,1368.0
34,Hombre,Urbana,Selva,Superior universitaria,15,12.0,48.0,Trabajador independiente,Comercio,1 a 10 trabajadores,No,4,1030.0
56,Hombre,Urbana,Lima Metropolitana,Superior universitaria,16,34.0,44.0,Trabajador independiente,Servicios,1 a 10 trabajadores,No,3,2756.0
38,Mujer,Urbana,Lima Metropolitana,Secundaria,11,20.0,44.0,Empleado,Comercio,Mas de 50 trabajadores,Si,2,2562.0
23,Hombre,Urbana,Lima Metropolitana,Superior no universitaria,15,2.0,32.0,Trabajador independiente,Comercio,1 a 10 trabajadores,No,4,1152.0
44,Mujer,Rural,Sierra,Secundaria,11,29.0,30.0,Trabajador independiente,Manufactura,1 a 10 trabajadores,Si,3,289.0
43,Hombre,Urbana,Lima Metropolitana,Secundaria,8,30.0,38.0,Trabajador independiente,"Administracion publica, educacion y salud",1 a 10 trabajadores,No,4,1069.0
44,Mujer,Urbana,Costa,Superior universitaria,15,23.0,66.0,Trabajador independiente,"Administracion publica, educacion y salud",11 a 50 trabajadores,Si,5,2683.0
58,Hombre,Rural,Selva,Primaria o menos,5,45.0,68.0,Trabajador independiente,Agropecuario,1 a 10 trabajadores,No,5,221.0
41,Mujer,Urbana,Sierra,Secundaria,7,27.0,27.0,Obrero,Comercio,1 a 10 trabajadores,No,3,804.0
46,Hombre,Rural,Sierra,Primaria o menos,4,37.0,29.0,Trabajador independiente,Agropecuario,1 a 10 trabajadores,No,9,186.0
41,Hombre,Urbana,Costa,Secundaria,8,25.0,25.0,Obrero,Agropecuario,1 a 10 trabajadores,No,5,845.0
63,Hombre,Urbana,Sierra,Primaria o menos,5,45.0,41.0,Empleado,Servicios,11 a 50 trabajadores,No,3,489.0
35,Mujer,Urbana,Costa,Secundaria,8,22.0,30.0,Trabajador independiente,Comercio,1 a 10 trabajadores,No,7,472.0
32,Hombre,Urbana,Lima Metropolitana,Superior no universitaria,13,9.0,38.0,Obrero,"Administracion publica, educacion y salud",1 a 10 trabajadores,No,8,1225.0
45,Hombre,Urbana,Lima Metropolitana,Secundaria,11,27.0,55.0,Empleado,Construccion,Mas de 50 trabajadores,No,6,2160.0
37,Hombre,Urbana,Selva,Secundaria,10,21.0,34.0,Trabajador independiente,Manufactura,1 a 10 trabajadores,No,2,1016.0
58,Hombre,Rural,Costa,Primaria o menos,5,45.0,32.0,Empleador,Agropecuario,1 a 10 trabajadores,Si,8,578.0
59,Mujer,Urbana,Costa,Primaria o menos,4,45.0,50.0,Empleado,Comercio,11 a 50 trabajadores,No,4,638.0
50,Hombre,Rural,Costa,Superior universitaria,15,31.0,60.0,Trabajador independiente,Agropecuario,1 a 10 trabajadores,No,8,521.0
28,Hombre,Urbana,Lima Metropolitana,Secundaria,9,12.0,47.0,Trabajador independiente,Servicios,1 a 10 trabajadores,No,5,1367.0
23,Hombre,Urbana,Lima Metropolitana,Superior universitaria,14,2.0,57.0,Empleado,"Administracion publica, educacion y salud",1 a 10 trabajadores,,4,6629.0
48,Mujer,Urbana,Costa,Secundaria,8,31.0,17.0,Obrero,Construccion,1 a 10 trabajadores,No,6,848.0
39,Hombre,Urbana,Sierra,Superior no universitaria,14,21.0,60.0,Empleado,Servicios,11 a 50 trabajadores,Si,2,3902.0
41,Mujer,Urbana,Sierra,Secundaria,7,27.0,62.0,Obrero,Comercio,Mas de 50 trabajadores,Si,6,731.0
37,Mujer,Urbana,Selva,Superior no universitaria,13,17.0,50.0,Empleado,Construccion,11 a 50 trabajadores,No,6,2125.0
48,Hombre,Rural,Sierra,Primaria o menos,4,37.0,42.0,Trabajador independiente,Agropecuario,1 a 10 trabajadores,No,5,170.0
41,Mujer,Urbana,Costa,Primaria o menos,5,29.0,58.0,Empleador,Construccion,1 a 10 trabajadores,No,8,1208.0
32,Mujer,Urbana,Lima Metropolitana,Superior no universitaria,15,10.0,37.0,Empleado,Servicios,11 a 50 trabajadores,No,2,2776.0
46,Hombre,Urbana,Costa,Secundaria,10,27.0,50.0,Empleado,Manufactura,11 a 50 trabajadores,Si,5,2255.0
30,Mujer,Rural,Costa,Secundaria,10,13.0,31.0,Trabajador independiente,"Administracion publica, educacion y salud",1 a 10 trabajadores,No,7,397.0
35,Hombre,Urbana,Costa,Secundaria,7,24.0,39.0,Empleado,Servicios,Mas de 50 trabajadores,Si,6,2138.0
27,Hombre,Urbana,Costa,Superior universitaria,17,6.0,34.0,Trabajador independiente,Manufactura,1 a 10 trabajadores,No,5,2605.0
36,Hombre,Urbana,Selva,Superior universitaria,15,15.0,34.0,Empleado,"Administracion publica, educacion y salud",11 a 50 trabajadores,Si,5,5094.0
28,Hombre,Urbana,Costa,Superior universitaria,16,7.0,38.0,Trabajador independiente,Servicios,11 a 50 trabajadores,No,5,3307.0
26,Mujer,Urbana,Lima Metropolitana,Superior universitaria,15,4.0,72.0,Empleado,Manufactura,11 a 50 trabajadores,No,6,4738.0
34,Hombre,Urbana,Lima Metropolitana,Secundaria,11,17.0,34.0,Obrero,Manufactura,Mas de 50 trabajadores,Si,2,1191.0
35,Mujer,Urbana,Sierra,Secundaria,8,20.0,55.0,Empleado,Manufactura,1 a 10 trabajadores,No,5,925.0
39,Mujer,Rural,Sierra,Primaria o menos,5,29.0,27.0,Trabajador independiente,Manufactura,1 a 10 trabajadores,No,7,240.0
26,Mujer,Rural,Costa,Secundaria,8,14.0,35.0,Trabajador independiente,Construccion,1 a 10 trabajadores,No,4,524.0
41,Hombre,Rural,Sierra,Superior no universitaria,14,22.0,42.0,Trabajador independiente,Agropecuario,1 a 10 trabajadores,No,2,425.0
49,Hombre,Urbana,Costa,Superior universitaria,14,29.0,52.0,Obrero,Servicios,1 a 10 trabajadores,No,6,2244.0
26,Hombre,Urbana,Costa,Secundaria,11,7.0,54.0,Empleado,Servicios,11 a 50 trabajadores,No,10,1661.0
18,Hombre,Urbana,Lima Metropolitana,Primaria o menos,3,11.0,41.0,Empleado,"Administracion publica, educacion y salud",Mas de 50 trabajadores,Si,4,1821.0
36,Mujer,Rural,Sierra,Primaria o menos,4,24.0,52.0,Obrero,Agropecuario,1 a 10 trabajadores,No,4,376.0
40,Hombre,Urbana,Costa,Superior universitaria,14,20.0,18.0,Empleado,Construccion,11 a 50 trabajadores,Si,4,1568.0
30,Mujer,Urbana,Lima Metropolitana,Secundaria,8,16.0,24.0,Empleado,Comercio,1 a 10 trabajadores,No,3,682.0
33,Hombre,Urbana,Lima Metropolitana,Secundaria,11,19.0,29.0,Trabajador independiente,Comercio,1 a 10 trabajadores,No,4,1441.0
50,Hombre,Urbana,Sierra,Superior universitaria,14,28.0,48.0,Trabajador independiente,Servicios,11 a 50 trabajadores,No,4,1741.0
30,Hombre,Rural,Costa,Secundaria,9,13.0,48.0,Trabajador independiente,Servicios,1 a 10 trabajadores,No,4,508.0
38,Mujer,Urbana,Sierra,Secundaria,8,23.0,64.0,Trabajador independiente,"Administracion publica, educacion y salud",1 a 10 trabajadores,No,6,1007.0
58,Hombre,Urbana,Costa,Secundaria,10,41.0,36.0,Empleado,Manufactura,Mas de 50 trabajadores,No,4,1773.0
40,Mujer,Rural,Sierra,Secundaria,8,28.0,59.0,Trabajador independiente,Agropecuario,1 a 10 trabajadores,No,4,249.0
49,Hombre,Urbana,Lima Metropolitana,Superior universitaria,17,29.0,61.0,Empleador,Comercio,Mas de 50 trabajadores,Si,3,9423.0
44,Hombre,Rural,Costa,Primaria o menos,5,33.0,18.0,Obrero,Agropecuario,1 a 10 trabajadores,No,4,448.0
22,Hombre,Rural,Selva,Primaria o menos,4,9.0,31.0,Obrero,Agropecuario,1 a 10 trabajadores,No,5,175.0
32,Mujer,Urbana,Costa,Superior universitaria,16,11.0,25.0,Empleado,Servicios,1 a 10 trabajadores,No,4,3109.0
49,Hombre,Urbana,Selva,Secundaria,10,,67.0,Empleado,Comercio,11 a 50 trabajadores,Si,3,1018.0
38,Hombre,Urbana,Lima Metropolitana,Primaria o menos,4,28.0,45.0,Empleado,Comercio,11 a 50 trabajadores,,5,868.0
35,Mujer,Urbana,Sierra,Superior no universitaria,14,14.0,41.0,Empleado,Servicios,Mas de 50 trabajadores,Si,4,3256.0
28,Mujer,Urbana,Sierra,Superior universitaria,17,5.0,48.0,Empleado,Servicios,Mas de 50 trabajadores,Si,4,4178.0
27,Hombre,Rural,Sierra,Secundaria,11,10.0,33.0,Trabajador independiente,Agropecuario,11 a 50 trabajadores,No,4,232.0
47,Mujer,Urbana,Sierra,Secundaria,10,33.0,56.0,Empleado,"Administracion publica, educacion y salud",Mas de 50 trabajadores,Si,7,2992.0
40,Mujer,Urbana,Costa,Superior no universitaria,12,22.0,46.0,Trabajador independiente,"Administracion publica, educacion y salud",1 a 10 trabajadores,Si,4,1008.0
63,Hombre,Urbana,Lima Metropolitana,Superior no universitaria,12,45.0,57.0,Empleado,"Administracion publica, educacion y salud",1 a 10 trabajadores,Si,5,2984.0
29,Hombre,Rural,Costa,Secundaria,7,16.0,45.0,Trabajador independiente,Agropecuario,1 a 10 trabajadores,,5,314.0
37,Mujer,Rural,Costa,Superior no universitaria,15,12.0,37.0,Trabajador independiente,Agropecuario,1 a 10 trabajadores,No,5,465.0
38,Mujer,Urbana,Sierra,Primaria o menos,2,29.0,26.0,Empleado,Comercio,1 a 10 trabajadores,No,4,209.0
51,Mujer,Rural,Selva,Secundaria,7,39.0,30.0,Trabajador independiente,Manufactura,1 a 10 trabajadores,No,4,234.0
38,Hombre,Urbana,Sierra,Superior universitaria,15,14.0,59.0,Empleado,Manufactura,Mas de 50 trabajadores,Si,6,9849.0
18,Hombre,Urbana,Selva,Superior universitaria,16,0.0,43.0,Empleado,Comercio,11 a 50 trabajadores,No,6,2940.0
58,Hombre,Urbana,Sierra,Primaria o menos,6,45.0,48.0,Empleado,Servicios,1 a 10 trabajadores,Si,4,1248.0
27,Hombre,Urbana,Sierra,Superior universitaria,17,5.0,45.0,Trabajador independiente,Manufactura,1 a 10 trabajadores,No,1,1009.0
37,Mujer,Rural,Sierra,Primaria o menos,6,23.0,68.0,Trabajador independiente,Agropecuario,1 a 10 trabajadores,No,7,241.0
28,Mujer,Rural,Sierra,Secundaria,9,15.0,28.0,Trabajador independiente,Comercio,1 a 10 trabajadores,No,4,367.0
22,Hombre,Urbana,Costa,Superior universitaria,14,0.0,39.0,Empleado,"Administracion publica, educacion y salud",Mas de 50 trabajadores,Si,4,2932.0
47,Mujer,Urbana,Sierra,Secundaria,9,33.0,68.0,Obrero,Servicios,1 a 10 trabajadores,No,3,1484.0
47,Hombre,Urbana,Costa,Superior no universitaria,13,31.0,51.0,Empleado,Servicios,11 a 50 trabajadores,No,6,2248.0
32,Hombre,Urbana,Costa,Superior universitaria,14,12.0,53.0,Empleado,Comercio,1 a 10 trabajadores,No,6,2894.0
18,Mujer,Urbana,Costa,Superior universitaria,17,0.0,30.0,Empleado,Construccion,11 a 50 trabajadores,No,4,2454.0
43,Hombre,Urbana,Costa,Secundaria,7,31.0,62.0,Obrero,Servicios,Mas de 50 trabajadores,Si,6,1300.0
26,Hombre,Urbana,Costa,Superior universitaria,17,0.0,44.0,Trabajador independiente,Servicios,1 a 10 trabajadores,No,4,1745.0
24,Hombre,Urbana,Lima Metropolitana,Superior no universitaria,15,3.0,43.0,Obrero,Comercio,Mas de 50 trabajadores,Si,2,3591.0
58,Hombre,Urbana,Costa,Secundaria,9,43.0,36.0,Empleado,Servicios,11 a 50 trabajadores,No,5,1369.0
39,Hombre,Rural,Selva,Primaria o menos,5,28.0,37.0,Trabajador independiente,"Administracion publica, educacion y salud",1 a 10 trabajadores,No,2,236.0
49,Mujer,Urbana,Lima Metropolitana,Superior no universitaria,12,29.0,45.0,Empleado,Manufactura,1 a 10 trabajadores,Si,5,1853.0
44,Hombre,Rural,Sierra,Superior no universitaria,12,25.0,39.0,Trabajador independiente,Agropecuario,1 a 10 trabajadores,No,5,471.0
31,Mujer,Urbana,Costa,Superior no universitaria,12,12.0,,Empleado,Servicios,Mas de 50 trabajadores,No,3,2218.0
46,Mujer,Urbana,Costa,Secundaria,9,30.0,49.0,Empleado,Manufactura,Mas de 50 trabajadores,Si,4,3434.0
54,Mujer,Urbana,Sierra,Secundaria,11,41.0,39.0,Trabajador independiente,Construccion,1 a 10 trabajadores,No,6,1129.0
41,Mujer,Rural,Sierra,Superior no universitaria,14,21.0,25.0,Empleador,Agropecuario,1 a 10 trabajadores,Si,7,658.0
19,Mujer,Rural,Sierra,Primaria o menos,6,5.0,45.0,Trabajador independiente,Agropecuario,1 a 10 trabajadores,No,2,150.0
31,Hombre,Urbana,Selva,Primaria o menos,3,19.0,41.0,Trabajador independiente,Manufactura,1 a 10 trabajadores,No,3,525.0
41,Mujer,Rural,Sierra,Primaria o menos,5,31.0,42.0,Trabajador independiente,Agropecuario,1 a 10 trabajadores,No,2,172.0
47,Hombre,Urbana,Lima Metropolitana,Secundaria,9,35.0,54.0,Trabajador independiente,Manufactura,1 a 10 trabajadores,No,3,1463.0
50,Hombre,Urbana,Lima Metropolitana,Superior universitaria,14,34.0,34.0,Empleado,"Administracion publica, educacion y salud",1 a 10 trabajadores,Si,3,5696.0
45,Hombre,Urbana,Lima Metropolitana,Secundaria,11,30.0,21.0,Empleado,Servicios,Mas de 50 trabajadores,No,3,2367.0
44,Hombre,Urbana,Sierra,Secundaria,7,37.0,44.0,Trabajador independiente,Comercio,1 a 10 trabajadores,No,4,591.0
44,Mujer,Urbana,Costa,Secundaria,8,31.0,56.0,Trabajador independiente,Servicios,1 a 10 trabajadores,No,8,875.0
24,Mujer,Urbana,Lima Metropolitana,Superior universitaria,16,2.0,45.0,Empleado,Servicios,1 a 10 trabajadores,Si,3,4286.0
36,Mujer,Urbana,Sierra,Superior universitaria,14,15.0,39.0,Trabajador independiente,"Administracion publica, educacion y salud",1 a 10 trabajadores,No,3,2241.0
25,Hombre,Urbana,Costa,Superior no universitaria,14,5.0,39.0,Trabajador independiente,Manufactura,1 a 10 trabajadores,No,4,1439.0
40,Mujer,Urbana,Selva,Primaria o menos,5,30.0,50.0,Trabajador independiente,Comercio,1 a 10 trabajadores,No,2,576.0
39,Hombre,Urbana,Lima Metropolitana,Secundaria,7,26.0,58.0,Empleado,Servicios,1 a 10 trabajadores,No,3,1116.0
46,Mujer,Urbana,Costa,Superior no universitaria,13,24.0,48.0,Trabajador independiente,Agropecuario,1 a 10 trabajadores,No,5,815.0
64,Mujer,Urbana,Lima Metropolitana,Superior universitaria,16,40.0,53.0,Empleado,"Administracion publica, educacion y salud",1 a 10 trabajadores,Si,3,6453.0
35,Mujer,Urbana,Costa,Secundaria,7,23.0,41.0,Empleado,Manufactura,1 a 10 trabajadores,No,2,991.0
33,Hombre,Urbana,Selva,Superior no universitaria,14,17.0,40.0,Empleado,Manufactura,Mas de 50 trabajadores,No,6,1094.0
35,Mujer,Rural,Sierra,Primaria o menos,4,25.0,41.0,Obrero,"Administracion publica, educacion y salud",11 a 50 trabajadores,Si,4,801.0
51,Mujer,Rural,Sierra,Primaria o menos,4,43.0,42.0,Trabajador independiente,Comercio,1 a 10 trabajadores,No,5,333.0
19,Mujer,Urbana,Sierra,Secundaria,9,6.0,48.0,Trabajador independiente,Comercio,1 a 10 trabajadores,Si,8,933.0
21,Hombre,Urbana,Lima Metropolitana,Superior no universitaria,13,3.0,48.0,Trabajador independiente,"Administracion publica, educacion y salud",1 a 10 trabajadores,No,2,1738.0
34,Hombre,Urbana,Costa,Superior universitaria,16,11.0,37.0,Empleado,"Administracion publica, educacion y salud",11 a 50 trabajadores,Si,4,4617.0
30,Hombre,Urbana,Lima Metropolitana,Superior universitaria,15,11.0,40.0,Empleado,Comercio,Mas de 50 trabajadores,Si,3,4137.0
32,Mujer,Urbana,Costa,Superior universitaria,16,9.0,24.0,Trabajador independiente,Manufactura,1 a 10 trabajadores,No,5,1446.0
45,Mujer,Urbana,Costa,Superior universitaria,16,17.0,44.0,Empleado,Comercio,Mas de 50 trabajadores,Si,5,6247.0
58,Hombre,Urbana,Selva,Secundaria,7,45.0,30.0,Trabajador independiente,Comercio,1 a 10 trabajadores,No,4,641.0
52,Hombre,Urbana,Sierra,Primaria o menos,6,41.0,70.0,Empleado,Servicios,Mas de 50 trabajadores,No,4,1037.0
37,Mujer,Urbana,Sierra,Superior no universitaria,15,20.0,43.0,Trabajador independiente,Manufactura,1 a 10 trabajadores,No,1,1279.0
19,Mujer,Urbana,Costa,Secundaria,7,6.0,40.0,Empleado,"Administracion publica, educacion y salud",Mas de 50 trabajadores,Si,3,803.0
47,Hombre,Rural,Selva,Secundaria,8,38.0,17.0,Trabajador independiente,Comercio,1 a 10 trabajadores,No,4,409.0
51,Hombre,Urbana,Costa,Superior universitaria,14,31.0,17.0,Empleado,Comercio,1 a 10 trabajadores,Si,6,1356.0
37,Mujer,Urbana,Lima Metropolitana,Superior universitaria,15,16.0,49.0,Trabajador independiente,Servicios,1 a 10 trabajadores,Si,2,4203.0
39,Hombre,Urbana,Lima Metropolitana,Superior no universitaria,12,21.0,37.0,Trabajador independiente,Comercio,1 a 10 trabajadores,No,7,1747.0
34,Hombre,Urbana,Lima Metropolitana,Primaria o menos,4,27.0,51.0,Trabajador independiente,"Administracion publica, educacion y salud",1 a 10 trabajadores,No,5,772.0
39,Mujer,Urbana,Lima Metropolitana,Superior no universitaria,15,19.0,26.0,Empleado,Comercio,Mas de 50 trabajadores,Si,5,3517.0
55,Hombre,Urbana,Costa,Secundaria,7,44.0,35.0,Empleado,Servicios,1 a 10 trabajadores,Si,2,1075.0
56,Mujer,Urbana,Sierra,Superior no universitaria,12,38.0,39.0,Obrero,Comercio,1 a 10 trabajadores,No,3,1629.0
49,Mujer,Urbana,Sierra,Posgrado,18,25.0,50.0,Empleado,"Administracion publica, educacion y salud",Mas de 50 trabajadores,Si,5,14093.0
65,Hombre,Urbana,Costa,Superior universitaria,15,45.0,49.0,Empleado,Comercio,1 a 10 trabajadores,Si,3,3650.0
45,Hombre,Urbana,Selva,Superior universitaria,17,19.0,31.0,Empleado,Manufactura,11 a 50 trabajadores,Si,5,5390.0
39,Hombre,Urbana,Costa,Superior no universitaria,15,19.0,25.0,Empleado,Servicios,11 a 50 trabajadores,No,5,1720.0
58,Hombre,Rural,Selva,Secundaria,7,43.0,24.0,Empleado,Servicios,Mas de 50 trabajadores,No,4,544.0
29,Mujer,Rural,Costa,Secundaria,9,11.0,72.0,Trabajador independiente,Agropecuario,1 a 10 trabajadores,No,4,298.0
47,Hombre,Urbana,Sierra,Primaria o menos,6,36.0,43.0,Obrero,Comercio,Mas de 50 trabajadores,No,3,968.0
36,Hombre,Urbana,Lima Metropolitana,Secundaria,9,19.0,46.0,Empleador,Servicios,1 a 10 trabajadores,No,4,2227.0
51,Mujer,Urbana,Lima Metropolitana,Secundaria,11,36.0,44.0,Empleado,Manufactura,Mas de 50 trabajadores,Si,5,3637.0
56,Hombre,Urbana,Costa,Superior universitaria,16,37.0,26.0,Empleado,"Administracion publica, educacion y salud",11 a 50 trabajadores,No,10,4078.0
32,Hombre,Urbana,Lima Metropolitana,Superior no universitaria,13,15.0,57.0,Trabajador independiente,Manufactura,1 a 10 trabajadores,No,2,3757.0
39,Hombre,Urbana,Sierra,Primaria o menos,5,25.0,23.0,Empleado,"Administracion publica, educacion y salud",1 a 10 trabajadores,No,3,1343.0
18,Hombre,Urbana,Costa,Secundaria,8,4.0,,Obrero,Construccion,11 a 50 trabajadores,Si,5,1860.0
38,Mujer,Urbana,Lima Metropolitana,Superior no universitaria,13,19.0,63.0,Empleado,Servicios,Mas de 50 trabajadores,Si,6,5736.0
29,Mujer,Urbana,Sierra,Secundaria,9,13.0,38.0,Trabajador independiente,Manufactura,1 a 10 trabajadores,Si,5,368.0
38,Hombre,Urbana,Sierra,Superior universitaria,14,15.0,62.0,Empleado,Servicios,1 a 10 trabajadores,Si,4,2838.0
53,Mujer,Urbana,Lima Metropolitana,Superior universitaria,15,30.0,45.0,Empleado,Comercio,1 a 10 trabajadores,No,5,1750.0
37,Hombre,Rural,Selva,Primaria o menos,3,30.0,28.0,Trabajador independiente,Agropecuario,1 a 10 trabajadores,No,5,191.0
23,Hombre,Rural,Sierra,Secundaria,11,5.0,45.0,Trabajador independiente,Agropecuario,1 a 10 trabajadores,No,3,349.0
22,Mujer,Urbana,Lima Metropolitana,Superior universitaria,16,1.0,39.0,Trabajador independiente,"Administracion publica, educacion y salud",1 a 10 trabajadores,No,4,1634.0
34,Mujer,Urbana,Sierra,Superior no universitaria,13,14.0,23.0,Trabajador independiente,Comercio,1 a 10 trabajadores,No,5,562.0
44,Hombre,Urbana,Sierra,Secundaria,9,27.0,43.0,Trabajador independiente,Servicios,1 a 10 trabajadores,No,6,1285.0
40,Mujer,Urbana,Lima Metropolitana,Superior universitaria,17,17.0,61.0,Empleado,Manufactura,11 a 50 trabajadores,No,3,4970.0
40,Mujer,Rural,Sierra,Primaria o menos,3,28.0,68.0,Empleado,Agropecuario,1 a 10 trabajadores,,2,346.0
45,Mujer,Urbana,Selva,Primaria o menos,6,34.0,28.0,Trabajador independiente,"Administracion publica, educacion y salud",11 a 50 trabajadores,Si,5,601.0
42,Mujer,Urbana,Selva,Secundaria,8,28.0,26.0,Trabajador independiente,Servicios,1 a 10 trabajadores,No,4,763.0
35,Hombre,Urbana,Lima Metropolitana,Secundaria,9,21.0,47.0,Obrero,Servicios,1 a 10 trabajadores,No,3,932.0
37,Hombre,Urbana,Sierra,Secundaria,11,21.0,49.0,Empleado,Comercio,Mas de 50 trabajadores,No,7,1961.0
31,Mujer,Rural,Sierra,Secundaria,10,16.0,42.0,Trabajador independiente,Agropecuario,1 a 10 trabajadores,No,2,207.0
29,Mujer,Urbana,Sierra,Secundaria,8,15.0,41.0,Empleado,Servicios,11 a 50 trabajadores,Si,7,1667.0
43,Hombre,Urbana,Lima Metropolitana,Superior no universitaria,13,22.0,67.0,Trabajador independiente,"Administracion publica, educacion y salud",11 a 50 trabajadores,No,7,2347.0
41,Hombre,Urbana,Sierra,Secundaria,8,30.0,29.0,Trabajador independiente,"Administracion publica, educacion y salud",1 a 10 trabajadores,Si,4,1071.0
37,Hombre,Urbana,Selva,Secundaria,7,26.0,27.0,Empleado,Servicios,11 a 50 trabajadores,Si,1,973.0
34,Hombre,Urbana,Costa,Primaria o menos,3,26.0,51.0,Empleador,Comercio,1 a 10 trabajadores,No,3,665.0
44,Hombre,Rural,Selva,Secundaria,11,28.0,28.0,Trabajador independiente,Servicios,1 a 10 trabajadores,No,2,544.0
34,Mujer,Urbana,Sierra,Superior universitaria,14,11.0,49.0,Trabajador independiente,Comercio,1 a 10 trabajadores,No,2,2086.0
46,Hombre,Urbana,Lima Metropolitana,Secundaria,10,27.0,40.0,Empleador,Servicios,1 a 10 trabajadores,No,3,2309.0
18,Mujer,Rural,Sierra,Superior universitaria,14,1.0,40.0,Empleado,Agropecuario,1 a 10 trabajadores,Si,4,448.0
59,Hombre,Urbana,Sierra,Secundaria,11,38.0,42.0,Empleado,Servicios,11 a 50 trabajadores,Si,10,1679.0
27,Mujer,Urbana,Lima Metropolitana,Superior universitaria,17,2.0,27.0,Trabajador independiente,"Administracion publica, educacion y salud",1 a 10 trabajadores,No,2,2043.0
25,Mujer,Urbana,Lima Metropolitana,Superior universitaria,15,6.0,56.0,Empleado,Manufactura,Mas de 50 trabajadores,Si,8,5181.0
18,Mujer,Rural,Sierra,Secundaria,11,1.0,51.0,Trabajador independiente,Agropecuario,1 a 10 trabajadores,Si,3,249.0
45,Hombre,Urbana,Lima Metropolitana,Superior universitaria,15,24.0,43.0,Empleado,Servicios,Mas de 50 trabajadores,Si,3,4896.0
40,Mujer,Urbana,Costa,Superior universitaria,17,17.0,56.0,Empleado,Servicios,1 a 10 trabajadores,Si,4,4107.0
18,Hombre,Rural,Selva,Superior no universitaria,15,0.0,29.0,Obrero,Agropecuario,11 a 50 trabajadores,Si,5,642.0
39,Hombre,Urbana,Sierra,Superior universitaria,17,14.0,43.0,Trabajador independiente,Comercio,1 a 10 trabajadores,No,4,2660.0
33,Hombre,Urbana,Lima Metropolitana,Superior no universitaria,13,11.0,50.0,Trabajador independiente,Manufactura,1 a 10 trabajadores,No,2,2478.0
19,Mujer,Rural,Sierra,Primaria o menos,6,7.0,31.0,Trabajador independiente,Agropecuario,1 a 10 trabajadores,No,4,188.0
41,Hombre,Rural,Sierra,Superior universitaria,14,21.0,47.0,Empleado,Agropecuario,Mas de 50 trabajadores,Si,5,1026.0
29,Hombre,Urbana,Costa,Primaria o menos,3,22.0,37.0,Empleado,"Administracion publica, educacion y salud",1 a 10 trabajadores,Si,9,958.0
35,Mujer,Urbana,Costa,Superior universitaria,17,12.0,43.0,Empleado,Servicios,11 a 50 trabajadores,Si,5,2788.0
20,Hombre,Rural,Selva,Primaria o menos,2,8.0,50.0,Empleado,Comercio,1 a 10 trabajadores,No,6,297.0
27,Hombre,Rural,Sierra,Primaria o menos,5,14.0,38.0,Trabajador independiente,Construccion,11 a 50 trabajadores,No,8,349.0
48,Mujer,Urbana,Costa,Superior universitaria,15,27.0,40.0,Obrero,Construccion,1 a 10 trabajadores,Si,3,2328.0
55,Mujer,Urbana,Costa,Superior no universitaria,15,35.0,58.0,Empleado,Manufactura,Mas de 50 trabajadores,No,4,3072.0
22,Mujer,Rural,Sierra,Secundaria,9,11.0,30.0,Trabajador independiente,Agropecuario,1 a 10 trabajadores,No,4,308.0
26,Hombre,Urbana,Sierra,Superior universitaria,16,3.0,52.0,Empleado,Comercio,Mas de 50 trabajadores,Si,4,2512.0
48,Mujer,Urbana,Lima Metropolitana,Secundaria,10,33.0,46.0,Empleado,Comercio,11 a 50 trabajadores,No,4,2200.0
37,Hombre,Rural,Selva,Secundaria,9,23.0,48.0,Trabajador independiente,Comercio,1 a 10 trabajadores,No,5,485.0
32,Mujer,Urbana,Sierra,Secundaria,8,21.0,45.0,Trabajador independiente,"Administracion publica, educacion y salud",1 a 10 trabajadores,No,3,673.0
30,Mujer,Urbana,Sierra,Superior no universitaria,15,7.0,46.0,Empleado,Servicios,1 a 10 trabajadores,Si,3,1954.0
40,Hombre,Urbana,Lima Metropolitana,Superior universitaria,17,15.0,28.0,Empleado,Manufactura,11 a 50 trabajadores,No,3,3980.0
47,Hombre,Rural,Sierra,Primaria o menos,2,38.0,42.0,Trabajador independiente,Agropecuario,1 a 10 trabajadores,No,3,150.0
53,Mujer,Rural,Selva,Secundaria,9,45.0,43.0,Trabajador independiente,Agropecuario,1 a 10 trabajadores,No,3,300.0
57,Hombre,Urbana,Costa,Superior universitaria,17,34.0,58.0,Obrero,Comercio,Mas de 50 trabajadores,No,4,3126.0
18,Mujer,Urbana,Costa,Superior universitaria,16,0.0,46.0,Empleado,Construccion,11 a 50 trabajadores,Si,4,3523.0
27,Mujer,Urbana,Costa,Secundaria,7,15.0,35.0,Trabajador independiente,Comercio,1 a 10 trabajadores,Si,4,677.0
40,Hombre,Urbana,Costa,Secundaria,8,27.0,30.0,Empleado,Manufactura,11 a 50 trabajadores,No,3,1073.0
50,Mujer,Urbana,Lima Metropolitana,Posgrado,18,28.0,32.0,Empleado,Servicios,1 a 10 trabajadores,Si,1,6667.0
38,Hombre,Urbana,Selva,Superior universitaria,16,13.0,28.0,Empleado,Comercio,11 a 50 trabajadores,Si,3,2372.0
37,Mujer,Rural,Costa,Primaria o menos,2,29.0,49.0,Trabajador independiente,Servicios,1 a 10 trabajadores,No,6,248.0
57,Mujer,Urbana,Lima Metropolitana,Superior universitaria,14,39.0,37.0,Empleado,Servicios,1 a 10 trabajadores,No,4,2691.0
60,Mujer,Urbana,Lima Metropolitana,Superior no universitaria,15,39.0,47.0,Empleado,Construccion,11 a 50 trabajadores,No,3,2667.0
22,Mujer,Rural,Sierra,Secundaria,7,8.0,51.0,Trabajador independiente,Agropecuario,1 a 10 trabajadores,No,5,157.0
59,Hombre,Urbana,Costa,Secundaria,7,45.0,39.0,Empleado,Manufactura,1 a 10 trabajadores,No,3,1376.0
18,Hombre,Urbana,Costa,Superior no universitaria,13,0.0,46.0,Empleado,Servicios,1 a 10 trabajadores,No,3,1395.0
33,Hombre,Urbana,Sierra,Secundaria,9,16.0,46.0,Empleado,"Administracion publica, educacion y salud",Mas de 50 trabajadores,Si,2,1922.0
22,Mujer,Urbana,Sierra,Primaria o menos,5,13.0,53.0,Empleado,Manufactura,Mas de 50 trabajadores,Si,2,1440.0
48,Mujer,Urbana,Costa,Primaria o menos,5,40.0,55.0,Empleado,"Administracion publica, educacion y salud",11 a 50 trabajadores,Si,5,1545.0
49,Mujer,Rural,Selva,Superior universitaria,14,32.0,35.0,Empleado,Comercio,11 a 50 trabajadores,No,3,1407.0
35,Mujer,Urbana,Lima Metropolitana,Secundaria,9,23.0,38.0,Trabajador independiente,Manufactura,1 a 10 trabajadores,No,3,992.0
47,Mujer,Urbana,Lima Metropolitana,Primaria o menos,4,39.0,53.0,Trabajador independiente,Servicios,1 a 10 trabajadores,No,3,485.0
34,Hombre,Urbana,Costa,Superior universitaria,17,12.0,70.0,Empleado,Comercio,11 a 50 trabajadores,No,5,5007.0
25,Hombre,Rural,Sierra,Secundaria,10,6.0,56.0,Trabajador independiente,Agropecuario,1 a 10 trabajadores,No,3,210.0
46,Hombre,Urbana,Lima Metropolitana,Superior universitaria,16,20.0,32.0,Trabajador independiente,"Administracion publica, educacion y salud",1 a 10 trabajadores,No,4,2088.0
55,Mujer,Rural,Sierra,Primaria o menos,4,45.0,47.0,Trabajador independiente,Agropecuario,1 a 10 trabajadores,No,2,150.0
18,Hombre,Urbana,Sierra,Superior universitaria,16,0.0,41.0,Trabajador independiente,Construccion,1 a 10 trabajadores,No,4,1384.0
48,Hombre,Rural,Selva,Secundaria,8,36.0,36.0,Trabajador independiente,Agropecuario,1 a 10 trabajadores,No,4,314.0
47,Hombre,Urbana,Sierra,Superior no universitaria,14,27.0,40.0,Trabajador independiente,Servicios,1 a 10 trabajadores,No,6,2209.0
30,Hombre,Urbana,Selva,Secundaria,8,18.0,22.0,Trabajador independiente,Servicios,1 a 10 trabajadores,No,3,564.0
18,Hombre,Urbana,Sierra,Superior no universitaria,15,0.0,41.0,Trabajador independiente,Manufactura,1 a 10 trabajadores,No,3,1909.0
40,Hombre,Rural,Costa,Primaria o menos,4,29.0,32.0,Trabajador independiente,Agropecuario,1 a 10 trabajadores,No,4,242.0
45,Hombre,Urbana,Costa,Superior no universitaria,12,28.0,45.0,Empleado,Agropecuario,11 a 50 trabajadores,Si,4,2436.0
18,Hombre,Urbana,Costa,Superior no universitaria,12,1.0,42.0,Empleado,Servicios,Mas de 50 trabajadores,Si,4,2703.0
55,Mujer,Urbana,Lima Metropolitana,Superior no universitaria,15,35.0,40.0,Trabajador independiente,Agropecuario,1 a 10 trabajadores,No,3,1497.0
26,Hombre,Rural,Selva,Secundaria,8,13.0,38.0,Obrero,Agropecuario,11 a 50 trabajadores,No,8,503.0
45,Mujer,Urbana,Lima Metropolitana,Superior universitaria,14,22.0,44.0,Empleado,Comercio,Mas de 50 trabajadores,Si,4,5938.0
48,Mujer,Urbana,Lima Metropolitana,Secundaria,11,29.0,60.0,Trabajador independiente,"Administracion publica, educacion y salud",1 a 10 trabajadores,No,4,2569.0
25,Hombre,Urbana,Costa,Secundaria,8,13.0,52.0,Empleado,Comercio,Mas de 50 trabajadores,No,3,1879.0
39,Hombre,Urbana,Sierra,Posgrado,19,12.0,35.0,Empleado,Comercio,1 a 10 trabajadores,Si,5,2826.0
51,Hombre,Urbana,Selva,Secundaria,8,38.0,47.0,Trabajador independiente,Servicios,1 a 10 trabajadores,No,5,1051.0
31,Hombre,Urbana,Sierra,Secundaria,10,15.0,40.0,Empleado,Servicios,11 a 50 trabajadores,Si,5,1644.0
54,Mujer,Urbana,Sierra,Secundaria,8,42.0,26.0,Empleado,Construccion,Mas de 50 trabajadores,Si,5,2201.0
39,Hombre,Urbana,Selva,Secundaria,11,22.0,44.0,Trabajador independiente,Servicios,1 a 10 trabajadores,Si,4,1272.0
35,Mujer,Urbana,Lima Metropolitana,Secundaria,7,22.0,42.0,Empleado,Servicios,1 a 10 trabajadores,No,3,1061.0
40,Hombre,Urbana,Costa,Secundaria,8,26.0,44.0,Empleado,Manufactura,1 a 10 trabajadores,No,5,1087.0
30,Hombre,Rural,Sierra,Secundaria,7,16.0,42.0,Trabajador independiente,Agropecuario,1 a 10 trabajadores,No,7,164.0
45,Hombre,Urbana,Selva,Posgrado,18,23.0,31.0,Empleado,Servicios,1 a 10 trabajadores,No,5,5725.0
18,Mujer,Rural,Sierra,Primaria o menos,2,11.0,41.0,Empleado,Manufactura,1 a 10 trabajadores,No,7,181.0
31,Mujer,Urbana,Sierra,Secundaria,7,19.0,61.0,Empleado,"Administracion publica, educacion y salud",Mas de 50 trabajadores,Si,3,1437.0
32,Hombre,Urbana,Costa,Superior universitaria,17,4.0,38.0,Empleado,Servicios,1 a 10 trabajadores,No,6,1918.0
42,Hombre,Urbana,Sierra,Superior no universitaria,12,21.0,54.0,Empleado,Construccion,11 a 50 trabajadores,No,2,1449.0
22,Hombre,Urbana,Lima Metropolitana,Superior universitaria,15,1.0,32.0,Empleador,"Administracion publica, educacion y salud",1 a 10 trabajadores,Si,5,5030.0
46,Hombre,Urbana,Costa,Primaria o menos,4,35.0,56.0,Empleado,Servicios,1 a 10 trabajadores,No,3,1179.0
42,Hombre,Rural,Sierra,Primaria o menos,5,35.0,41.0,Empleado,Agropecuario,11 a 50 trabajadores,No,6,401.0
32,Hombre,Urbana,Selva,Posgrado,17,9.0,20.0,Trabajador independiente,Manufactura,1 a 10 trabajadores,No,5,1570.0
41,Hombre,Rural,Costa,Secundaria,10,26.0,24.0,Trabajador independiente,Agropecuario,Mas de 50 trabajadores,No,3,373.0
37,Hombre,Urbana,Selva,Primaria o menos,3,27.0,43.0,Empleador,Comercio,1 a 10 trabajadores,No,4,1111.0
50,Mujer,Urbana,Selva,Superior universitaria,15,26.0,21.0,Empleado,Servicios,1 a 10 trabajadores,Si,3,3049.0
33,Hombre,Urbana,Costa,Secundaria,10,17.0,35.0,Empleado,"Administracion publica, educacion y salud",11 a 50 trabajadores,Si,2,1946.0
30,Mujer,Rural,Sierra,Secundaria,8,15.0,35.0,Trabajador independiente,Agropecuario,1 a 10 trabajadores,No,4,171.0
35,Hombre,Rural,Sierra,Secundaria,10,21.0,34.0,Trabajador independiente,Agropecuario,1 a 10 trabajadores,No,3,352.0
48,Hombre,Urbana,Lima Metropolitana,Secundaria,8,36.0,52.0,Empleado,Servicios,Mas de 50 trabajadores,Si,4,1629.0
46,Hombre,Urbana,Costa,Superior no universitaria,15,24.0,46.0,Empleado,Comercio,1 a 10 trabajadores,No,1,2224.0
42,Hombre,Urbana,Sierra,Superior universitaria,14,24.0,35.0,Empleado,Comercio,Mas de 50 trabajadores,Si,6,4389.0
27,Mujer,Urbana,Lima Metropolitana,Superior no universitaria,12,8.0,43.0,Empleado,Construccion,11 a 50 trabajadores,No,6,2763.0
18,Mujer,Urbana,Lima Metropolitana,Secundaria,11,1.0,35.0,Obrero,Comercio,Mas de 50 trabajadores,Si,3,1088.0
27,Mujer,Urbana,Sierra,Secundaria,11,12.0,36.0,Trabajador independiente,Construccion,1 a 10 trabajadores,No,3,778.0
51,Hombre,Urbana,Lima Metropolitana,Superior universitaria,15,32.0,32.0,Empleador,"Administracion publica, educacion y salud",1 a 10 trabajadores,No,2,7203.0
40,Mujer,Urbana,Lima Metropolitana,Secundaria,8,25.0,31.0,Empleado,"Administracion publica, educacion y salud",1 a 10 trabajadores,Si,5,954.0
33,Hombre,Rural,Sierra,Secundaria,7,20.0,15.0,Trabajador independiente,Agropecuario,1 a 10 trabajadores,No,2,175.0
25,Mujer,Urbana,Lima Metropolitana,Secundaria,8,10.0,56.0,Empleado,Servicios,Mas de 50 trabajadores,No,3,1989.0
41,Mujer,Urbana,Selva,Superior universitaria,15,20.0,30.0,Empleado,Comercio,Mas de 50 trabajadores,Si,6,2601.0
43,Mujer,Urbana,Lima Metropolitana,Superior universitaria,16,25.0,38.0,Empleado,Comercio,11 a 50 trabajadores,No,6,2989.0
49,Mujer,Urbana,Lima Metropolitana,Secundaria,10,30.0,29.0,Trabajador independiente,Servicios,1 a 10 trabajadores,No,7,465.0
61,Hombre,Urbana,Costa,Superior no universitaria,14,43.0,47.0,Trabajador independiente,Manufactura,1 a 10 trabajadores,No,3,1257.0
60,Hombre,Urbana,Costa,Superior universitaria,17,38.0,58.0,Empleado,"Administracion publica, educacion y salud",11 a 50 trabajadores,Si,7,8107.0
18,Hombre,Urbana,Selva,Superior universitaria,17,0.0,54.0,Empleado,Servicios,11 a 50 trabajadores,Si,4,2260.0
56,Hombre,Rural,Sierra,Superior universitaria,16,30.0,61.0,Empleado,"Administracion publica, educacion y salud",11 a 50 trabajadores,No,4,2400.0
39,Hombre,Urbana,Lima Metropolitana,Superior no universitaria,13,21.0,37.0,Trabajador independiente,Comercio,1 a 10 trabajadores,No,4,1917.0
50,Mujer,Urbana,Costa,Secundaria,11,35.0,48.0,Empleado,Construccion,1 a 10 trabajadores,No,5,1651.0
51,Hombre,Urbana,Lima Metropolitana,Primaria o menos,5,41.0,48.0,Empleado,Servicios,1 a 10 trabajadores,No,6,570.0
50,Mujer,Urbana,Selva,Secundaria,8,36.0,27.0,Trabajador independiente,Comercio,1 a 10 trabajadores,No,3,788.0
52,Hombre,Rural,Sierra,Primaria o menos,5,41.0,47.0,Trabajador independiente,Agropecuario,1 a 10 trabajadores,No,4,257.0
39,Mujer,Urbana,Costa,Secundaria,9,23.0,32.0,Trabajador independiente,Comercio,1 a 10 trabajadores,No,8,669.0
27,Hombre,Urbana,Lima Metropolitana,Secundaria,8,15.0,51.0,Obrero,Servicios,11 a 50 trabajadores,No,4,1473.0
18,Mujer,Urbana,Selva,Superior universitaria,14,0.0,43.0,Trabajador independiente,Comercio,11 a 50 trabajadores,No,2,1735.0
37,Mujer,Urbana,Sierra,Primaria o menos,4,25.0,40.0,Trabajador independiente,Comercio,11 a 50 trabajadores,No,4,891.0
35,Hombre,Urbana,Costa,Secundaria,11,18.0,41.0,Trabajador independiente,Comercio,1 a 10 trabajadores,No,3,1060.0
36,Hombre,Rural,Sierra,Superior no universitaria,15,13.0,49.0,Trabajador independiente,Agropecuario,1 a 10 trabajadores,No,1,374.0
44,Hombre,Rural,Sierra,Primaria o menos,3,34.0,50.0,Trabajador independiente,"Administracion publica, educacion y salud",1 a 10 trabajadores,Si,3,484.0
36,Mujer,Urbana,Costa,Superior no universitaria,12,18.0,63.0,Trabajador independiente,Comercio,1 a 10 trabajadores,No,4,1141.0
49,Mujer,Urbana,Sierra,Superior universitaria,14,31.0,54.0,Empleado,"Administracion publica, educacion y salud",1 a 10 trabajadores,Si,8,3207.0
26,Hombre,Urbana,Selva,Secundaria,11,7.0,53.0,Trabajador independiente,Construccion,1 a 10 trabajadores,No,3,931.0
49,Mujer,Rural,Sierra,Secundaria,11,31.0,31.0,Trabajador independiente,Agropecuario,1 a 10 trabajadores,No,3,274.0
40,Hombre,Urbana,Costa,Superior no universitaria,13,21.0,45.0,Empleador,"Administracion publica, educacion y salud",1 a 10 trabajadores,No,3,1932.0
23,Mujer,Rural,Selva,Primaria o menos,2,15.0,24.0,Trabajador independiente,"Administracion publica, educacion y salud",1 a 10 trabajadores,No,2,328.0
31,Hombre,Urbana,Selva,Superior universitaria,14,11.0,35.0,Empleado,Construccion,Mas de 50 trabajadores,No,5,3808.0
35,Mujer,Urbana,Selva,Superior universitaria,14,15.0,51.0,Trabajador independiente,Servicios,1 a 10 trabajadores,No,3,4110.0
43,Mujer,Urbana,Lima Metropolitana,Secundaria,8,29.0,8.0,Obrero,Servicios,Mas de 50 trabajadores,No,6,691.0
42,Hombre,Urbana,Sierra,Superior no universitaria,14,19.0,40.0,Empleado,Comercio,Mas de 50 trabajadores,Si,4,2580.0
50,Hombre,Urbana,Selva,Superior universitaria,14,28.0,51.0,Empleado,"Administracion publica, educacion y salud",1 a 10 trabajadores,No,3,3708.0
54,Hombre,Urbana,Lima Metropolitana,Secundaria,11,35.0,22.0,Empleado,Comercio,Mas de 50 trabajadores,Si,3,1750.0
26,Hombre,Urbana,Lima Metropolitana,Secundaria,9,12.0,60.0,Empleado,Servicios,1 a 10 trabajadores,No,2,1371.0
58,Hombre,Urbana,Lima Metropolitana,Superior no universitaria,15,39.0,40.0,Trabajador independiente,Construccion,1 a 10 trabajadores,No,10,3033.0
37,Mujer,Urbana,Costa,Secundaria,11,24.0,26.0,Obrero,Comercio,11 a 50 trabajadores,No,4,553.0
24,Hombre,Urbana,Lima Metropolitana,Secundaria,11,7.0,64.0,Empleado,Manufactura,11 a 50 trabajadores,No,7,956.0
22,Mujer,Urbana,Lima Metropolitana,Secundaria,10,4.0,45.0,Obrero,Manufactura,1 a 10 trabajadores,No,4,664.0
43,Mujer,Urbana,Lima Metropolitana,Superior no universitaria,14,22.0,42.0,Empleado,Manufactura,Mas de 50 trabajadores,Si,4,3288.0
54,Hombre,Urbana,Sierra,Secundaria,7,39.0,27.0,Empleado,Servicios,1 a 10 trabajadores,No,5,842.0
27,Mujer,Urbana,Lima Metropolitana,Secundaria,8,13.0,55.0,Obrero,Comercio,1 a 10 trabajadores,No,1,1034.0
44,Hombre,Urbana,Selva,Superior universitaria,15,27.0,47.0,Empleado,Agropecuario,1 a 10 trabajadores,Si,3,1962.0
25,Mujer,Urbana,Lima Metropolitana,Secundaria,10,9.0,55.0,Obrero,Comercio,Mas de 50 trabajadores,No,7,1663.0
46,Mujer,Urbana,Costa,Secundaria,7,30.0,39.0,Obrero,Servicios,Mas de 50 trabajadores,No,8,1567.0
27,Hombre,Rural,Sierra,Primaria o menos,6,16.0,28.0,Trabajador independiente,Comercio,1 a 10 trabajadores,No,6,223.0
65,Mujer,Rural,Sierra,Superior universitaria,14,45.0,41.0,Trabajador independiente,Agropecuario,1 a 10 trabajadores,No,3,492.0
52,Hombre,Urbana,Costa,Secundaria,10,37.0,52.0,Obrero,Servicios,Mas de 50 trabajadores,No,3,1799.0
47,Hombre,Rural,Sierra,Superior universitaria,16,19.0,54.0,Empleado,"Administracion publica, educacion y salud",Mas de 50 trabajadores,No,3,1699.0
45,Hombre,Urbana,Lima Metropolitana,Superior no universitaria,14,25.0,53.0,Empleado,"Administracion publica, educacion y salud",Mas de 50 trabajadores,Si,3,9368.0
56,Hombre,Rural,Sierra,Secundaria,9,39.0,47.0,Trabajador independiente,Manufactura,1 a 10 trabajadores,No,4,589.0
28,Mujer,Rural,Costa,Secundaria,8,13.0,36.0,Obrero,Agropecuario,11 a 50 trabajadores,No,5,234.0
44,Mujer,Urbana,Lima Metropolitana,Superior universitaria,16,19.0,58.0,Empleado,Comercio,11 a 50 trabajadores,Si,4,5189.0
23,Mujer,Rural,Sierra,Primaria o menos,3,16.0,51.0,Trabajador independiente,Manufactura,Mas de 50 trabajadores,No,6,253.0
30,Hombre,Urbana,Sierra,Secundaria,9,17.0,58.0,Obrero,Manufactura,11 a 50 trabajadores,No,7,848.0
27,Mujer,Urbana,Costa,Superior universitaria,16,2.0,73.0,Empleado,Comercio,1 a 10 trabajadores,No,3,1345.0
63,Hombre,Rural,Sierra,Secundaria,11,44.0,14.0,Obrero,Construccion,11 a 50 trabajadores,Si,5,624.0
40,Hombre,Urbana,Lima Metropolitana,Secundaria,11,27.0,38.0,Trabajador independiente,Servicios,1 a 10 trabajadores,No,6,1239.0
39,Hombre,Rural,Costa,Secundaria,8,25.0,56.0,Obrero,"Administracion publica, educacion y salud",11 a 50 trabajadores,No,6,699.0
32,Hombre,Urbana,Costa,Superior no universitaria,12,13.0,42.0,Trabajador independiente,Servicios,1 a 10 trabajadores,No,3,1084.0
19,Mujer,Urbana,Lima Metropolitana,Superior universitaria,17,0.0,33.0,Trabajador independiente,Manufactura,1 a 10 trabajadores,Si,3,3215.0
52,Mujer,Rural,Costa,Secundaria,8,35.0,26.0,Obrero,Agropecuario,11 a 50 trabajadores,No,6,379.0
35,Hombre,Urbana,Lima Metropolitana,Secundaria,7,19.0,56.0,Empleado,"Administracion publica, educacion y salud",Mas de 50 trabajadores,No,5,1595.0
38,Hombre,Urbana,Lima Metropolitana,Secundaria,9,26.0,68.0,Trabajador independiente,Manufactura,1 a 10 trabajadores,Si,5,1619.0
59,Hombre,Urbana,Lima Metropolitana,Superior universitaria,16,38.0,52.0,Trabajador independiente,Manufactura,1 a 10 trabajadores,No,6,3114.0
43,Hombre,Urbana,Lima Metropolitana,Superior universitaria,14,25.0,32.0,Trabajador independiente,Comercio,1 a 10 trabajadores,No,4,2707.0
26,Hombre,Rural,Selva,Primaria o menos,5,14.0,49.0,Trabajador independiente,Agropecuario,1 a 10 trabajadores,No,7,341.0
30,Mujer,Rural,Selva,Primaria o menos,2,18.0,37.0,Trabajador independiente,Manufactura,1 a 10 trabajadores,No,3,204.0
43,Mujer,Urbana,Sierra,Secundaria,10,30.0,46.0,Trabajador independiente,"Administracion publica, educacion y salud",1 a 10 trabajadores,No,5,1217.0
39,Mujer,Urbana,Lima Metropolitana,Superior universitaria,15,18.0,48.0,Trabajador independiente,Servicios,1 a 10 trabajadores,No,5,3172.0
48,Mujer,Rural,Selva,Superior no universitaria,12,31.0,29.0,Trabajador independiente,Agropecuario,1 a 10 trabajadores,No,4,368.0
40,Hombre,Urbana,Sierra,Secundaria,8,25.0,44.0,Trabajador independiente,Servicios,1 a 10 trabajadores,Si,5,1492.0
50,Mujer,Urbana,Lima Metropolitana,Superior no universitaria,12,28.0,21.0,Trabajador independiente,Manufactura,1 a 10 trabajadores,No,5,1026.0
52,Mujer,Urbana,Selva,Secundaria,11,34.0,30.0,Obrero,Servicios,Mas de 50 trabajadores,Si,4,1371.0
42,Hombre,Rural,Sierra,Secundaria,10,29.0,41.0,Trabajador independiente,Servicios,1 a 10 trabajadores,No,3,376.0
45,Mujer,Urbana,Lima Metropolitana,Secundaria,9,30.0,63.0,Trabajador independiente,Construccion,1 a 10 trabajadores,Si,2,875.0
35,Hombre,Urbana,Costa,Superior no universitaria,13,15.0,60.0,Empleado,Comercio,1 a 10 trabajadores,No,6,1622.0
43,Mujer,Urbana,Sierra,Superior no universitaria,15,23.0,41.0,Empleado,Comercio,11 a 50 trabajadores,No,6,1704.0
60,Mujer,Urbana,Lima Metropolitana,Superior universitaria,15,41.0,59.0,Trabajador independiente,"Administracion publica, educacion y salud",1 a 10 trabajadores,No,5,4106.0
36,Hombre,Urbana,Lima Metropolitana,Superior universitaria,16,16.0,37.0,Obrero,Manufactura,1 a 10 trabajadores,Si,5,4988.0
25,Hombre,Urbana,Costa,Superior universitaria,14,5.0,70.0,Empleado,Comercio,11 a 50 trabajadores,Si,6,2263.0
39,Mujer,Urbana,Sierra,Superior universitaria,14,19.0,56.0,Empleado,Manufactura,Mas de 50 trabajadores,Si,6,2684.0
41,Hombre,Rural,Sierra,Secundaria,9,30.0,19.0,Empleador,Agropecuario,11 a 50 trabajadores,No,4,605.0
32,Mujer,Urbana,Costa,Primaria o menos,2,26.0,51.0,Trabajador independiente,Comercio,1 a 10 trabajadores,No,7,321.0
18,Hombre,Urbana,Lima Metropolitana,Superior no universitaria,13,0.0,44.0,Trabajador independiente,Construccion,1 a 10 trabajadores,No,3,1428.0
31,Mujer,Urbana,Sierra,Superior no universitaria,12,14.0,18.0,Empleador,"Administracion publica, educacion y salud",1 a 10 trabajadores,Si,8,2504.0
40,Mujer,Urbana,Lima Metropolitana,Superior no universitaria,12,26.0,44.0,Trabajador independiente,Manufactura,1 a 10 trabajadores,No,3,1169.0
37,Hombre,Urbana,Sierra,Secundaria,9,,56.0,Empleado,Servicios,1 a 10 trabajadores,No,3,1085.0
31,Mujer,Urbana,Lima Metropolitana,Superior no universitaria,12,11.0,18.0,Empleador,"Administracion publica, educacion y salud",1 a 10 trabajadores,No,6,1956.0
31,Hombre,Urbana,Costa,Secundaria,10,18.0,56.0,Trabajador independiente,Servicios,1 a 10 trabajadores,No,6,754.0
55,Mujer,Rural,Sierra,Superior no universitaria,13,36.0,60.0,Trabajador independiente,Agropecuario,1 a 10 trabajadores,No,6,502.0
36,Hombre,Urbana,Costa,Secundaria,11,20.0,49.0,Empleado,Construccion,Mas de 50 trabajadores,Si,2,2135.0
43,Hombre,Urbana,Lima Metropolitana,Superior universitaria,17,20.0,42.0,Empleador,Servicios,1 a 10 trabajadores,No,4,5870.0
41,Mujer,Urbana,Costa,Secundaria,9,29.0,54.0,Trabajador independiente,Manufactura,1 a 10 trabajadores,No,2,1087.0
46,Mujer,Urbana,Costa,Secundaria,8,30.0,51.0,Trabajador independiente,Comercio,1 a 10 trabajadores,No,3,807.0
36,Mujer,Urbana,Sierra,Superior universitaria,16,16.0,34.0,Empleado,Construccion,1 a 10 trabajadores,Si,3,1499.0
23,Hombre,Urbana,Sierra,Secundaria,10,6.0,50.0,Trabajador independiente,Comercio,1 a 10 trabajadores,No,6,630.0
59,Hombre,Urbana,Costa,Superior universitaria,17,33.0,47.0,Trabajador independiente,Servicios,1 a 10 trabajadores,No,4,2177.0
18,Hombre,Rural,Sierra,Superior no universitaria,14,0.0,35.0,Empleado,Agropecuario,1 a 10 trabajadores,No,4,477.0
59,Mujer,Rural,Sierra,Secundaria,11,41.0,25.0,Empleador,Agropecuario,11 a 50 trabajadores,No,2,447.0
54,Mujer,Rural,Sierra,Primaria o menos,6,43.0,39.0,Empleador,Agropecuario,1 a 10 trabajadores,No,5,473.0
19,Hombre,Rural,Sierra,Secundaria,11,0.0,40.0,Empleado,Agropecuario,11 a 50 trabajadores,No,3,658.0
50,Hombre,Urbana,Lima Metropolitana,Superior universitaria,17,25.0,44.0,Trabajador independiente,Manufactura,1 a 10 trabajadores,No,6,4477.0
25,Mujer,Urbana,Lima Metropolitana,Primaria o menos,5,12.0,53.0,Obrero,Servicios,1 a 10 trabajadores,No,2,651.0
57,Mujer,Rural,Costa,Primaria o menos,5,45.0,52.0,Obrero,Agropecuario,Mas de 50 trabajadores,No,5,549.0
30,Hombre,Urbana,Lima Metropolitana,Secundaria,9,13.0,62.0,Trabajador independiente,Servicios,1 a 10 trabajadores,No,2,1141.0
39,Hombre,Urbana,Sierra,Superior universitaria,15,18.0,,Empleado,Servicios,1 a 10 trabajadores,Si,7,2527.0
28,Mujer,Rural,Sierra,Primaria o menos,6,17.0,21.0,Trabajador independiente,Agropecuario,1 a 10 trabajadores,No,5,161.0
33,Mujer,Rural,Selva,Primaria o menos,4,23.0,25.0,Trabajador independiente,Agropecuario,1 a 10 trabajadores,No,4,173.0
30,Hombre,Urbana,Lima Metropolitana,Secundaria,8,16.0,63.0,Empleado,Servicios,1 a 10 trabajadores,No,4,1141.0
53,Hombre,Urbana,Costa,Superior no universitaria,13,35.0,30.0,Trabajador independiente,Comercio,1 a 10 trabajadores,No,4,1294.0
49,Hombre,Urbana,Costa,Secundaria,9,34.0,55.0,Trabajador independiente,Servicios,1 a 10 trabajadores,No,3,861.0
37,Hombre,Urbana,Costa,Secundaria,7,22.0,34.0,Trabajador independiente,"Administracion publica, educacion y salud",1 a 10 trabajadores,No,1,865.0
58,Hombre,Urbana,Costa,Superior universitaria,16,34.0,42.0,Empleado,Comercio,1 a 10 trabajadores,No,7,4337.0
38,Mujer,Urbana,Sierra,Secundaria,11,17.0,35.0,Trabajador independiente,Manufactura,1 a 10 trabajadores,No,1,673.0
37,Mujer,Rural,Sierra,Primaria o menos,3,26.0,36.0,Trabajador independiente,Agropecuario,1 a 10 trabajadores,No,7,153.0
25,Hombre,Urbana,Costa,Secundaria,8,13.0,30.0,Empleado,Servicios,1 a 10 trabajadores,No,3,760.0
38,Mujer,Rural,Sierra,Superior no universitaria,13,20.0,51.0,Trabajador independiente,Comercio,11 a 50 trabajadores,No,6,567.0
38,Hombre,Urbana,Sierra,Superior no universitaria,13,19.0,28.0,Empleado,Servicios,Mas de 50 trabajadores,Si,3,1762.0
48,Hombre,Urbana,Selva,Superior no universitaria,15,27.0,45.0,Trabajador independiente,Comercio,1 a 10 trabajadores,No,9,2180.0
22,Hombre,Rural,Sierra,Secundaria,8,9.0,48.0,Empleador,Construccion,Mas de 50 trabajadores,No,6,1852.0
52,Hombre,Urbana,Costa,Secundaria,8,40.0,31.0,Trabajador independiente,Comercio,1 a 10 trabajadores,No,4,726.0
18,Hombre,Rural,Selva,Primaria o menos,3,8.0,50.0,Empleado,Comercio,11 a 50 trabajadores,No,3,444.0
52,Mujer,Urbana,Lima Metropolitana,Secundaria,8,39.0,45.0,Empleado,"Administracion publica, educacion y salud",1 a 10 trabajadores,No,4,1252.0
48,Mujer,Urbana,Lima Metropolitana,Secundaria,7,35.0,33.0,Trabajador independiente,Agropecuario,11 a 50 trabajadores,No,5,795.0
65,Hombre,Urbana,Lima Metropolitana,Superior universitaria,14,45.0,54.0,Empleado,Servicios,Mas de 50 trabajadores,,5,5555.0
30,Hombre,Urbana,Costa,Secundaria,11,12.0,42.0,Empleado,Comercio,1 a 10 trabajadores,No,2,1852.0
55,Mujer,Urbana,Sierra,Secundaria,7,41.0,44.0,Empleado,"Administracion publica, educacion y salud",Mas de 50 trabajadores,No,4,1442.0
65,Mujer,Urbana,Lima Metropolitana,Superior no universitaria,15,44.0,45.0,Trabajador independiente,Servicios,Mas de 50 trabajadores,No,6,2416.0
46,Mujer,Urbana,Lima Metropolitana,Superior universitaria,17,23.0,45.0,Empleado,Comercio,1 a 10 trabajadores,Si,3,5422.0
42,Hombre,Urbana,Costa,Superior universitaria,16,21.0,25.0,Trabajador independiente,Construccion,1 a 10 trabajadores,No,6,2108.0
21,Mujer,Urbana,Lima Metropolitana,Secundaria,10,9.0,35.0,Obrero,Servicios,Mas de 50 trabajadores,Si,5,1214.0
36,Hombre,Urbana,Lima Metropolitana,Secundaria,9,20.0,52.0,Trabajador independiente,Comercio,11 a 50 trabajadores,No,5,1660.0
32,Hombre,Urbana,Costa,Secundaria,7,18.0,59.0,Empleado,Comercio,11 a 50 trabajadores,No,3,808.0
37,Hombre,Urbana,Sierra,Superior no universitaria,12,18.0,45.0,Obrero,Servicios,1 a 10 trabajadores,No,5,1929.0
43,Mujer,Urbana,Lima Metropolitana,Primaria o menos,5,31.0,32.0,Obrero,Comercio,Mas de 50 trabajadores,No,8,698.0
44,Hombre,Urbana,Sierra,Superior universitaria,16,25.0,49.0,Empleado,Manufactura,1 a 10 trabajadores,Si,4,3066.0
39,Hombre,Urbana,Costa,Superior universitaria,15,17.0,65.0,Empleado,Manufactura,1 a 10 trabajadores,Si,3,3103.0
32,Hombre,Urbana,Lima Metropolitana,Superior universitaria,15,11.0,63.0,Empleador,Servicios,1 a 10 trabajadores,Si,5,3726.0
29,Hombre,Urbana,Selva,Superior no universitaria,14,4.0,65.0,Obrero,Servicios,Mas de 50 trabajadores,Si,4,2014.0
57,Hombre,Urbana,Lima Metropolitana,Secundaria,7,41.0,33.0,Empleado,Servicios,11 a 50 trabajadores,No,5,1135.0
62,Hombre,Urbana,Sierra,Superior universitaria,17,42.0,46.0,Trabajador independiente,"Administracion publica, educacion y salud",11 a 50 trabajadores,No,5,3720.0
28,Mujer,Urbana,Sierra,Primaria o menos,6,18.0,41.0,Obrero,Comercio,1 a 10 trabajadores,No,4,529.0
65,Hombre,Urbana,Lima Metropolitana,Superior universitaria,15,45.0,35.0,Empleado,Servicios,Mas de 50 trabajadores,Si,5,4650.0
22,Mujer,Urbana,Sierra,Secundaria,7,13.0,39.0,Empleado,Comercio,Mas de 50 trabajadores,Si,7,1450.0
38,Mujer,Urbana,Lima Metropolitana,Superior universitaria,15,18.0,35.0,Empleado,Manufactura,Mas de 50 trabajadores,Si,3,5005.0
27,Hombre,Urbana,Lima Metropolitana,Posgrado,18,5.0,48.0,Trabajador independiente,Manufactura,1 a 10 trabajadores,No,4,1868.0
21,Hombre,Urbana,Selva,Superior no universitaria,12,3.0,65.0,Obrero,Servicios,1 a 10 trabajadores,No,5,593.0
46,Hombre,Urbana,Lima Metropolitana,Secundaria,7,35.0,56.0,Empleado,"Administracion publica, educacion y salud",1 a 10 trabajadores,No,3,1231.0
50,Hombre,Urbana,Sierra,Primaria o menos,2,41.0,48.0,Empleado,"Administracion publica, educacion y salud",1 a 10 trabajadores,No,2,913.0
28,Hombre,Rural,Sierra,Secundaria,11,16.0,43.0,Trabajador independiente,Agropecuario,1 a 10 trabajadores,No,6,267.0
46,Hombre,Urbana,Sierra,Secundaria,10,31.0,16.0,Empleador,"Administracion publica, educacion y salud",1 a 10 trabajadores,No,3,1871.0
38,Mujer,Urbana,Costa,Secundaria,8,25.0,58.0,Trabajador independiente,Construccion,1 a 10 trabajadores,No,2,1492.0
48,Hombre,Urbana,Lima Metropolitana,Secundaria,7,37.0,39.0,Obrero,Comercio,Mas de 50 trabajadores,Si,6,1465.0
45,Mujer,Urbana,Sierra,Superior no universitaria,12,26.0,53.0,Empleado,Comercio,1 a 10 trabajadores,No,7,1170.0
45,Mujer,Rural,Selva,Secundaria,9,29.0,43.0,Trabajador independiente,Agropecuario,1 a 10 trabajadores,No,5,269.0
63,Hombre,Urbana,Sierra,Superior universitaria,15,40.0,32.0,Empleado,Comercio,11 a 50 trabajadores,Si,5,3337.0
25,Hombre,Urbana,Costa,Secundaria,9,10.0,47.0,Trabajador independiente,Comercio,1 a 10 trabajadores,No,5,579.0
49,Mujer,Urbana,Lima Metropolitana,Superior no universitaria,13,29.0,28.0,Empleado,Servicios,1 a 10 trabajadores,Si,4,1958.0
31,Hombre,Urbana,Sierra,Superior universitaria,15,8.0,56.0,Empleado,Manufactura,11 a 50 trabajadores,Si,4,3388.0
44,Mujer,Urbana,Sierra,Superior no universitaria,13,25.0,80.0,Trabajador independiente,Agropecuario,1 a 10 trabajadores,No,6,560.0
46,Mujer,Urbana,Lima Metropolitana,Superior universitaria,16,20.0,44.0,Empleado,"Administracion publica, educacion y salud",Mas de 50 trabajadores,Si,4,7706.0
34,Mujer,Rural,Sierra,Primaria o menos,5,24.0,55.0,Obrero,Manufactura,11 a 50 trabajadores,No,3,259.0
37,Mujer,Urbana,Lima Metropolitana,Superior no universitaria,13,19.0,38.0,Obrero,Servicios,11 a 50 trabajadores,No,4,1860.0
64,Hombre,Urbana,Sierra,Superior universitaria,16,,46.0,Empleado,Comercio,11 a 50 trabajadores,Si,4,3376.0
46,Mujer,Urbana,Selva,Superior universitaria,16,24.0,66.0,Empleado,Comercio,1 a 10 trabajadores,No,4,2826.0
34,Mujer,Urbana,Costa,Superior no universitaria,13,15.0,30.0,Empleado,"Administracion publica, educacion y salud",11 a 50 trabajadores,Si,3,1674.0
44,Hombre,Urbana,Lima Metropolitana,Superior no universitaria,14,23.0,52.0,Trabajador independiente,"Administracion publica, educacion y salud",1 a 10 trabajadores,No,5,3577.0
43,Mujer,Urbana,Costa,Superior no universitaria,14,26.0,43.0,Obrero,"Administracion publica, educacion y salud",1 a 10 trabajadores,Si,7,2559.0
65,Hombre,Rural,Sierra,Primaria o menos,2,45.0,52.0,Trabajador independiente,Agropecuario,1 a 10 trabajadores,No,5,150.0
50,Mujer,Rural,Sierra,Primaria o menos,3,43.0,56.0,Trabajador independiente,Agropecuario,1 a 10 trabajadores,No,1,219.0
39,Mujer,Rural,Sierra,Secundaria,9,21.0,41.0,Trabajador independiente,Agropecuario,1 a 10 trabajadores,No,2,336.0
28,Mujer,Urbana,Costa,Secundaria,10,12.0,47.0,Empleado,Comercio,1 a 10 trabajadores,No,6,1117.0
33,Mujer,Urbana,Costa,Superior universitaria,17,10.0,49.0,Empleado,Servicios,Mas de 50 trabajadores,Si,1,5665.0
26,Hombre,Urbana,Costa,Superior no universitaria,14,,54.0,Obrero,Comercio,1 a 10 trabajadores,No,3,1091.0
30,Mujer,Rural,Sierra,Primaria o menos,5,18.0,28.0,Trabajador independiente,Agropecuario,1 a 10 trabajadores,No,3,264.0
19,Hombre,Rural,Sierra,Secundaria,8,6.0,51.0,Empleado,Comercio,11 a 50 trabajadores,No,3,745.0
37,Hombre,Urbana,Lima Metropolitana,Superior no universitaria,15,15.0,48.0,Trabajador independiente,"Administracion publica, educacion y salud",1 a 10 trabajadores,No,4,4676.0
18,Mujer,Rural,Selva,Primaria o menos,5,6.0,39.0,Trabajador independiente,Agropecuario,1 a 10 trabajadores,No,5,150.0
37,Mujer,Urbana,Costa,Secundaria,9,22.0,36.0,Trabajador independiente,Construccion,1 a 10 trabajadores,No,1,727.0
30,Mujer,Urbana,Lima Metropolitana,Secundaria,9,14.0,69.0,Trabajador independiente,Servicios,1 a 10 trabajadores,No,5,1668.0
65,Hombre,Urbana,Sierra,Superior universitaria,14,45.0,50.0,Trabajador independiente,Construccion,1 a 10 trabajadores,No,2,1158.0
38,Mujer,Rural,Sierra,Primaria o menos,3,29.0,50.0,Trabajador independiente,Agropecuario,1 a 10 trabajadores,No,1,210.0
37,Hombre,Urbana,Selva,Superior no universitaria,12,21.0,34.0,Empleado,Manufactura,1 a 10 trabajadores,No,5,1579.0
44,Mujer,Urbana,Lima Metropolitana,Secundaria,9,27.0,36.0,Empleado,"Administracion publica, educacion y salud",Mas de 50 trabajadores,Si,4,4772.0
19,Hombre,Urbana,Sierra,Secundaria,7,1.0,41.0,Trabajador independiente,"Administracion publica, educacion y salud",1 a 10 trabajadores,No,5,649.0
35,Hombre,Urbana,Lima Metropolitana,Secundaria,9,23.0,46.0,Trabajador independiente,"Administracion publica, educacion y salud",1 a 10 trabajadores,No,6,2887.0
43,Mujer,Urbana,Lima Metropolitana,Superior universitaria,16,24.0,33.0,Trabajador independiente,Servicios,1 a 10 trabajadores,No,3,4006.0
19,Mujer,Urbana,Lima Metropolitana,Secundaria,8,9.0,51.0,Obrero,"Administracion publica, educacion y salud",1 a 10 trabajadores,Si,3,1552.0
43,Mujer,Urbana,Costa,Secundaria,11,25.0,35.0,Trabajador independiente,Comercio,1 a 10 trabajadores,No,4,1179.0
21,Hombre,Urbana,Sierra,Superior no universitaria,15,3.0,47.0,Empleado,Construccion,Mas de 50 trabajadores,Si,5,3338.0
38,Hombre,Urbana,Lima Metropolitana,Superior universitaria,16,13.0,63.0,Trabajador independiente,Manufactura,1 a 10 trabajadores,No,4,4263.0
21,Hombre,Urbana,Sierra,Secundaria,11,2.0,61.0,Trabajador independiente,Construccion,1 a 10 trabajadores,No,1,758.0
49,Hombre,Urbana,Sierra,Superior no universitaria,13,29.0,37.0,Empleador,Comercio,11 a 50 trabajadores,No,1,2786.0
34,Hombre,Rural,Sierra,Primaria o menos,5,22.0,57.0,Trabajador independiente,Agropecuario,1 a 10 trabajadores,No,7,264.0
18,Mujer,Urbana,Costa,Secundaria,8,5.0,54.0,Trabajador independiente,Manufactura,1 a 10 trabajadores,No,5,498.0
52,Mujer,Urbana,Costa,Posgrado,17,32.0,48.0,Trabajador independiente,Servicios,1 a 10 trabajadores,No,2,2895.0
46,Mujer,Rural,Costa,Primaria o menos,5,34.0,36.0,Obrero,Agropecuario,Mas de 50 trabajadores,Si,3,592.0
33,Mujer,Urbana,Lima Metropolitana,Secundaria,10,19.0,52.0,Trabajador independiente,Construccion,1 a 10 trabajadores,No,5,1674.0
30,Hombre,Rural,Selva,Primaria o menos,2,20.0,50.0,Trabajador independiente,Agropecuario,1 a 10 trabajadores,No,6,202.0
20,Hombre,Rural,Sierra,Primaria o menos,2,11.0,46.0,Trabajador independiente,Agropecuario,1 a 10 trabajadores,No,1,301.0
43,Hombre,Urbana,Sierra,Secundaria,8,,36.0,Trabajador independiente,Servicios,1 a 10 trabajadores,No,3,612.0
22,Hombre,Urbana,Costa,Secundaria,10,6.0,83.0,Empleado,Servicios,1 a 10 trabajadores,No,6,1932.0
32,Hombre,Rural,Sierra,Secundaria,8,19.0,34.0,Trabajador independiente,Construccion,1 a 10 trabajadores,No,5,396.0
51,Hombre,Rural,Sierra,Secundaria,10,34.0,37.0,Trabajador independiente,Agropecuario,1 a 10 trabajadores,No,3,223.0
24,Mujer,Urbana,Selva,Secundaria,8,11.0,58.0,Trabajador independiente,Comercio,1 a 10 trabajadores,No,2,756.0
30,Mujer,Urbana,Costa,Secundaria,11,10.0,55.0,Obrero,"Administracion publica, educacion y salud",1 a 10 trabajadores,No,2,920.0
25,Hombre,Rural,Costa,Primaria o menos,4,17.0,,Trabajador independiente,Agropecuario,1 a 10 trabajadores,No,5,163.0
25,Hombre,Urbana,Lima Metropolitana,Superior no universitaria,14,6.0,35.0,Trabajador independiente,"Administracion publica, educacion y salud",1 a 10 trabajadores,No,2,1035.0
65,Mujer,Urbana,Costa,Superior universitaria,15,45.0,40.0,Empleador,Servicios,11 a 50 trabajadores,No,6,5375.0
50,Mujer,Urbana,Lima Metropolitana,Superior universitaria,16,27.0,49.0,Empleado,"Administracion publica, educacion y salud",Mas de 50 trabajadores,,4,15000.0
26,Mujer,Urbana,Costa,Secundaria,10,11.0,52.0,Obrero,Servicios,Mas de 50 trabajadores,Si,3,3352.0
34,Mujer,Urbana,Costa,Posgrado,20,8.0,36.0,Empleador,Comercio,1 a 10 trabajadores,No,4,2600.0
40,Mujer,Urbana,Lima Metropolitana,Superior universitaria,16,21.0,37.0,Trabajador independiente,"Administracion publica, educacion y salud",1 a 10 trabajadores,No,3,2166.0
64,Mujer,Urbana,Sierra,Secundaria,8,45.0,63.0,Trabajador independiente,Manufactura,1 a 10 trabajadores,No,2,392.0
42,Hombre,Urbana,Lima Metropolitana,Superior no universitaria,13,23.0,50.0,Trabajador independiente,"Administracion publica, educacion y salud",1 a 10 trabajadores,No,4,2003.0
31,Hombre,Urbana,Sierra,Secundaria,7,15.0,50.0,Trabajador independiente,Servicios,1 a 10 trabajadores,No,8,353.0
42,Hombre,Urbana,Costa,Superior no universitaria,13,23.0,36.0,Empleador,Construccion,1 a 10 trabajadores,No,6,2181.0
39,Mujer,Rural,Sierra,Primaria o menos,6,23.0,53.0,Trabajador independiente,Agropecuario,1 a 10 trabajadores,No,4,209.0
55,Hombre,Urbana,Sierra,Secundaria,10,37.0,37.0,Trabajador independiente,Servicios,1 a 10 trabajadores,No,2,694.0
23,Mujer,Rural,Sierra,Primaria o menos,6,16.0,26.0,Empleador,Agropecuario,11 a 50 trabajadores,No,4,612.0
41,Mujer,Urbana,Costa,Superior no universitaria,13,23.0,56.0,Empleado,"Administracion publica, educacion y salud",11 a 50 trabajadores,Si,5,2740.0
47,Hombre,Urbana,Lima Metropolitana,Superior universitaria,15,26.0,50.0,Obrero,Servicios,1 a 10 trabajadores,No,8,2798.0
65,Hombre,Urbana,Costa,Secundaria,9,45.0,56.0,Empleado,Construccion,Mas de 50 trabajadores,Si,2,3161.0
23,Hombre,Urbana,Costa,Superior universitaria,14,4.0,46.0,Empleado,"Administracion publica, educacion y salud",Mas de 50 trabajadores,Si,5,3353.0
27,Mujer,Rural,Selva,Posgrado,17,4.0,32.0,Empleado,Manufactura,1 a 10 trabajadores,Si,4,856.0
28,Mujer,Urbana,Lima Metropolitana,Primaria o menos,6,,40.0,Obrero,Servicios,1 a 10 trabajadores,No,4,545.0
33,Mujer,Urbana,Lima Metropolitana,Superior no universitaria,14,13.0,24.0,Empleado,Comercio,Mas de 50 trabajadores,Si,3,3400.0
30,Hombre,Urbana,Lima Metropolitana,Secundaria,10,13.0,54.0,Trabajador independiente,Servicios,1 a 10 trabajadores,No,6,1107.0
32,Hombre,Urbana,Lima Metropolitana,Secundaria,7,22.0,37.0,Obrero,Comercio,Mas de 50 trabajadores,Si,2,1229.0
25,Mujer,Urbana,Costa,Superior universitaria,16,4.0,33.0,Trabajador independiente,Manufactura,1 a 10 trabajadores,No,3,1972.0
35,Mujer,Urbana,Selva,Secundaria,10,18.0,26.0,Trabajador independiente,Manufactura,1 a 10 trabajadores,No,4,1037.0
50,Mujer,Urbana,Costa,Secundaria,9,36.0,45.0,Obrero,"Administracion publica, educacion y salud",Mas de 50 trabajadores,Si,1,1272.0
65,Hombre,Urbana,Lima Metropolitana,Secundaria,8,45.0,41.0,Empleado,Manufactura,11 a 50 trabajadores,Si,5,2462.0
47,Hombre,Urbana,Costa,Secundaria,9,30.0,48.0,Obrero,"Administracion publica, educacion y salud",1 a 10 trabajadores,No,4,1412.0
30,Mujer,Urbana,Selva,Superior no universitaria,13,7.0,50.0,Empleado,Servicios,Mas de 50 trabajadores,Si,4,2424.0
44,Hombre,Urbana,Costa,Superior universitaria,17,24.0,,Empleado,Manufactura,11 a 50 trabajadores,No,5,4225.0
51,Mujer,Urbana,Lima Metropolitana,Posgrado,18,30.0,56.0,Empleado,"Administracion publica, educacion y salud",11 a 50 trabajadores,No,4,8524.0
37,Hombre,Urbana,Lima Metropolitana,Secundaria,9,21.0,26.0,Trabajador independiente,Construccion,1 a 10 trabajadores,No,2,1322.0
18,Hombre,Urbana,Sierra,Primaria o menos,3,10.0,30.0,Trabajador independiente,Agropecuario,1 a 10 trabajadores,No,4,286.0
40,Mujer,Urbana,Lima Metropolitana,Superior universitaria,15,19.0,66.0,Empleado,Comercio,11 a 50 trabajadores,No,5,2735.0
45,Hombre,Urbana,Lima Metropolitana,Superior universitaria,16,22.0,55.0,Trabajador independiente,Comercio,1 a 10 trabajadores,No,4,2279.0
18,Hombre,Urbana,Lima Metropolitana,Superior no universitaria,12,0.0,45.0,Trabajador independiente,Manufactura,1 a 10 trabajadores,No,7,1629.0
39,Hombre,Rural,Sierra,Secundaria,10,24.0,40.0,Trabajador independiente,"Administracion publica, educacion y salud",1 a 10 trabajadores,No,5,680.0
34,Hombre,Urbana,Lima Metropolitana,Secundaria,10,19.0,74.0,Trabajador independiente,Servicios,1 a 10 trabajadores,No,6,1498.0
28,Mujer,Urbana,Selva,Primaria o menos,6,16.0,42.0,Empleado,Servicios,1 a 10 trabajadores,Si,2,903.0
43,Hombre,Urbana,Sierra,Secundaria,8,28.0,47.0,Obrero,"Administracion publica, educacion y salud",1 a 10 trabajadores,No,7,1366.0
41,Mujer,Urbana,Lima Metropolitana,Primaria o menos,3,33.0,51.0,Trabajador independiente,Comercio,1 a 10 trabajadores,No,1,1103.0
39,Mujer,Rural,Selva,Primaria o menos,2,30.0,55.0,Trabajador independiente,Manufactura,1 a 10 trabajadores,No,4,374.0
49,Hombre,Urbana,Selva,Superior universitaria,16,26.0,67.0,Empleado,Comercio,1 a 10 trabajadores,Si,5,3443.0
60,Mujer,Urbana,Sierra,Superior universitaria,17,39.0,26.0,Trabajador independiente,Manufactura,1 a 10 trabajadores,No,4,1945.0
22,Hombre,Urbana,Selva,Superior no universitaria,13,3.0,38.0,Empleado,Manufactura,11 a 50 trabajadores,Si,1,2574.0
27,Hombre,Urbana,Sierra,Primaria o menos,5,17.0,62.0,Obrero,"Administracion publica, educacion y salud",Mas de 50 trabajadores,Si,1,2006.0
46,Mujer,Rural,Sierra,Primaria o menos,2,39.0,64.0,Trabajador independiente,Agropecuario,1 a 10 trabajadores,No,5,175.0
65,Hombre,Urbana,Lima Metropolitana,Superior universitaria,14,43.0,48.0,Empleado,Comercio,1 a 10 trabajadores,No,6,4104.0
39,Hombre,Urbana,Costa,Superior universitaria,17,13.0,46.0,Empleado,Comercio,11 a 50 trabajadores,No,3,3658.0
29,Hombre,Rural,Sierra,Superior universitaria,14,,45.0,Empleado,Agropecuario,Mas de 50 trabajadores,Si,3,1374.0
45,Hombre,Rural,Sierra,Primaria o menos,2,39.0,,Trabajador independiente,Agropecuario,1 a 10 trabajadores,No,7,197.0
41,Mujer,Urbana,Costa,Secundaria,7,30.0,24.0,Empleado,Comercio,11 a 50 trabajadores,No,8,540.0
23,Mujer,Urbana,Sierra,Primaria o menos,5,12.0,28.0,Trabajador independiente,Manufactura,1 a 10 trabajadores,No,4,418.0
52,Mujer,Urbana,Lima Metropolitana,Superior no universitaria,14,34.0,24.0,Empleado,Servicios,1 a 10 trabajadores,Si,5,1125.0
46,Mujer,Urbana,Sierra,Secundaria,9,26.0,45.0,Trabajador independiente,Comercio,1 a 10 trabajadores,No,3,453.0
36,Mujer,Urbana,Selva,Superior universitaria,15,17.0,56.0,Trabajador independiente,Comercio,1 a 10 trabajadores,No,3,2620.0
40,Mujer,Urbana,Selva,Primaria o menos,3,29.0,53.0,Obrero,Construccion,11 a 50 trabajadores,No,4,639.0
39,Mujer,Rural,Costa,Secundaria,10,20.0,75.0,Obrero,Agropecuario,11 a 50 trabajadores,No,5,269.0
29,Hombre,Rural,Sierra,Secundaria,10,12.0,66.0,Trabajador independiente,Manufactura,1 a 10 trabajadores,No,1,509.0
37,Mujer,Urbana,Lima Metropolitana,Superior no universitaria,15,16.0,36.0,Trabajador independiente,Construccion,1 a 10 trabajadores,No,5,2026.0
18,Mujer,Urbana,Lima Metropolitana,Superior universitaria,17,0.0,27.0,Empleado,Construccion,Mas de 50 trabajadores,Si,6,5256.0
55,Hombre,Urbana,Sierra,Superior no universitaria,12,38.0,26.0,Empleado,Comercio,Mas de 50 trabajadores,Si,3,2409.0
61,Hombre,Urbana,Sierra,Secundaria,9,44.0,28.0,Empleado,Comercio,1 a 10 trabajadores,No,7,762.0
57,Hombre,Urbana,Costa,Posgrado,17,34.0,46.0,Empleado,Servicios,11 a 50 trabajadores,Si,5,7229.0
47,Hombre,Urbana,Sierra,Superior no universitaria,12,29.0,60.0,Empleado,Construccion,Mas de 50 trabajadores,Si,3,2391.0
46,Mujer,Urbana,Sierra,Secundaria,7,35.0,39.0,Trabajador independiente,Manufactura,1 a 10 trabajadores,No,8,567.0
18,Mujer,Urbana,Lima Metropolitana,Primaria o menos,2,9.0,41.0,Empleado,"Administracion publica, educacion y salud",1 a 10 trabajadores,No,3,1027.0
44,Mujer,Urbana,Selva,Primaria o menos,2,33.0,28.0,Obrero,Comercio,Mas de 50 trabajadores,No,7,322.0
21,Mujer,Urbana,Lima Metropolitana,Secundaria,7,10.0,45.0,Trabajador independiente,Servicios,1 a 10 trabajadores,No,7,651.0
43,Hombre,Urbana,Lima Metropolitana,Superior no universitaria,13,20.0,58.0,Empleado,Manufactura,1 a 10 trabajadores,No,4,2044.0
21,Mujer,Urbana,Sierra,Superior universitaria,15,1.0,48.0,Empleado,Servicios,11 a 50 trabajadores,Si,5,3910.0
18,Hombre,Urbana,Sierra,Posgrado,17,0.0,38.0,Empleado,Comercio,Mas de 50 trabajadores,Si,2,3012.0
27,Hombre,Rural,Costa,Secundaria,9,8.0,49.0,Empleado,Agropecuario,11 a 50 trabajadores,Si,5,770.0
43,Hombre,Rural,Selva,Secundaria,8,32.0,32.0,Trabajador independiente,Agropecuario,1 a 10 trabajadores,No,5,270.0
30,Hombre,Rural,Selva,Primaria o menos,6,18.0,41.0,Trabajador independiente,Agropecuario,1 a 10 trabajadores,No,8,317.0
18,Hombre,Rural,Sierra,Primaria o menos,2,,35.0,Trabajador independiente,Agropecuario,1 a 10 trabajadores,No,5,187.0
38,Hombre,Urbana,Sierra,Superior universitaria,15,17.0,60.0,Obrero,Construccion,1 a 10 trabajadores,No,5,2676.0
50,Mujer,Urbana,Selva,Superior universitaria,16,30.0,58.0,Trabajador independiente,Servicios,1 a 10 trabajadores,No,5,4081.0
42,Hombre,Rural,Selva,Superior no universitaria,13,25.0,39.0,Trabajador independiente,Agropecuario,1 a 10 trabajadores,No,6,466.0
32,Hombre,Urbana,Sierra,Secundaria,9,18.0,52.0,Empleado,Servicios,1 a 10 trabajadores,No,2,955.0
57,Hombre,Urbana,Costa,Secundaria,9,42.0,46.0,Trabajador independiente,Construccion,1 a 10 trabajadores,No,4,1145.0
45,Mujer,Rural,Selva,Primaria o menos,6,33.0,21.0,Empleado,Agropecuario,11 a 50 trabajadores,No,3,328.0
48,Hombre,Rural,Sierra,Primaria o menos,2,39.0,42.0,Obrero,Agropecuario,11 a 50 trabajadores,No,6,158.0
39,Hombre,Urbana,Costa,Superior universitaria,17,18.0,40.0,Trabajador independiente,Comercio,1 a 10 trabajadores,Si,7,2577.0
41,Hombre,Rural,Costa,Secundaria,7,28.0,19.0,Empleado,Agropecuario,1 a 10 trabajadores,No,5,229.0
41,Mujer,Urbana,Lima Metropolitana,Superior no universitaria,13,,53.0,Trabajador independiente,Manufactura,1 a 10 trabajadores,No,7,1481.0
43,Mujer,Urbana,Sierra,Superior no universitaria,14,23.0,49.0,Empleado,Comercio,Mas de 50 trabajadores,Si,6,3771.0
39,Mujer,Urbana,Costa,Superior no universitaria,12,18.0,41.0,Empleado,Comercio,Mas de 50 trabajadores,No,4,1605.0
32,Mujer,Urbana,Costa,Secundaria,8,19.0,54.0,Trabajador independiente,Servicios,1 a 10 trabajadores,No,6,1053.0
48,Hombre,Urbana,Costa,Superior universitaria,16,26.0,55.0,Empleado,Servicios,Mas de 50 trabajadores,Si,4,10140.0
27,Hombre,Urbana,Lima Metropolitana,Secundaria,10,12.0,34.0,Empleado,Servicios,1 a 10 trabajadores,Si,4,1271.0
53,Hombre,Urbana,Costa,Superior universitaria,14,34.0,38.0,Empleado,"Administracion publica, educacion y salud",Mas de 50 trabajadores,Si,3,5976.0
51,Mujer,Urbana,Sierra,Secundaria,10,32.0,45.0,Trabajador independiente,Servicios,1 a 10 trabajadores,No,2,727.0
39,Mujer,Urbana,Lima Metropolitana,Secundaria,7,24.0,53.0,Empleado,Servicios,Mas de 50 trabajadores,No,3,1837.0
35,Hombre,Urbana,Costa,Superior no universitaria,12,20.0,21.0,Trabajador independiente,"Administracion publica, educacion y salud",1 a 10 trabajadores,No,5,965.0
52,Hombre,Urbana,Lima Metropolitana,Secundaria,9,40.0,51.0,Trabajador independiente,"Administracion publica, educacion y salud",1 a 10 trabajadores,No,5,1461.0
65,Hombre,Urbana,Costa,Secundaria,7,45.0,22.0,Empleado,"Administracion publica, educacion y salud",Mas de 50 trabajadores,Si,5,2528.0
52,Mujer,Rural,Selva,Primaria o menos,2,45.0,68.0,Trabajador independiente,Agropecuario,1 a 10 trabajadores,No,3,150.0
51,Mujer,Urbana,Selva,Primaria o menos,2,45.0,59.0,Trabajador independiente,"Administracion publica, educacion y salud",1 a 10 trabajadores,No,2,737.0
46,Hombre,Rural,Sierra,Superior universitaria,15,26.0,50.0,Empleado,Agropecuario,1 a 10 trabajadores,No,3,1122.0
24,Hombre,Urbana,Costa,Superior universitaria,15,5.0,45.0,Empleador,"Administracion publica, educacion y salud",11 a 50 trabajadores,Si,3,4372.0
41,Mujer,Rural,Costa,Primaria o menos,6,29.0,41.0,Obrero,Agropecuario,Mas de 50 trabajadores,No,8,424.0
43,Hombre,Rural,Sierra,Primaria o menos,4,33.0,49.0,Trabajador independiente,Agropecuario,1 a 10 trabajadores,No,5,223.0
34,Mujer,Rural,Selva,Secundaria,9,21.0,32.0,Trabajador independiente,"Administracion publica, educacion y salud",1 a 10 trabajadores,No,4,356.0
55,Mujer,Urbana,Lima Metropolitana,Secundaria,7,43.0,,Obrero,Agropecuario,Mas de 50 trabajadores,Si,4,1279.0
57,Hombre,Rural,Sierra,Superior no universitaria,15,37.0,26.0,Trabajador independiente,Comercio,1 a 10 trabajadores,No,3,427.0
34,Hombre,Urbana,Lima Metropolitana,Secundaria,11,15.0,35.0,Trabajador independiente,Servicios,1 a 10 trabajadores,No,5,1653.0
53,Hombre,Rural,Sierra,Primaria o menos,2,43.0,64.0,Obrero,Agropecuario,Mas de 50 trabajadores,No,6,467.0
59,Hombre,Urbana,Costa,Secundaria,9,43.0,46.0,Empleado,"Administracion publica, educacion y salud",Mas de 50 trabajadores,Si,2,3999.0
39,Mujer,Rural,Sierra,Superior no universitaria,13,20.0,34.0,Trabajador independiente,Servicios,1 a 10 trabajadores,No,6,213.0
20,Hombre,Urbana,Lima Metropolitana,Superior universitaria,14,2.0,63.0,Trabajador independiente,Servicios,1 a 10 trabajadores,No,5,1834.0
24,Hombre,Urbana,Costa,Superior no universitaria,13,5.0,51.0,Empleado,Servicios,1 a 10 trabajadores,No,4,1387.0
18,Hombre,Urbana,Costa,Secundaria,9,9.0,50.0,Trabajador independiente,Comercio,1 a 10 trabajadores,No,5,836.0
20,Hombre,Urbana,Lima Metropolitana,Superior universitaria,16,0.0,61.0,Empleado,"Administracion publica, educacion y salud",11 a 50 trabajadores,Si,6,6011.0
47,Mujer,Urbana,Lima Metropolitana,Secundaria,10,30.0,49.0,Trabajador independiente,Servicios,1 a 10 trabajadores,No,4,985.0
45,Mujer,Urbana,Costa,Primaria o menos,3,36.0,44.0,Obrero,Manufactura,11 a 50 trabajadores,No,5,668.0
37,Hombre,Urbana,Lima Metropolitana,Secundaria,8,21.0,52.0,Empleado,Comercio,1 a 10 trabajadores,No,4,894.0
42,Mujer,Rural,Sierra,Primaria o menos,4,32.0,43.0,Trabajador independiente,Agropecuario,1 a 10 trabajadores,No,4,150.0
26,Hombre,Rural,Selva,Primaria o menos,2,19.0,33.0,Trabajador independiente,Agropecuario,1 a 10 trabajadores,No,4,200.0
43,Mujer,Urbana,Sierra,Superior universitaria,14,26.0,58.0,Empleado,Manufactura,1 a 10 trabajadores,No,5,2425.0
37,Hombre,Urbana,Costa,Superior universitaria,14,18.0,56.0,Obrero,Servicios,Mas de 50 trabajadores,Si,2,4070.0
28,Hombre,Urbana,Costa,Secundaria,7,12.0,48.0,Empleado,Servicios,Mas de 50 trabajadores,Si,4,2003.0
20,Hombre,Urbana,Lima Metropolitana,Secundaria,10,5.0,51.0,Empleado,Servicios,1 a 10 trabajadores,No,6,1246.0
43,Hombre,Urbana,Selva,Superior universitaria,16,22.0,60.0,Empleado,Servicios,Mas de 50 trabajadores,Si,5,7588.0
54,Hombre,Urbana,Selva,Secundaria,9,40.0,47.0,Empleado,Comercio,Mas de 50 trabajadores,No,3,1497.0
51,Hombre,Rural,Selva,Primaria o menos,3,41.0,51.0,Trabajador independiente,Comercio,1 a 10 trabajadores,No,3,489.0
42,Hombre,Urbana,Sierra,Superior no universitaria,13,25.0,53.0,Obrero,Manufactura,Mas de 50 trabajadores,Si,3,2226.0
23,Hombre,Urbana,Lima Metropolitana,Superior no universitaria,13,3.0,64.0,Trabajador independiente,Manufactura,1 a 10 trabajadores,No,3,1799.0
28,Mujer,Urbana,Sierra,Superior universitaria,16,6.0,32.0,Empleado,Servicios,Mas de 50 trabajadores,No,5,3013.0
56,Mujer,Urbana,Lima Metropolitana,Secundaria,8,42.0,33.0,Trabajador independiente,Servicios,1 a 10 trabajadores,No,5,1467.0
36,Hombre,Urbana,Sierra,Superior universitaria,17,14.0,49.0,Empleado,"Administracion publica, educacion y salud",1 a 10 trabajadores,Si,3,9892.0
40,Mujer,Rural,Sierra,Secundaria,7,25.0,58.0,Empleado,Agropecuario,1 a 10 trabajadores,No,7,366.0
26,Hombre,Urbana,Costa,Secundaria,10,10.0,37.0,Empleado,"Administracion publica, educacion y salud",11 a 50 trabajadores,Si,3,2679.0
50,Mujer,Urbana,Costa,Superior universitaria,17,28.0,28.0,Empleado,Construccion,1 a 10 trabajadores,No,3,2313.0
42,Hombre,Urbana,Selva,Superior universitaria,15,17.0,36.0,Trabajador independiente,Servicios,1 a 10 trabajadores,No,4,2452.0
40,Mujer,Urbana,Lima Metropolitana,Superior no universitaria,15,18.0,55.0,Empleado,"Administracion publica, educacion y salud",11 a 50 trabajadores,Si,4,5067.0
55,Mujer,Urbana,Costa,Secundaria,9,41.0,54.0,Empleado,"Administracion publica, educacion y salud",Mas de 50 trabajadores,Si,6,1856.0
40,Mujer,Urbana,Lima Metropolitana,Superior no universitaria,13,20.0,49.0,Trabajador independiente,Comercio,1 a 10 trabajadores,,2,1412.0
31,Hombre,Rural,Costa,Superior universitaria,17,10.0,33.0,Empleado,Agropecuario,Mas de 50 trabajadores,Si,3,1018.0
37,Mujer,Urbana,Selva,Superior no universitaria,12,20.0,39.0,Trabajador independiente,Servicios,1 a 10 trabajadores,No,5,1901.0
65,Hombre,Urbana,Selva,Superior no universitaria,13,45.0,30.0,Trabajador independiente,"Administracion publica, educacion y salud",11 a 50 trabajadores,No,2,2691.0
42,Hombre,Urbana,Lima Metropolitana,Secundaria,8,29.0,24.0,Trabajador independiente,Manufactura,1 a 10 trabajadores,No,4,774.0
39,Hombre,Urbana,Sierra,Superior no universitaria,12,20.0,54.0,Empleado,"Administracion publica, educacion y salud",Mas de 50 trabajadores,No,4,5248.0
40,Mujer,Urbana,Lima Metropolitana,Superior universitaria,15,19.0,32.0,Trabajador independiente,Comercio,1 a 10 trabajadores,No,10,2080.0
18,Mujer,Urbana,Costa,Superior no universitaria,13,0.0,24.0,Empleado,Manufactura,Mas de 50 trabajadores,Si,4,2059.0
33,Hombre,Urbana,Sierra,Secundaria,7,20.0,38.0,Empleado,Servicios,1 a 10 trabajadores,No,2,659.0
39,Hombre,Rural,Selva,Secundaria,8,27.0,25.0,Trabajador independiente,Agropecuario,1 a 10 trabajadores,No,5,266.0
52,Mujer,Rural,Sierra,Primaria o menos,6,40.0,43.0,Trabajador independiente,Agropecuario,1 a 10 trabajadores,No,2,150.0
18,Mujer,Urbana,Sierra,Superior no universitaria,15,0.0,26.0,Empleado,"Administracion publica, educacion y salud",1 a 10 trabajadores,No,5,928.0
47,Hombre,Urbana,Selva,Primaria o menos,2,42.0,20.0,Empleado,Comercio,1 a 10 trabajadores,No,2,268.0
39,Mujer,Urbana,Costa,Superior universitaria,17,14.0,61.0,Obrero,"Administracion publica, educacion y salud",Mas de 50 trabajadores,Si,5,4666.0
35,Mujer,Urbana,Costa,Superior no universitaria,13,19.0,51.0,Empleado,Servicios,1 a 10 trabajadores,No,8,1824.0
50,Hombre,Urbana,Costa,Secundaria,11,34.0,31.0,Empleado,Comercio,11 a 50 trabajadores,Si,5,1766.0
62,Hombre,Urbana,Costa,Secundaria,7,45.0,57.0,Empleado,Comercio,Mas de 50 trabajadores,No,3,1266.0
49,Hombre,Rural,Sierra,Secundaria,10,30.0,45.0,Trabajador independiente,Agropecuario,1 a 10 trabajadores,No,4,349.0
50,Hombre,Urbana,Selva,Superior no universitaria,13,33.0,62.0,Empleado,Servicios,11 a 50 trabajadores,No,5,2572.0
37,Hombre,Urbana,Sierra,Primaria o menos,2,32.0,19.0,Trabajador independiente,Construccion,1 a 10 trabajadores,No,2,564.0
45,Mujer,Rural,Sierra,Primaria o menos,2,36.0,29.0,Trabajador independiente,Agropecuario,1 a 10 trabajadores,No,4,150.0
37,Hombre,Urbana,Costa,Secundaria,9,25.0,54.0,Trabajador independiente,"Administracion publica, educacion y salud",1 a 10 trabajadores,No,4,856.0
18,Hombre,Urbana,Costa,Superior universitaria,14,0.0,38.0,Empleador,Manufactura,11 a 50 trabajadores,No,3,3266.0
45,Mujer,Rural,Sierra,Secundaria,11,28.0,32.0,Trabajador independiente,Agropecuario,1 a 10 trabajadores,No,2,169.0
45,Mujer,Urbana,Lima Metropolitana,Secundaria,11,27.0,39.0,Trabajador independiente,Servicios,Mas de 50 trabajadores,Si,5,2064.0
65,Mujer,Rural,Sierra,Secundaria,8,45.0,46.0,Trabajador independiente,Agropecuario,1 a 10 trabajadores,No,5,279.0
31,Hombre,Urbana,Costa,Superior universitaria,14,13.0,56.0,Empleado,Comercio,11 a 50 trabajadores,Si,3,4049.0
53,Hombre,Rural,Costa,Primaria o menos,5,42.0,40.0,Trabajador independiente,Agropecuario,1 a 10 trabajadores,No,5,263.0
38,Mujer,Urbana,Selva,Superior no universitaria,14,15.0,58.0,Trabajador independiente,Servicios,1 a 10 trabajadores,No,7,2779.0
57,Mujer,Urbana,Sierra,Secundaria,10,41.0,33.0,Trabajador independiente,Comercio,1 a 10 trabajadores,No,3,431.0
28,Mujer,Urbana,Costa,Secundaria,9,8.0,22.0,Trabajador independiente,"Administracion publica, educacion y salud",1 a 10 trabajadores,No,3,554.0
55,Hombre,Urbana,Selva,Primaria o menos,6,43.0,32.0,Empleado,Agropecuario,11 a 50 trabajadores,Si,5,718.0
37,Hombre,Urbana,Costa,Superior universitaria,15,16.0,79.0,Trabajador independiente,Servicios,1 a 10 trabajadores,No,3,1929.0
38,Mujer,Urbana,Sierra,Secundaria,8,25.0,35.0,Empleado,Manufactura,1 a 10 trabajadores,Si,4,1038.0
42,Hombre,Urbana,Selva,Primaria o menos,5,33.0,24.0,Trabajador independiente,Servicios,1 a 10 trabajadores,No,4,946.0
65,Hombre,Rural,Sierra,Primaria o menos,3,45.0,23.0,Empleador,Agropecuario,11 a 50 trabajadores,No,6,457.0
22,Hombre,Urbana,Lima Metropolitana,Superior no universitaria,14,3.0,45.0,Obrero,Servicios,1 a 10 trabajadores,No,3,1380.0
18,Hombre,Urbana,Sierra,Superior no universitaria,12,3.0,52.0,Empleado,Comercio,1 a 10 trabajadores,Si,7,1461.0
47,Mujer,Urbana,Costa,Primaria o menos,6,34.0,48.0,Obrero,"Administracion publica, educacion y salud",1 a 10 trabajadores,No,2,684.0
52,Hombre,Rural,Sierra,Primaria o menos,3,41.0,17.0,Trabajador independiente,Comercio,1 a 10 trabajadores,No,2,170.0
38,Hombre,Urbana,Selva,Secundaria,11,21.0,29.0,Empleado,Servicios,1 a 10 trabajadores,No,4,1683.0
47,Hombre,Urbana,Sierra,Secundaria,8,34.0,44.0,Empleado,Servicios,Mas de 50 trabajadores,Si,4,1416.0
20,Mujer,Urbana,Selva,Superior universitaria,17,0.0,35.0,Trabajador independiente,"Administracion publica, educacion y salud",1 a 10 trabajadores,Si,6,1383.0
23,Mujer,Urbana,Lima Metropolitana,Superior no universitaria,12,3.0,37.0,Empleado,"Administracion publica, educacion y salud",1 a 10 trabajadores,Si,4,1911.0
50,Hombre,Urbana,Lima Metropolitana,Superior no universitaria,15,29.0,59.0,Empleado,Comercio,Mas de 50 trabajadores,No,1,9764.0
18,Hombre,Urbana,Sierra,Secundaria,9,2.0,35.0,Trabajador independiente,Comercio,1 a 10 trabajadores,No,4,526.0
24,Hombre,Urbana,Lima Metropolitana,Superior universitaria,16,0.0,57.0,Empleado,Servicios,Mas de 50 trabajadores,Si,7,10633.0
37,Mujer,Urbana,Sierra,Superior universitaria,14,18.0,37.0,Empleador,Servicios,11 a 50 trabajadores,Si,3,4707.0
55,Hombre,Urbana,Lima Metropolitana,Superior universitaria,14,37.0,63.0,Trabajador independiente,Servicios,1 a 10 trabajadores,Si,3,3264.0
25,Hombre,Urbana,Costa,Superior no universitaria,15,4.0,39.0,Empleado,"Administracion publica, educacion y salud",11 a 50 trabajadores,Si,3,2626.0
25,Hombre,Urbana,Sierra,Secundaria,8,11.0,54.0,Empleado,Servicios,Mas de 50 trabajadores,Si,2,2038.0
30,Mujer,Rural,Costa,Superior no universitaria,12,13.0,47.0,Trabajador independiente,Manufactura,1 a 10 trabajadores,No,5,354.0
46,Hombre,Urbana,Sierra,Primaria o menos,3,36.0,31.0,Obrero,Comercio,Mas de 50 trabajadores,Si,6,774.0
18,Hombre,Rural,Sierra,Primaria o menos,5,10.0,17.0,Obrero,Construccion,1 a 10 trabajadores,No,6,379.0
28,Mujer,Urbana,Costa,Superior universitaria,15,5.0,41.0,Empleado,"Administracion publica, educacion y salud",11 a 50 trabajadores,Si,7,4503.0
28,Hombre,Urbana,Selva,Secundaria,10,14.0,13.0,Empleado,Manufactura,Mas de 50 trabajadores,Si,4,1659.0
54,Hombre,Rural,Sierra,Primaria o menos,5,42.0,45.0,Trabajador independiente,Agropecuario,1 a 10 trabajadores,No,1,151.0
42,Mujer,Urbana,Costa,Primaria o menos,4,29.0,38.0,Empleado,Manufactura,Mas de 50 trabajadores,Si,2,763.0
40,Hombre,Urbana,Selva,Superior universitaria,14,18.0,73.0,Empleado,Comercio,Mas de 50 trabajadores,No,4,3084.0
22,Hombre,Urbana,Lima Metropolitana,Superior no universitaria,12,2.0,44.0,Trabajador independiente,Comercio,Mas de 50 trabajadores,Si,5,2239.0
41,Mujer,Urbana,Costa,Superior universitaria,17,18.0,36.0,Empleado,Comercio,1 a 10 trabajadores,Si,5,3115.0
27,Mujer,Urbana,Lima Metropolitana,Superior universitaria,16,5.0,48.0,Empleado,Comercio,1 a 10 trabajadores,No,5,5729.0
36,Hombre,Urbana,Sierra,Superior universitaria,14,14.0,37.0,Trabajador independiente,Comercio,1 a 10 trabajadores,No,7,1968.0
31,Hombre,Urbana,Lima Metropolitana,Primaria o menos,5,19.0,44.0,Empleado,"Administracion publica, educacion y salud",Mas de 50 trabajadores,Si,4,1857.0
35,Hombre,Rural,Costa,Superior no universitaria,13,13.0,63.0,Obrero,Agropecuario,1 a 10 trabajadores,No,5,365.0
45,Hombre,Urbana,Costa,Superior no universitaria,12,30.0,49.0,Obrero,Servicios,Mas de 50 trabajadores,Si,4,2067.0
34,Mujer,Urbana,Sierra,Superior universitaria,17,16.0,36.0,Trabajador independiente,Construccion,1 a 10 trabajadores,No,2,2371.0
37,Mujer,Urbana,Lima Metropolitana,Superior universitaria,14,17.0,48.0,Empleado,Servicios,Mas de 50 trabajadores,Si,4,4943.0
40,Hombre,Urbana,Costa,Secundaria,9,24.0,42.0,Obrero,"Administracion publica, educacion y salud",1 a 10 trabajadores,No,4,1103.0
51,Mujer,Rural,Costa,Secundaria,10,35.0,53.0,Trabajador independiente,Agropecuario,1 a 10 trabajadores,No,5,364.0
58,Mujer,Rural,Selva,Secundaria,8,43.0,34.0,Empleador,Manufactura,1 a 10 trabajadores,No,6,583.0
25,Hombre,Urbana,Costa,Superior universitaria,16,2.0,28.0,Empleado,Comercio,11 a 50 trabajadores,No,4,1448.0
47,Hombre,Urbana,Lima Metropolitana,Superior universitaria,16,26.0,49.0,Obrero,Construccion,11 a 50 trabajadores,No,4,2539.0
20,Hombre,Rural,Sierra,Superior universitaria,16,2.0,40.0,Empleado,Manufactura,Mas de 50 trabajadores,Si,4,889.0
53,Mujer,Urbana,Lima Metropolitana,Secundaria,8,41.0,70.0,Empleado,Servicios,Mas de 50 trabajadores,Si,2,1959.0
46,Mujer,Rural,Sierra,Superior no universitaria,15,24.0,21.0,Trabajador independiente,Comercio,1 a 10 trabajadores,No,5,546.0
36,Mujer,Urbana,Selva,Secundaria,7,22.0,32.0,Trabajador independiente,Servicios,1 a 10 trabajadores,No,6,486.0
60,Hombre,Urbana,Lima Metropolitana,Superior universitaria,14,39.0,44.0,Trabajador independiente,Agropecuario,1 a 10 trabajadores,No,4,1768.0
53,Hombre,Urbana,Lima Metropolitana,Superior no universitaria,12,35.0,42.0,Empleado,Comercio,11 a 50 trabajadores,Si,4,1444.0
20,Hombre,Urbana,Lima Metropolitana,Secundaria,11,7.0,54.0,Trabajador independiente,Agropecuario,11 a 50 trabajadores,No,4,1201.0
38,Mujer,Rural,Sierra,Superior no universitaria,14,22.0,50.0,Trabajador independiente,"Administracion publica, educacion y salud",1 a 10 trabajadores,Si,4,798.0
51,Mujer,Urbana,Costa,Superior universitaria,14,33.0,37.0,Trabajador independiente,Manufactura,1 a 10 trabajadores,Si,5,1126.0
40,Mujer,Urbana,Costa,Secundaria,11,21.0,45.0,Obrero,Comercio,11 a 50 trabajadores,No,4,779.0
56,Hombre,Rural,Costa,Primaria o menos,4,45.0,25.0,Trabajador independiente,Agropecuario,1 a 10 trabajadores,No,6,233.0
38,Mujer,Rural,Selva,Superior no universitaria,13,18.0,50.0,Trabajador independiente,Manufactura,1 a 10 trabajadores,No,3,453.0
65,Mujer,Urbana,Lima Metropolitana,Primaria o menos,4,45.0,53.0,Obrero,Comercio,11 a 50 trabajadores,Si,7,590.0
29,Hombre,Rural,Costa,Secundaria,9,15.0,37.0,Trabajador independiente,Agropecuario,1 a 10 trabajadores,No,3,246.0
34,Hombre,Urbana,Sierra,Secundaria,10,19.0,60.0,Empleado,"Administracion publica, educacion y salud",Mas de 50 trabajadores,Si,3,3452.0
58,Hombre,Urbana,Costa,Secundaria,11,39.0,68.0,Trabajador independiente,Servicios,1 a 10 trabajadores,No,3,1236.0
28,Hombre,Urbana,Selva,Superior universitaria,15,10.0,46.0,Empleado,Construccion,Mas de 50 trabajadores,No,4,2517.0
46,Hombre,Urbana,Lima Metropolitana,Superior no universitaria,13,27.0,48.0,Empleado,"Administracion publica, educacion y salud",Mas de 50 trabajadores,No,3,4305.0
30,Mujer,Rural,Costa,Primaria o menos,5,18.0,44.0,Trabajador independiente,Comercio,1 a 10 trabajadores,No,4,196.0
18,Hombre,Rural,Sierra,Primaria o menos,3,8.0,30.0,Obrero,Agropecuario,1 a 10 trabajadores,No,5,164.0
31,Hombre,Urbana,Sierra,Superior universitaria,14,11.0,36.0,Obrero,Construccion,11 a 50 trabajadores,No,3,1917.0
28,Hombre,Urbana,Lima Metropolitana,Secundaria,11,14.0,36.0,Trabajador independiente,"Administracion publica, educacion y salud",1 a 10 trabajadores,No,8,1515.0
42,Hombre,Rural,Costa,Primaria o menos,2,37.0,41.0,Empleado,Agropecuario,11 a 50 trabajadores,No,5,415.0
46,Hombre,Urbana,Costa,Secundaria,8,28.0,63.0,Trabajador independiente,Servicios,1 a 10 trabajadores,Si,2,1066.0
39,Hombre,Urbana,Sierra,Superior no universitaria,13,22.0,53.0,Empleado,Servicios,1 a 10 trabajadores,No,2,1484.0
44,Hombre,Urbana,Lima Metropolitana,Superior no universitaria,12,24.0,39.0,Trabajador independiente,Comercio,1 a 10 trabajadores,No,2,1479.0
50,Hombre,Urbana,Selva,Secundaria,11,31.0,26.0,Trabajador independiente,Servicios,1 a 10 trabajadores,No,6,706.0
48,Mujer,Urbana,Costa,Superior universitaria,17,25.0,62.0,Trabajador independiente,Servicios,1 a 10 trabajadores,No,3,1946.0
41,Mujer,Urbana,Lima Metropolitana,Superior no universitaria,13,,51.0,Empleado,"Administracion publica, educacion y salud",1 a 10 trabajadores,Si,7,3831.0
31,Mujer,Urbana,Costa,Superior universitaria,15,7.0,53.0,Obrero,Manufactura,11 a 50 trabajadores,No,2,1638.0
40,Mujer,Urbana,Lima Metropolitana,Secundaria,8,24.0,44.0,Empleado,Comercio,Mas de 50 trabajadores,No,7,1120.0
28,Hombre,Urbana,Sierra,Secundaria,11,13.0,30.0,Empleado,Manufactura,1 a 10 trabajadores,No,1,930.0
42,Hombre,Rural,Sierra,Primaria o menos,4,28.0,24.0,Trabajador independiente,Agropecuario,1 a 10 trabajadores,No,5,168.0
48,Mujer,Rural,Sierra,Primaria o menos,5,37.0,38.0,Trabajador independiente,Servicios,Mas de 50 trabajadores,No,3,470.0
63,Mujer,Urbana,Lima Metropolitana,Superior universitaria,17,38.0,35.0,Empleado,Comercio,Mas de 50 trabajadores,Si,4,6076.0
48,Mujer,Rural,Sierra,Secundaria,10,27.0,29.0,Obrero,Comercio,11 a 50 trabajadores,No,3,680.0
28,Mujer,Rural,Sierra,Secundaria,8,15.0,28.0,Empleador,Agropecuario,Mas de 50 trabajadores,No,8,795.0
50,Mujer,Urbana,Selva,Superior no universitaria,15,34.0,44.0,Empleado,Servicios,Mas de 50 trabajadores,Si,4,2555.0
19,Mujer,Urbana,Sierra,Superior universitaria,14,0.0,21.0,Empleado,Construccion,1 a 10 trabajadores,Si,2,2477.0
37,Mujer,Urbana,Sierra,Secundaria,10,21.0,34.0,Trabajador independiente,Construccion,1 a 10 trabajadores,No,3,785.0
47,Hombre,Urbana,Costa,Superior universitaria,14,28.0,62.0,Empleado,"Administracion publica, educacion y salud",Mas de 50 trabajadores,Si,5,5908.0
58,Mujer,Urbana,Selva,Superior universitaria,17,34.0,71.0,Empleado,Manufactura,1 a 10 trabajadores,No,6,4461.0
39,Hombre,Urbana,Lima Metropolitana,Superior universitaria,15,16.0,41.0,Trabajador independiente,"Administracion publica, educacion y salud",1 a 10 trabajadores,No,2,3467.0
40,Hombre,Urbana,Lima Metropolitana,Superior universitaria,17,18.0,63.0,Empleado,"Administracion publica, educacion y salud",1 a 10 trabajadores,No,10,5043.0
44,Mujer,Rural,Sierra,Primaria o menos,3,34.0,43.0,Trabajador independiente,Agropecuario,1 a 10 trabajadores,No,4,165.0
62,Mujer,Rural,Sierra,Primaria o menos,5,45.0,46.0,Trabajador independiente,Agropecuario,1 a 10 trabajadores,No,8,216.0
47,Hombre,Urbana,Lima Metropolitana,Secundaria,9,35.0,33.0,Trabajador independiente,Comercio,1 a 10 trabajadores,Si,6,1496.0
37,Hombre,Rural,Sierra,Primaria o menos,4,27.0,29.0,Trabajador independiente,Agropecuario,1 a 10 trabajadores,No,3,203.0
34,Mujer,Urbana,Sierra,Superior no universitaria,14,15.0,57.0,Trabajador independiente,"Administracion publica, educacion y salud",1 a 10 trabajadores,Si,8,3169.0
54,Mujer,Urbana,Lima Metropolitana,Superior no universitaria,15,35.0,67.0,Empleado,Servicios,11 a 50 trabajadores,Si,4,3471.0
49,Mujer,Urbana,Costa,Superior universitaria,17,28.0,33.0,Empleado,"Administracion publica, educacion y salud",Mas de 50 trabajadores,Si,2,4927.0
35,Mujer,Urbana,Costa,Secundaria,9,21.0,45.0,Trabajador independiente,Comercio,1 a 10 trabajadores,No,5,743.0
37,Hombre,Urbana,Lima Metropolitana,Secundaria,7,27.0,33.0,Empleado,Manufactura,Mas de 50 trabajadores,Si,6,1845.0
55,Hombre,Rural,Costa,Secundaria,8,42.0,63.0,Trabajador independiente,Agropecuario,1 a 10 trabajadores,No,4,375.0
32,Hombre,Urbana,Lima Metropolitana,Secundaria,7,19.0,21.0,Empleado,Servicios,1 a 10 trabajadores,No,6,766.0
36,Mujer,Urbana,Costa,Secundaria,11,19.0,57.0,Trabajador independiente,Servicios,1 a 10 trabajadores,No,5,695.0
18,Mujer,Urbana,Sierra,Secundaria,10,5.0,37.0,Trabajador independiente,Servicios,1 a 10 trabajadores,No,6,656.0
42,Mujer,Urbana,Lima Metropolitana,Superior no universitaria,12,23.0,50.0,Obrero,Comercio,11 a 50 trabajadores,Si,1,2147.0
45,Mujer,Urbana,Sierra,Secundaria,11,28.0,46.0,Trabajador independiente,"Administracion publica, educacion y salud",1 a 10 trabajadores,No,4,1592.0
34,Hombre,Rural,Sierra,Primaria o menos,6,20.0,42.0,Trabajador independiente,Agropecuario,1 a 10 trabajadores,No,5,189.0
56,Hombre,Urbana,Costa,Posgrado,19,29.0,37.0,Empleado,Comercio,1 a 10 trabajadores,No,5,5167.0
44,Mujer,Urbana,Sierra,Secundaria,9,27.0,28.0,Obrero,"Administracion publica, educacion y salud",1 a 10 trabajadores,No,4,785.0
31,Mujer,Urbana,Costa,Superior no universitaria,14,10.0,48.0,Trabajador independiente,Comercio,1 a 10 trabajadores,No,3,825.0
33,Hombre,Urbana,Sierra,Primaria o menos,2,25.0,59.0,Trabajador independiente,Comercio,Mas de 50 trabajadores,Si,4,957.0
54,Hombre,Urbana,Lima Metropolitana,Superior no universitaria,14,32.0,41.0,Obrero,Manufactura,Mas de 50 trabajadores,Si,5,2943.0
65,Mujer,Rural,Sierra,Primaria o menos,6,45.0,27.0,Trabajador independiente,Agropecuario,1 a 10 trabajadores,No,2,150.0
41,Mujer,Urbana,Costa,Secundaria,8,29.0,54.0,Obrero,Servicios,11 a 50 trabajadores,No,2,707.0
20,Hombre,Urbana,Lima Metropolitana,Superior no universitaria,15,0.0,13.0,Obrero,Servicios,11 a 50 trabajadores,No,3,1421.0
39,Mujer,Urbana,Sierra,Secundaria,9,22.0,50.0,Trabajador independiente,Servicios,1 a 10 trabajadores,No,5,520.0
29,Mujer,Urbana,Lima Metropolitana,Superior universitaria,17,8.0,64.0,Empleado,Construccion,11 a 50 trabajadores,No,5,3168.0
31,Mujer,Urbana,Sierra,Secundaria,10,15.0,55.0,Trabajador independiente,Comercio,Mas de 50 trabajadores,No,7,1579.0
41,Mujer,Urbana,Selva,Superior no universitaria,15,22.0,27.0,Obrero,"Administracion publica, educacion y salud",11 a 50 trabajadores,No,7,1836.0
40,Hombre,Urbana,Lima Metropolitana,Secundaria,11,25.0,61.0,Empleado,"Administracion publica, educacion y salud",1 a 10 trabajadores,No,4,1283.0
18,Hombre,Urbana,Lima Metropolitana,Superior universitaria,15,0.0,36.0,Empleado,Servicios,11 a 50 trabajadores,Si,3,2187.0
26,Mujer,Urbana,Sierra,Secundaria,7,13.0,44.0,Empleado,"Administracion publica, educacion y salud",Mas de 50 trabajadores,No,5,2177.0
41,Hombre,Rural,Sierra,Primaria o menos,6,26.0,72.0,Trabajador independiente,Agropecuario,1 a 10 trabajadores,No,6,239.0
60,Mujer,Urbana,Lima Metropolitana,Superior universitaria,14,39.0,48.0,Trabajador independiente,Comercio,1 a 10 trabajadores,No,6,1159.0
54,Mujer,Urbana,Lima Metropolitana,Superior universitaria,15,31.0,44.0,Empleado,Comercio,11 a 50 trabajadores,Si,4,4368.0
49,Hombre,Urbana,Lima Metropolitana,Secundaria,7,36.0,12.0,Obrero,Servicios,11 a 50 trabajadores,No,5,433.0
47,Hombre,Rural,Sierra,Primaria o menos,6,37.0,31.0,Trabajador independiente,Agropecuario,1 a 10 trabajadores,No,4,190.0
63,Hombre,Rural,Costa,Secundaria,11,45.0,46.0,Trabajador independiente,Agropecuario,1 a 10 trabajadores,No,2,197.0
46,Hombre,Urbana,Lima Metropolitana,Secundaria,11,26.0,23.0,Empleado,Servicios,1 a 10 trabajadores,No,2,1045.0
31,Mujer,Urbana,Sierra,Superior universitaria,15,8.0,35.0,Trabajador independiente,Manufactura,1 a 10 trabajadores,No,4,1128.0
62,Hombre,Rural,Sierra,Primaria o menos,4,45.0,50.0,Trabajador independiente,Servicios,1 a 10 trabajadores,No,3,538.0
50,Hombre,Urbana,Sierra,Secundaria,8,35.0,49.0,Trabajador independiente,Servicios,1 a 10 trabajadores,No,4,1643.0
26,Hombre,Urbana,Costa,Secundaria,7,14.0,49.0,Empleado,Servicios,1 a 10 trabajadores,No,5,1468.0
33,Mujer,Rural,Sierra,Secundaria,7,20.0,38.0,Trabajador independiente,Agropecuario,1 a 10 trabajadores,No,7,170.0
30,Mujer,Rural,Sierra,Secundaria,9,17.0,47.0,Trabajador independiente,Agropecuario,1 a 10 trabajadores,No,4,288.0
29,Hombre,Urbana,Lima Metropolitana,Superior no universitaria,13,8.0,52.0,Empleador,Construccion,1 a 10 trabajadores,No,3,3538.0
29,Hombre,Urbana,Sierra,Secundaria,9,16.0,49.0,Empleado,Construccion,11 a 50 trabajadores,No,3,1217.0
27,Mujer,Urbana,Costa,Superior universitaria,15,9.0,37.0,Trabajador independiente,Comercio,11 a 50 trabajadores,No,2,1139.0
31,Hombre,Urbana,Costa,Secundaria,9,18.0,35.0,Trabajador independiente,Servicios,1 a 10 trabajadores,No,3,1176.0
61,Mujer,Rural,Sierra,Primaria o menos,2,45.0,24.0,Obrero,Agropecuario,Mas de 50 trabajadores,Si,2,242.0
53,Hombre,Urbana,Sierra,Secundaria,9,41.0,35.0,Trabajador independiente,Comercio,1 a 10 trabajadores,No,6,1017.0
44,Hombre,Urbana,Lima Metropolitana,Superior no universitaria,13,30.0,37.0,Empleado,Comercio,1 a 10 trabajadores,No,3,2362.0
29,Hombre,Urbana,Costa,Secundaria,9,15.0,24.0,Empleador,Comercio,1 a 10 trabajadores,No,3,1342.0
34,Hombre,Urbana,Selva,Secundaria,8,21.0,43.0,Obrero,"Administracion publica, educacion y salud",Mas de 50 trabajadores,Si,5,1333.0
41,Mujer,Rural,Sierra,Primaria o menos,2,33.0,,Trabajador independiente,Agropecuario,1 a 10 trabajadores,No,5,150.0
18,Mujer,Rural,Sierra,Posgrado,18,0.0,41.0,Trabajador independiente,Comercio,1 a 10 trabajadores,No,4,515.0
22,Mujer,Urbana,Lima Metropolitana,Secundaria,9,7.0,47.0,Obrero,Comercio,Mas de 50 trabajadores,No,3,775.0
64,Mujer,Urbana,Lima Metropolitana,Superior no universitaria,12,40.0,38.0,Trabajador independiente,Servicios,1 a 10 trabajadores,No,3,920.0
56,Hombre,Urbana,Sierra,Primaria o menos,2,45.0,21.0,Empleador,Manufactura,1 a 10 trabajadores,No,3,604.0
35,Hombre,Urbana,Lima Metropolitana,Superior no universitaria,13,16.0,71.0,Obrero,Servicios,1 a 10 trabajadores,No,6,2313.0
44,Mujer,Urbana,Lima Metropolitana,Secundaria,7,28.0,45.0,Trabajador independiente,Comercio,1 a 10 trabajadores,No,7,650.0
41,Mujer,Rural,Selva,Secundaria,11,25.0,28.0,Trabajador independiente,Comercio,1 a 10 trabajadores,No,2,513.0
45,Hombre,Rural,Costa,Primaria o menos,2,40.0,55.0,Empleador,Agropecuario,1 a 10 trabajadores,No,4,392.0
28,Mujer,Urbana,Lima Metropolitana,Secundaria,9,17.0,41.0,Empleado,Servicios,11 a 50 trabajadores,No,4,1469.0
36,Mujer,Urbana,Lima Metropolitana,Superior universitaria,16,13.0,47.0,Empleado,"Administracion publica, educacion y salud",Mas de 50 trabajadores,Si,4,8278.0
29,Mujer,Urbana,Costa,Secundaria,9,13.0,49.0,Trabajador independiente,Servicios,1 a 10 trabajadores,No,4,525.0
45,Mujer,Urbana,Sierra,Superior no universitaria,13,21.0,49.0,Empleado,Comercio,Mas de 50 trabajadores,Si,3,2142.0
22,Mujer,Rural,Sierra,Secundaria,11,5.0,51.0,Trabajador independiente,Agropecuario,1 a 10 trabajadores,No,1,215.0
33,Mujer,Urbana,Lima Metropolitana,Primaria o menos,3,25.0,40.0,Trabajador independiente,Manufactura,1 a 10 trabajadores,No,6,638.0
39,Hombre,Urbana,Costa,Secundaria,7,27.0,73.0,Empleado,Comercio,11 a 50 trabajadores,No,3,1732.0
39,Hombre,Rural,Selva,Primaria o menos,4,31.0,40.0,Trabajador independiente,Agropecuario,1 a 10 trabajadores,No,8,209.0
31,Mujer,Rural,Costa,Secundaria,7,17.0,48.0,Empleador,Construccion,1 a 10 trabajadores,No,5,471.0
47,Hombre,Urbana,Selva,Secundaria,8,33.0,41.0,Empleado,Comercio,Mas de 50 trabajadores,Si,4,2365.0
34,Mujer,Urbana,Selva,Superior no universitaria,14,15.0,44.0,Obrero,Construccion,1 a 10 trabajadores,No,4,1680.0
37,Mujer,Urbana,Lima Metropolitana,Superior universitaria,16,14.0,55.0,Empleado,Servicios,1 a 10 trabajadores,Si,2,2777.0
57,Hombre,Urbana,Sierra,Superior no universitaria,13,42.0,30.0,Empleado,Comercio,Mas de 50 trabajadores,Si,8,2763.0
32,Mujer,Urbana,Selva,Superior universitaria,17,10.0,48.0,Trabajador independiente,Comercio,1 a 10 trabajadores,No,4,1563.0
42,Mujer,Urbana,Costa,Secundaria,11,29.0,72.0,Trabajador independiente,Servicios,1 a 10 trabajadores,No,9,2038.0
33,Mujer,Rural,Selva,Primaria o menos,2,22.0,23.0,Trabajador independiente,Comercio,1 a 10 trabajadores,No,4,150.0
37,Hombre,Urbana,Selva,Superior no universitaria,14,19.0,54.0,Empleado,Servicios,1 a 10 trabajadores,Si,3,2788.0
18,Hombre,Urbana,Selva,Secundaria,8,6.0,56.0,Trabajador independiente,Servicios,1 a 10 trabajadores,No,6,699.0
53,Hombre,Urbana,Selva,Superior no universitaria,15,28.0,53.0,Empleado,"Administracion publica, educacion y salud",1 a 10 trabajadores,No,2,1460.0
37,Hombre,Urbana,Selva,Secundaria,9,25.0,57.0,Trabajador independiente,Agropecuario,1 a 10 trabajadores,Si,3,774.0
50,Hombre,Urbana,Sierra,Superior universitaria,16,29.0,30.0,Trabajador independiente,Servicios,1 a 10 trabajadores,Si,5,3263.0
40,Hombre,Rural,Sierra,Superior universitaria,16,19.0,43.0,Empleado,Construccion,11 a 50 trabajadores,No,3,1796.0
30,Mujer,Rural,Costa,Secundaria,7,17.0,55.0,Empleador,Agropecuario,11 a 50 trabajadores,No,5,1681.0
40,Hombre,Rural,Sierra,Primaria o menos,2,35.0,44.0,Trabajador independiente,Agropecuario,1 a 10 trabajadores,No,5,178.0
21,Mujer,Urbana,Costa,Secundaria,11,4.0,30.0,Empleado,Servicios,Mas de 50 trabajadores,No,7,1149.0
27,Hombre,Rural,Costa,Primaria o menos,2,18.0,43.0,Obrero,Agropecuario,1 a 10 trabajadores,No,4,154.0
50,Mujer,Rural,Sierra,Secundaria,11,33.0,43.0,Trabajador independiente,Agropecuario,1 a 10 trabajadores,No,5,350.0
46,Mujer,Urbana,Lima Metropolitana,Secundaria,11,32.0,15.0,Obrero,Servicios,1 a 10 trabajadores,Si,3,1268.0
34,Hombre,Urbana,Costa,Secundaria,9,19.0,48.0,Empleado,"Administracion publica, educacion y salud",1 a 10 trabajadores,Si,6,1698.0
50,Mujer,Urbana,Costa,Secundaria,10,35.0,32.0,Empleado,Servicios,1 a 10 trabajadores,No,3,848.0
25,Hombre,Urbana,Lima Metropolitana,Secundaria,9,10.0,62.0,Trabajador independiente,Comercio,1 a 10 trabajadores,No,4,759.0
37,Hombre,Rural,Sierra,Secundaria,10,19.0,,Trabajador independiente,Agropecuario,1 a 10 trabajadores,No,5,161.0
36,Hombre,Urbana,Sierra,Secundaria,7,20.0,17.0,Empleador,"Administracion publica, educacion y salud",1 a 10 trabajadores,No,5,660.0
50,Hombre,Urbana,Selva,Secundaria,11,32.0,52.0,Empleado,Servicios,Mas de 50 trabajadores,No,6,2178.0
51,Hombre,Urbana,Costa,Superior universitaria,15,30.0,30.0,Trabajador independiente,Servicios,1 a 10 trabajadores,No,5,1940.0
21,Hombre,Urbana,Sierra,Secundaria,11,4.0,20.0,Trabajador independiente,Manufactura,1 a 10 trabajadores,No,2,579.0
20,Mujer,Urbana,Costa,Superior no universitaria,14,1.0,35.0,Trabajador independiente,Comercio,1 a 10 trabajadores,No,6,707.0
21,Hombre,Urbana,Selva,Secundaria,8,5.0,48.0,Empleado,Manufactura,1 a 10 trabajadores,No,3,698.0
58,Hombre,Urbana,Costa,Secundaria,11,41.0,47.0,Empleado,Comercio,11 a 50 trabajadores,No,6,1254.0
37,Mujer,Urbana,Sierra,Secundaria,10,19.0,46.0,Empleado,Agropecuario,1 a 10 trabajadores,No,6,1132.0
45,Mujer,Urbana,Lima Metropolitana,Superior universitaria,16,22.0,34.0,Empleado,Comercio,Mas de 50 trabajadores,Si,7,3523.0
40,Hombre,Urbana,Lima Metropolitana,Secundaria,9,20.0,31.0,Empleado,"Administracion publica, educacion y salud",11 a 50 trabajadores,Si,8,2893.0
41,Hombre,Urbana,Costa,Secundaria,8,28.0,56.0,Obrero,Comercio,11 a 50 trabajadores,No,4,822.0
39,Mujer,Urbana,Sierra,Superior universitaria,14,16.0,65.0,Empleado,Agropecuario,1 a 10 trabajadores,Si,6,1783.0
58,Mujer,Urbana,Costa,Superior no universitaria,14,36.0,35.0,Trabajador independiente,"Administracion publica, educacion y salud",1 a 10 trabajadores,No,6,1304.0
57,Mujer,Rural,Sierra,Primaria o menos,2,45.0,57.0,Obrero,Agropecuario,1 a 10 trabajadores,No,3,200.0
37,Hombre,Urbana,Costa,Superior no universitaria,12,17.0,27.0,Empleado,Comercio,11 a 50 trabajadores,Si,7,1187.0
64,Mujer,Urbana,Costa,Secundaria,7,45.0,72.0,Trabajador independiente,Comercio,1 a 10 trabajadores,No,5,582.0
40,Hombre,Rural,Sierra,Secundaria,7,27.0,21.0,Trabajador independiente,Agropecuario,1 a 10 trabajadores,No,3,158.0
65,Hombre,Urbana,Selva,Superior universitaria,17,38.0,32.0,Empleado,Servicios,1 a 10 trabajadores,Si,5,2322.0
23,Mujer,Urbana,Lima Metropolitana,Primaria o menos,3,16.0,34.0,Trabajador independiente,Servicios,11 a 50 trabajadores,No,6,425.0
34,Mujer,Urbana,Lima Metropolitana,Superior universitaria,14,20.0,41.0,Empleado,Servicios,1 a 10 trabajadores,No,7,3864.0
38,Hombre,Urbana,Lima Metropolitana,Superior no universitaria,14,19.0,36.0,Empleado,Construccion,1 a 10 trabajadores,Si,4,2379.0
33,Mujer,Rural,Sierra,Superior no universitaria,12,15.0,26.0,Empleado,Agropecuario,1 a 10 trabajadores,No,5,309.0
31,Mujer,Urbana,Costa,Primaria o menos,2,23.0,53.0,Empleado,"Administracion publica, educacion y salud",11 a 50 trabajadores,No,2,800.0
36,Mujer,Urbana,Sierra,Secundaria,11,20.0,24.0,Trabajador independiente,Servicios,1 a 10 trabajadores,No,6,993.0
39,Hombre,Rural,Costa,Primaria o menos,6,29.0,33.0,Empleador,"Administracion publica, educacion y salud",1 a 10 trabajadores,No,5,375.0
42,Hombre,Urbana,Sierra,Superior universitaria,15,18.0,51.0,Empleado,Manufactura,11 a 50 trabajadores,No,4,3170.0
50,Hombre,Urbana,Costa,Secundaria,7,37.0,57.0,Empleado,Comercio,1 a 10 trabajadores,No,3,786.0
41,Hombre,Rural,Sierra,Superior universitaria,17,20.0,37.0,Empleado,Manufactura,Mas de 50 trabajadores,Si,1,2106.0
46,Hombre,Rural,Sierra,Secundaria,10,29.0,22.0,Trabajador independiente,Agropecuario,1 a 10 trabajadores,No,6,249.0
32,Hombre,Rural,Sierra,Secundaria,10,16.0,43.0,Trabajador independiente,Comercio,1 a 10 trabajadores,No,4,356.0
32,Hombre,Urbana,Lima Metropolitana,Superior no universitaria,14,16.0,26.0,Empleado,Servicios,1 a 10 trabajadores,Si,5,3647.0
54,Mujer,Urbana,Lima Metropolitana,Superior no universitaria,12,32.0,60.0,Trabajador independiente,Construccion,11 a 50 trabajadores,No,4,2430.0
47,Mujer,Rural,Costa,Secundaria,10,33.0,36.0,Obrero,Agropecuario,1 a 10 trabajadores,No,4,287.0
33,Hombre,Urbana,Lima Metropolitana,Superior universitaria,16,9.0,50.0,Trabajador independiente,Manufactura,1 a 10 trabajadores,Si,4,3036.0
30,Hombre,Urbana,Costa,Secundaria,8,14.0,32.0,Empleado,Comercio,1 a 10 trabajadores,No,4,545.0
43,Mujer,Rural,Selva,Secundaria,10,25.0,39.0,Obrero,Manufactura,11 a 50 trabajadores,Si,4,1112.0
24,Hombre,Urbana,Lima Metropolitana,Superior universitaria,15,1.0,41.0,Empleado,Comercio,Mas de 50 trabajadores,No,5,3746.0
34,Hombre,Urbana,Costa,Secundaria,10,16.0,48.0,Trabajador independiente,Servicios,Mas de 50 trabajadores,No,5,958.0
18,Mujer,Urbana,Costa,Superior no universitaria,12,2.0,46.0,Obrero,Servicios,11 a 50 trabajadores,No,5,1047.0
65,Hombre,Rural,Sierra,Secundaria,8,45.0,55.0,Trabajador independiente,Manufactura,1 a 10 trabajadores,No,4,377.0
28,Hombre,Urbana,Costa,Posgrado,17,7.0,54.0,Empleado,Manufactura,Mas de 50 trabajadores,Si,2,7969.0
51,Hombre,Urbana,Sierra,Secundaria,11,29.0,42.0,Empleado,Servicios,Mas de 50 trabajadores,No,5,1878.0
40,Hombre,Urbana,Costa,Secundaria,10,22.0,44.0,Trabajador independiente,Manufactura,1 a 10 trabajadores,No,8,1022.0
31,Mujer,Urbana,Lima Metropolitana,Superior universitaria,17,7.0,57.0,Obrero,Servicios,11 a 50 trabajadores,Si,4,4214.0
21,Hombre,Urbana,Costa,Secundaria,11,3.0,67.0,Empleado,Servicios,11 a 50 trabajadores,No,3,2293.0
55,Hombre,Urbana,Costa,Secundaria,10,40.0,34.0,Obrero,"Administracion publica, educacion y salud",11 a 50 trabajadores,No,6,1620.0
43,Hombre,Rural,Sierra,Secundaria,7,30.0,26.0,Trabajador independiente,Agropecuario,11 a 50 trabajadores,No,7,217.0
23,Hombre,Urbana,Costa,Superior no universitaria,12,7.0,29.0,Trabajador independiente,Servicios,11 a 50 trabajadores,No,3,1427.0
63,Hombre,Rural,Sierra,Secundaria,11,45.0,47.0,Empleador,Comercio,Mas de 50 trabajadores,No,3,1941.0
28,Hombre,Urbana,Sierra,Superior universitaria,15,5.0,39.0,Empleado,"Administracion publica, educacion y salud",Mas de 50 trabajadores,Si,3,4908.0
50,Hombre,Urbana,Costa,Superior no universitaria,13,29.0,33.0,Obrero,Comercio,Mas de 50 trabajadores,Si,5,3032.0
44,Hombre,Rural,Sierra,Secundaria,10,29.0,44.0,Trabajador independiente,Agropecuario,1 a 10 trabajadores,No,2,358.0
32,Mujer,Urbana,Lima Metropolitana,Secundaria,10,16.0,65.0,Obrero,Construccion,11 a 50 trabajadores,No,9,1625.0
38,Hombre,Rural,Sierra,Secundaria,8,27.0,50.0,Trabajador independiente,Agropecuario,1 a 10 trabajadores,No,2,403.0
58,Mujer,Urbana,Costa,Superior universitaria,17,33.0,44.0,Empleado,Servicios,Mas de 50 trabajadores,Si,4,6254.0
59,Mujer,Urbana,Costa,Superior universitaria,16,36.0,40.0,Trabajador independiente,Servicios,1 a 10 trabajadores,Si,6,3033.0
38,Mujer,Urbana,Selva,Superior universitaria,14,18.0,66.0,Trabajador independiente,"Administracion publica, educacion y salud",1 a 10 trabajadores,Si,5,2088.0
39,Hombre,Urbana,Lima Metropolitana,Secundaria,9,21.0,50.0,Trabajador independiente,Servicios,1 a 10 trabajadores,No,7,1188.0
28,Hombre,Urbana,Lima Metropolitana,Secundaria,9,7.0,34.0,Obrero,Construccion,11 a 50 trabajadores,No,4,1104.0
59,Hombre,Urbana,Costa,Secundaria,8,45.0,42.0,Empleado,Comercio,Mas de 50 trabajadores,Si,5,1261.0
36,Hombre,Rural,Sierra,Secundaria,7,19.0,42.0,Obrero,Agropecuario,11 a 50 trabajadores,No,2,222.0
52,Mujer,Urbana,Costa,Secundaria,7,39.0,46.0,Trabajador independiente,Manufactura,1 a 10 trabajadores,No,3,499.0
50,Hombre,Urbana,Lima Metropolitana,Superior universitaria,17,27.0,49.0,Trabajador independiente,Agropecuario,1 a 10 trabajadores,No,5,1955.0
58,Mujer,Urbana,Lima Metropolitana,Superior universitaria,17,36.0,56.0,Empleado,Construccion,11 a 50 trabajadores,Si,4,7614.0
28,Hombre,Rural,Sierra,Primaria o menos,5,15.0,34.0,Trabajador independiente,Agropecuario,1 a 10 trabajadores,No,3,186.0
53,Mujer,Rural,Sierra,Secundaria,9,42.0,28.0,Trabajador independiente,Agropecuario,1 a 10 trabajadores,No,10,211.0
18,Mujer,Urbana,Lima Metropolitana,Secundaria,10,0.0,39.0,Empleado,Manufactura,Mas de 50 trabajadores,Si,4,1623.0
30,Hombre,Urbana,Costa,Superior no universitaria,12,8.0,37.0,Trabajador independiente,Servicios,1 a 10 trabajadores,No,2,1149.0
39,Hombre,Urbana,Costa,Superior no universitaria,14,17.0,40.0,Empleado,Servicios,Mas de 50 trabajadores,Si,5,2995.0
35,Mujer,Rural,Selva,Secundaria,9,19.0,25.0,Trabajador independiente,Agropecuario,1 a 10 trabajadores,No,4,345.0
42,Mujer,Urbana,Sierra,Superior no universitaria,15,21.0,48.0,Obrero,Comercio,1 a 10 trabajadores,No,3,1345.0
38,Hombre,Urbana,Selva,Secundaria,8,,55.0,Trabajador independiente,"Administracion publica, educacion y salud",1 a 10 trabajadores,No,1,690.0
50,Mujer,Urbana,Lima Metropolitana,Secundaria,8,36.0,45.0,Empleador,Comercio,11 a 50 trabajadores,No,6,1800.0
29,Mujer,Urbana,Lima Metropolitana,Secundaria,11,13.0,52.0,Obrero,Construccion,11 a 50 trabajadores,No,8,1172.0
33,Mujer,Urbana,Lima Metropolitana,Secundaria,11,14.0,49.0,Empleado,"Administracion publica, educacion y salud",11 a 50 trabajadores,No,7,2038.0
30,Hombre,Urbana,Costa,Secundaria,7,20.0,43.0,Obrero,Servicios,Mas de 50 trabajadores,Si,4,1132.0
65,Hombre,Urbana,Selva,Superior no universitaria,12,45.0,36.0,Empleado,Comercio,1 a 10 trabajadores,Si,5,1253.0
18,Hombre,Rural,Sierra,Secundaria,10,2.0,19.0,Trabajador independiente,Agropecuario,1 a 10 trabajadores,No,4,193.0
52,Hombre,Urbana,Lima Metropolitana,Secundaria,7,39.0,45.0,Empleado,"Administracion publica, educacion y salud",11 a 50 trabajadores,,4,3156.0
18,Hombre,Urbana,Sierra,Secundaria,8,4.0,29.0,Trabajador independiente,Construccion,11 a 50 trabajadores,No,8,781.0
39,Mujer,Rural,Selva,Primaria o menos,5,30.0,23.0,Trabajador independiente,Comercio,1 a 10 trabajadores,No,1,154.0
60,Hombre,Urbana,Costa,Superior no universitaria,14,43.0,37.0,Empleado,Comercio,11 a 50 trabajadores,Si,6,1824.0
50,Mujer,Rural,Sierra,Superior no universitaria,12,31.0,45.0,Trabajador independiente,Agropecuario,1 a 10 trabajadores,No,6,336.0
50,Hombre,Rural,Selva,Secundaria,8,36.0,16.0,Trabajador independiente,Agropecuario,1 a 10 trabajadores,No,6,285.0
53,Mujer,Rural,Selva,Primaria o menos,2,43.0,39.0,Empleador,"Administracion publica, educacion y salud",Mas de 50 trabajadores,Si,5,851.0
23,Hombre,Urbana,Lima Metropolitana,Superior universitaria,17,0.0,39.0,Trabajador independiente,Comercio,1 a 10 trabajadores,No,4,1938.0
18,Hombre,Urbana,Lima Metropolitana,Superior no universitaria,15,0.0,56.0,Obrero,Manufactura,1 a 10 trabajadores,No,4,2607.0
58,Mujer,Urbana,Lima Metropolitana,Superior no universitaria,15,35.0,46.0,Empleado,Construccion,1 a 10 trabajadores,Si,5,4422.0
47,Hombre,Urbana,Costa,Secundaria,11,29.0,43.0,Empleador,Comercio,1 a 10 trabajadores,No,2,1976.0
33,Mujer,Urbana,Lima Metropolitana,Superior universitaria,17,8.0,55.0,Empleado,Agropecuario,Mas de 50 trabajadores,Si,5,5087.0
65,Mujer,Urbana,Sierra,Superior universitaria,15,42.0,36.0,Empleado,Servicios,1 a 10 trabajadores,No,7,4107.0
37,Hombre,Urbana,Costa,Superior universitaria,17,15.0,38.0,Empleado,"Administracion publica, educacion y salud",11 a 50 trabajadores,No,5,4775.0
52,Hombre,Urbana,Lima Metropolitana,Primaria o menos,4,43.0,42.0,Trabajador independiente,Manufactura,1 a 10 trabajadores,No,7,538.0
18,Hombre,Urbana,Lima Metropolitana,Secundaria,8,4.0,31.0,Empleado,Comercio,11 a 50 trabajadores,No,5,1424.0
48,Mujer,Rural,Costa,Primaria o menos,6,37.0,44.0,Trabajador independiente,Construccion,1 a 10 trabajadores,No,3,366.0
35,Mujer,Urbana,Lima Metropolitana,Superior no universitaria,14,15.0,39.0,Empleado,Construccion,Mas de 50 trabajadores,Si,1,4242.0
36,Mujer,Urbana,Costa,Superior universitaria,16,12.0,51.0,Trabajador independiente,"Administracion publica, educacion y salud",1 a 10 trabajadores,Si,2,2269.0
27,Mujer,Urbana,Lima Metropolitana,Secundaria,8,14.0,47.0,Trabajador independiente,Comercio,1 a 10 trabajadores,No,7,705.0
39,Hombre,Urbana,Sierra,Secundaria,8,29.0,55.0,Obrero,Comercio,11 a 50 trabajadores,No,4,1090.0
43,Hombre,Urbana,Sierra,Secundaria,11,25.0,34.0,Trabajador independiente,Comercio,1 a 10 trabajadores,No,6,816.0
44,Hombre,Urbana,Lima Metropolitana,Secundaria,10,31.0,36.0,Empleado,Manufactura,11 a 50 trabajadores,No,7,1561.0
39,Mujer,Urbana,Sierra,Superior no universitaria,15,19.0,27.0,Trabajador independiente,Manufactura,1 a 10 trabajadores,No,10,1143.0
39,Hombre,Urbana,Lima Metropolitana,Superior no universitaria,12,19.0,62.0,Trabajador independiente,Manufactura,1 a 10 trabajadores,No,6,1441.0
54,Mujer,Rural,Selva,Primaria o menos,2,45.0,39.0,Empleado,Agropecuario,11 a 50 trabajadores,No,5,230.0
53,Mujer,Urbana,Lima Metropolitana,Posgrado,17,27.0,66.0,Empleado,Manufactura,Mas de 50 trabajadores,Si,1,7937.0
56,Mujer,Rural,Sierra,Secundaria,10,41.0,34.0,Obrero,Agropecuario,1 a 10 trabajadores,No,5,431.0
19,Mujer,Rural,Sierra,Superior no universitaria,13,0.0,37.0,Trabajador independiente,Agropecuario,1 a 10 trabajadores,No,2,192.0
38,Mujer,Urbana,Lima Metropolitana,Secundaria,11,21.0,46.0,Empleado,Manufactura,11 a 50 trabajadores,Si,6,1327.0
39,Hombre,Rural,Selva,Secundaria,10,25.0,47.0,Trabajador independiente,Agropecuario,1 a 10 trabajadores,No,5,486.0
32,Hombre,Urbana,Lima Metropolitana,Superior universitaria,14,15.0,45.0,Trabajador independiente,Servicios,1 a 10 trabajadores,No,3,3630.0
34,Mujer,Urbana,Sierra,Superior no universitaria,15,11.0,57.0,Empleado,Manufactura,1 a 10 trabajadores,No,3,1258.0
45,Mujer,Rural,Selva,Secundaria,10,31.0,47.0,Obrero,Agropecuario,Mas de 50 trabajadores,No,3,298.0
35,Hombre,Urbana,Sierra,Posgrado,18,11.0,30.0,Obrero,Servicios,11 a 50 trabajadores,No,4,3304.0
33,Hombre,Rural,Sierra,Secundaria,7,24.0,20.0,Trabajador independiente,Agropecuario,1 a 10 trabajadores,No,3,170.0
34,Mujer,Urbana,Selva,Superior no universitaria,12,18.0,48.0,Empleado,Servicios,1 a 10 trabajadores,Si,7,1994.0
63,Mujer,Rural,Selva,Primaria o menos,6,45.0,27.0,Trabajador independiente,Agropecuario,1 a 10 trabajadores,No,4,150.0
29,Mujer,Urbana,Sierra,Secundaria,11,11.0,33.0,Empleado,Comercio,11 a 50 trabajadores,No,5,1407.0
50,Hombre,Urbana,Lima Metropolitana,Superior universitaria,16,31.0,67.0,Empleador,Comercio,1 a 10 trabajadores,Si,3,12511.0
42,Hombre,Urbana,Selva,Primaria o menos,4,29.0,32.0,Empleado,Comercio,1 a 10 trabajadores,Si,6,583.0
38,Hombre,Urbana,Sierra,Superior no universitaria,15,17.0,55.0,Empleado,Manufactura,Mas de 50 trabajadores,Si,4,3858.0
37,Mujer,Urbana,Sierra,Superior universitaria,16,20.0,15.0,Trabajador independiente,Comercio,1 a 10 trabajadores,No,4,1128.0
59,Mujer,Urbana,Lima Metropolitana,Secundaria,7,44.0,37.0,Empleado,"Administracion publica, educacion y salud",11 a 50 trabajadores,Si,4,1978.0
54,Mujer,Urbana,Lima Metropolitana,Superior no universitaria,13,38.0,44.0,Empleado,Comercio,11 a 50 trabajadores,Si,1,2919.0
42,Mujer,Rural,Sierra,Secundaria,9,28.0,53.0,Trabajador independiente,Manufactura,11 a 50 trabajadores,No,6,634.0
18,Mujer,Rural,Sierra,Secundaria,11,3.0,62.0,Empleado,Agropecuario,1 a 10 trabajadores,No,4,308.0
30,Mujer,Urbana,Costa,Superior universitaria,14,11.0,56.0,Empleado,"Administracion publica, educacion y salud",Mas de 50 trabajadores,Si,5,7623.0
46,Hombre,Urbana,Sierra,Superior universitaria,17,30.0,27.0,Obrero,Servicios,1 a 10 trabajadores,Si,8,1906.0
55,Mujer,Rural,Costa,Primaria o menos,6,41.0,50.0,Trabajador independiente,Servicios,1 a 10 trabajadores,No,2,166.0
19,Mujer,Urbana,Costa,Superior universitaria,16,0.0,42.0,Empleado,Servicios,1 a 10 trabajadores,No,3,1887.0
37,Hombre,Urbana,Lima Metropolitana,Primaria o menos,6,27.0,26.0,Obrero,Servicios,Mas de 50 trabajadores,Si,4,737.0
65,Hombre,Rural,Sierra,Superior no universitaria,14,42.0,40.0,Trabajador independiente,Agropecuario,1 a 10 trabajadores,No,3,337.0
18,Mujer,Rural,Selva,Primaria o menos,6,7.0,55.0,Obrero,Manufactura,1 a 10 trabajadores,No,2,393.0
48,Mujer,Urbana,Lima Metropolitana,Superior universitaria,14,31.0,28.0,Empleado,Agropecuario,1 a 10 trabajadores,Si,3,2034.0
38,Mujer,Rural,Selva,Primaria o menos,3,29.0,32.0,Obrero,Agropecuario,11 a 50 trabajadores,Si,3,303.0
18,Hombre,Urbana,Lima Metropolitana,Superior no universitaria,15,0.0,38.0,Empleado,Servicios,1 a 10 trabajadores,Si,5,2126.0
51,Mujer,Rural,Sierra,Secundaria,11,35.0,38.0,Trabajador independiente,Agropecuario,1 a 10 trabajadores,No,3,381.0
55,Hombre,Urbana,Sierra,Superior no universitaria,13,33.0,37.0,Obrero,Comercio,11 a 50 trabajadores,No,2,1854.0
34,Hombre,Urbana,Selva,Secundaria,7,19.0,28.0,Empleado,Comercio,Mas de 50 trabajadores,Si,6,1512.0
29,Hombre,Urbana,Costa,Primaria o menos,2,22.0,47.0,Empleado,Manufactura,11 a 50 trabajadores,Si,3,843.0
30,Mujer,Urbana,Costa,Secundaria,9,15.0,52.0,Trabajador independiente,Construccion,1 a 10 trabajadores,No,2,790.0
31,Hombre,Rural,Costa,Primaria o menos,5,18.0,21.0,Empleado,Agropecuario,11 a 50 trabajadores,No,7,228.0
26,Hombre,Urbana,Lima Metropolitana,Superior no universitaria,12,8.0,37.0,Obrero,Servicios,11 a 50 trabajadores,No,4,2591.0
31,Hombre,Rural,Sierra,Primaria o menos,3,22.0,42.0,Trabajador independiente,Agropecuario,1 a 10 trabajadores,No,3,203.0
44,Hombre,Urbana,Costa,Superior universitaria,14,22.0,47.0,Empleado,Manufactura,1 a 10 trabajadores,Si,10,3434.0
44,Hombre,Urbana,Costa,Superior no universitaria,13,23.0,35.0,Empleado,Manufactura,1 a 10 trabajadores,No,5,2261.0
43,Mujer,Urbana,Lima Metropolitana,Secundaria,10,27.0,36.0,Trabajador independiente,Servicios,1 a 10 trabajadores,No,3,880.0
20,Hombre,Urbana,Selva,Superior universitaria,14,3.0,48.0,Trabajador independiente,Comercio,1 a 10 trabajadores,No,4,1411.0
29,Mujer,Urbana,Lima Metropolitana,Secundaria,8,15.0,62.0,Trabajador independiente,Agropecuario,1 a 10 trabajadores,No,3,317.0
23,Mujer,Rural,Selva,Primaria o menos,5,9.0,59.0,Trabajador independiente,Manufactura,1 a 10 trabajadores,No,5,210.0
30,Hombre,Urbana,Costa,Superior universitaria,15,8.0,46.0,Trabajador independiente,"Administracion publica, educacion y salud",1 a 10 trabajadores,No,7,2766.0
62,Mujer,Urbana,Lima Metropolitana,Superior no universitaria,14,43.0,50.0,Trabajador independiente,"Administracion publica, educacion y salud",1 a 10 trabajadores,No,7,2394.0
31,Mujer,Rural,Sierra,Primaria o menos,4,24.0,38.0,Trabajador independiente,Comercio,1 a 10 trabajadores,No,3,282.0
34,Mujer,Urbana,Lima Metropolitana,Secundaria,7,25.0,55.0,Trabajador independiente,Comercio,1 a 10 trabajadores,No,3,749.0
32,Mujer,Rural,Sierra,Primaria o menos,2,25.0,32.0,Empleado,"Administracion publica, educacion y salud",1 a 10 trabajadores,No,5,371.0
23,Hombre,Rural,Sierra,Secundaria,9,11.0,38.0,Trabajador independiente,Agropecuario,1 a 10 trabajadores,,3,289.0
28,Hombre,Urbana,Costa,Superior no universitaria,13,9.0,66.0,Empleado,Servicios,1 a 10 trabajadores,Si,3,725.0
44,Mujer,Urbana,Lima Metropolitana,Superior universitaria,15,22.0,36.0,Trabajador independiente,Construccion,1 a 10 trabajadores,Si,3,3280.0
47,Hombre,Rural,Costa,Superior universitaria,17,22.0,44.0,Empleado,Comercio,1 a 10 trabajadores,No,7,755.0
41,Hombre,Rural,Sierra,Secundaria,8,30.0,31.0,Trabajador independiente,Construccion,1 a 10 trabajadores,No,3,263.0
52,Hombre,Urbana,Selva,Primaria o menos,5,40.0,61.0,Trabajador independiente,Servicios,1 a 10 trabajadores,No,2,578.0
35,Mujer,Urbana,Sierra,Superior no universitaria,13,13.0,52.0,Empleado,Servicios,1 a 10 trabajadores,No,4,1284.0
36,Hombre,Urbana,Lima Metropolitana,Secundaria,7,22.0,60.0,Empleado,Comercio,1 a 10 trabajadores,No,3,1848.0
38,Mujer,Urbana,Sierra,Superior universitaria,16,16.0,57.0,Trabajador independiente,Servicios,1 a 10 trabajadores,No,5,3477.0
65,Mujer,Urbana,Sierra,Superior universitaria,16,43.0,46.0,Trabajador independiente,Manufactura,1 a 10 trabajadores,No,3,2692.0
43,Mujer,Rural,Selva,Primaria o menos,6,31.0,26.0,Trabajador independiente,Comercio,1 a 10 trabajadores,No,1,167.0
37,Hombre,Urbana,Lima Metropolitana,Secundaria,11,19.0,72.0,Empleado,Comercio,Mas de 50 trabajadores,Si,4,2879.0
37,Hombre,Urbana,Sierra,Secundaria,9,23.0,51.0,Empleado,Comercio,Mas de 50 trabajadores,No,3,1263.0
42,Mujer,Urbana,Costa,Secundaria,11,25.0,34.0,Empleado,Manufactura,1 a 10 trabajadores,No,4,1467.0
30,Hombre,Urbana,Sierra,Superior universitaria,15,9.0,44.0,Empleado,Comercio,1 a 10 trabajadores,No,4,1452.0
41,Hombre,Urbana,Lima Metropolitana,Superior universitaria,17,19.0,43.0,Empleado,Construccion,11 a 50 trabajadores,Si,10,6688.0
51,Hombre,Urbana,Sierra,Superior no universitaria,12,35.0,55.0,Trabajador independiente,Comercio,1 a 10 trabajadores,No,3,1159.0
41,Hombre,Urbana,Lima Metropolitana,Secundaria,7,,52.0,Trabajador independiente,Servicios,1 a 10 trabajadores,No,3,1209.0
51,Mujer,Urbana,Sierra,Secundaria,7,38.0,45.0,Trabajador independiente,Comercio,1 a 10 trabajadores,No,3,511.0
37,Mujer,Rural,Sierra,Primaria o menos,4,30.0,30.0,Obrero,"Administracion publica, educacion y salud",11 a 50 trabajadores,No,1,512.0
24,Hombre,Urbana,Sierra,Secundaria,10,12.0,53.0,Empleado,Servicios,11 a 50 trabajadores,No,2,1223.0
46,Hombre,Urbana,Costa,Superior universitaria,15,26.0,28.0,Trabajador independiente,Servicios,1 a 10 trabajadores,No,4,2673.0
54,Hombre,Urbana,Lima Metropolitana,Superior universitaria,14,33.0,39.0,Empleador,Comercio,1 a 10 trabajadores,No,1,5431.0
21,Hombre,Urbana,Costa,Secundaria,8,9.0,36.0,Trabajador independiente,"Administracion publica, educacion y salud",1 a 10 trabajadores,No,3,931.0
30,Mujer,Urbana,Selva,Superior universitaria,16,5.0,30.0,Empleado,Manufactura,11 a 50 trabajadores,No,7,2049.0
43,Hombre,Rural,Selva,Primaria o menos,6,32.0,35.0,Trabajador independiente,Agropecuario,1 a 10 trabajadores,No,3,388.0
37,Mujer,Urbana,Lima Metropolitana,Secundaria,11,20.0,33.0,Empleado,Servicios,Mas de 50 trabajadores,No,7,2208.0
23,Hombre,Urbana,Lima Metropolitana,Superior universitaria,14,5.0,54.0,Obrero,Comercio,11 a 50 trabajadores,Si,4,3367.0
43,Mujer,Urbana,Lima Metropolitana,Superior universitaria,14,25.0,38.0,Empleado,Comercio,Mas de 50 trabajadores,No,2,3617.0
33,Mujer,Urbana,Costa,Secundaria,11,14.0,29.0,Empleado,"Administracion publica, educacion y salud",Mas de 50 trabajadores,Si,3,1942.0
49,Mujer,Urbana,Lima Metropolitana,Primaria o menos,4,35.0,46.0,Obrero,Comercio,11 a 50 trabajadores,No,2,370.0
48,Hombre,Urbana,Lima Metropolitana,Secundaria,11,33.0,29.0,Trabajador independiente,Servicios,1 a 10 trabajadores,Si,2,1601.0
46,Mujer,Rural,Sierra,Primaria o menos,4,32.0,53.0,Trabajador independiente,Agropecuario,1 a 10 trabajadores,No,1,158.0
54,Hombre,Urbana,Selva,Secundaria,10,40.0,50.0,Obrero,"Administracion publica, educacion y salud",1 a 10 trabajadores,No,2,856.0
28,Mujer,Urbana,Lima Metropolitana,Superior universitaria,15,8.0,38.0,Trabajador independiente,Comercio,1 a 10 trabajadores,No,3,2341.0
41,Hombre,Urbana,Sierra,Superior universitaria,17,18.0,50.0,Trabajador independiente,Manufactura,11 a 50 trabajadores,No,4,2573.0
28,Mujer,Urbana,Costa,Secundaria,7,15.0,35.0,Empleado,Servicios,11 a 50 trabajadores,Si,5,909.0
34,Mujer,Urbana,Selva,Secundaria,7,20.0,53.0,Empleado,Servicios,1 a 10 trabajadores,No,4,764.0
46,Hombre,Rural,Sierra,Primaria o menos,3,37.0,54.0,Trabajador independiente,Agropecuario,1 a 10 trabajadores,No,3,209.0
48,Hombre,Urbana,Sierra,Secundaria,8,34.0,40.0,Empleado,Comercio,11 a 50 trabajadores,Si,6,1147.0
41,Mujer,Urbana,Lima Metropolitana,Superior universitaria,14,,57.0,Trabajador independiente,Comercio,1 a 10 trabajadores,No,7,3063.0
34,Hombre,Urbana,Selva,Superior no universitaria,15,13.0,32.0,Trabajador independiente,Manufactura,1 a 10 trabajadores,No,4,1575.0
36,Mujer,Urbana,Lima Metropolitana,Superior universitaria,17,9.0,38.0,Trabajador independiente,"Administracion publica, educacion y salud",1 a 10 trabajadores,Si,4,3330.0
20,Hombre,Urbana,Lima Metropolitana,Superior universitaria,14,0.0,54.0,Trabajador independiente,Comercio,1 a 10 trabajadores,No,7,1992.0
34,Mujer,Urbana,Costa,Superior universitaria,17,15.0,31.0,Empleado,Servicios,Mas de 50 trabajadores,Si,2,3057.0
27,Hombre,Urbana,Sierra,Superior universitaria,15,7.0,50.0,Trabajador independiente,Manufactura,1 a 10 trabajadores,,3,1641.0
43,Hombre,Rural,Sierra,Secundaria,9,30.0,45.0,Trabajador independiente,Agropecuario,1 a 10 trabajadores,Si,7,623.0
40,Mujer,Urbana,Selva,Superior universitaria,14,18.0,61.0,Empleado,Comercio,1 a 10 trabajadores,No,7,1685.0
38,Mujer,Urbana,Lima Metropolitana,Superior universitaria,16,14.0,40.0,Trabajador independiente,Comercio,1 a 10 trabajadores,No,5,2611.0
48,Mujer,Urbana,Selva,Secundaria,11,33.0,50.0,Trabajador independiente,Comercio,1 a 10 trabajadores,No,4,1178.0
51,Mujer,Urbana,Lima Metropolitana,Secundaria,10,37.0,31.0,Empleado,Manufactura,1 a 10 trabajadores,No,6,1010.0
26,Hombre,Rural,Selva,Primaria o menos,4,16.0,48.0,Trabajador independiente,Servicios,1 a 10 trabajadores,No,4,218.0
45,Mujer,Urbana,Sierra,Superior no universitaria,15,28.0,44.0,Empleado,Construccion,1 a 10 trabajadores,Si,3,2149.0
23,Hombre,Urbana,Costa,Superior universitaria,17,,30.0,Empleado,Construccion,1 a 10 trabajadores,Si,4,2121.0
40,Mujer,Urbana,Costa,Secundaria,7,27.0,40.0,Empleado,Servicios,Mas de 50 trabajadores,Si,10,1022.0
65,Hombre,Urbana,Lima Metropolitana,Secundaria,11,45.0,49.0,Empleado,Comercio,11 a 50 trabajadores,Si,2,1933.0
41,Hombre,Urbana,Lima Metropolitana,Primaria o menos,2,33.0,39.0,Trabajador independiente,"Administracion publica, educacion y salud",Mas de 50 trabajadores,No,4,796.0
21,Mujer,Urbana,Lima Metropolitana,Primaria o menos,3,14.0,33.0,Obrero,Servicios,Mas de 50 trabajadores,Si,4,1382.0
44,Mujer,Urbana,Selva,Superior universitaria,14,26.0,54.0,Empleado,Servicios,11 a 50 trabajadores,Si,5,4553.0
47,Mujer,Urbana,Lima Metropolitana,Superior universitaria,17,23.0,61.0,Empleado,Comercio,Mas de 50 trabajadores,Si,7,9913.0
31,Mujer,Urbana,Costa,Primaria o menos,2,22.0,30.0,Obrero,Comercio,11 a 50 trabajadores,No,4,459.0
43,Hombre,Urbana,Lima Metropolitana,Superior universitaria,14,23.0,70.0,Empleado,"Administracion publica, educacion y salud",1 a 10 trabajadores,No,2,4400.0
53,Hombre,Urbana,Costa,Superior universitaria,15,33.0,50.0,Empleado,Servicios,11 a 50 trabajadores,Si,5,3503.0
30,Hombre,Urbana,Sierra,Secundaria,9,15.0,48.0,Empleado,Comercio,11 a 50 trabajadores,No,7,1036.0
46,Hombre,Urbana,Sierra,Secundaria,11,29.0,25.0,Empleado,Comercio,Mas de 50 trabajadores,Si,2,1295.0
45,Mujer,Urbana,Lima Metropolitana,Superior universitaria,14,27.0,41.0,Trabajador independiente,Manufactura,1 a 10 trabajadores,No,6,2170.0
26,Hombre,Urbana,Lima Metropolitana,Superior no universitaria,14,5.0,33.0,Empleado,Servicios,1 a 10 trabajadores,No,4,2392.0
29,Mujer,Urbana,Sierra,Secundaria,9,11.0,40.0,Trabajador independiente,"Administracion publica, educacion y salud",1 a 10 trabajadores,No,5,1097.0
35,Mujer,Urbana,Sierra,Primaria o menos,3,25.0,37.0,Trabajador independiente,Construccion,1 a 10 trabajadores,No,5,517.0
53,Hombre,Rural,Selva,Primaria o menos,4,42.0,41.0,Trabajador independiente,Agropecuario,1 a 10 trabajadores,No,9,245.0
43,Hombre,Rural,Sierra,Primaria o menos,5,31.0,55.0,Empleado,Agropecuario,1 a 10 trabajadores,No,5,680.0
44,Mujer,Urbana,Costa,Secundaria,11,31.0,40.0,Trabajador independiente,Servicios,1 a 10 trabajadores,No,6,1219.0
41,Hombre,Urbana,Lima Metropolitana,Superior universitaria,16,15.0,,Empleado,Construccion,11 a 50 trabajadores,Si,6,3296.0
52,Hombre,Urbana,Sierra,Superior no universitaria,12,35.0,37.0,Empleador,Manufactura,1 a 10 trabajadores,No,3,2713.0
53,Hombre,Rural,Costa,Secundaria,11,41.0,49.0,Trabajador independiente,Comercio,1 a 10 trabajadores,No,5,591.0
45,Mujer,Urbana,Lima Metropolitana,Superior universitaria,16,24.0,42.0,Empleado,Servicios,1 a 10 trabajadores,Si,8,5319.0
42,Mujer,Urbana,Lima Metropolitana,Superior universitaria,17,19.0,44.0,Empleado,Comercio,11 a 50 trabajadores,Si,3,5108.0
39,Hombre,Urbana,Sierra,Primaria o menos,6,26.0,34.0,Trabajador independiente,Construccion,1 a 10 trabajadores,No,6,591.0
46,Hombre,Urbana,Costa,Primaria o menos,2,38.0,36.0,Trabajador independiente,Comercio,1 a 10 trabajadores,No,3,410.0
31,Hombre,Urbana,Lima Metropolitana,Superior universitaria,16,8.0,22.0,Trabajador independiente,Servicios,1 a 10 trabajadores,No,5,1746.0
40,Hombre,Urbana,Lima Metropolitana,Superior no universitaria,14,19.0,63.0,Trabajador independiente,Servicios,1 a 10 trabajadores,No,5,2411.0
18,Hombre,Urbana,Sierra,Superior universitaria,16,0.0,40.0,Trabajador independiente,Construccion,1 a 10 trabajadores,No,5,2106.0
45,Hombre,Urbana,Selva,Superior no universitaria,13,27.0,47.0,Empleado,Comercio,11 a 50 trabajadores,Si,6,2545.0
37,Hombre,Urbana,Costa,Superior universitaria,14,18.0,55.0,Empleado,"Administracion publica, educacion y salud",1 a 10 trabajadores,Si,5,5954.0
37,Mujer,Urbana,Lima Metropolitana,Secundaria,8,24.0,27.0,Obrero,Construccion,Mas de 50 trabajadores,No,4,1226.0
40,Hombre,Urbana,Costa,Secundaria,11,21.0,25.0,Trabajador independiente,Comercio,1 a 10 trabajadores,No,6,716.0
65,Hombre,Rural,Sierra,Primaria o menos,6,45.0,40.0,Trabajador independiente,Agropecuario,1 a 10 trabajadores,No,7,265.0
50,Hombre,Urbana,Selva,Superior no universitaria,12,30.0,40.0,Empleado,Servicios,1 a 10 trabajadores,No,4,1930.0
41,Hombre,Urbana,Selva,Secundaria,8,27.0,60.0,Trabajador independiente,Comercio,11 a 50 trabajadores,No,5,1647.0
38,Hombre,Rural,Selva,Secundaria,7,24.0,34.0,Empleado,Agropecuario,1 a 10 trabajadores,Si,5,468.0
35,Mujer,Urbana,Sierra,Superior universitaria,15,18.0,22.0,Empleado,Servicios,Mas de 50 trabajadores,Si,2,3273.0
18,Hombre,Rural,Selva,Primaria o menos,4,6.0,45.0,Trabajador independiente,Agropecuario,1 a 10 trabajadores,No,4,150.0
23,Hombre,Urbana,Sierra,Superior no universitaria,13,6.0,57.0,Empleado,"Administracion publica, educacion y salud",11 a 50 trabajadores,Si,4,3543.0
41,Hombre,Rural,Sierra,Primaria o menos,4,29.0,8.0,Trabajador independiente,Agropecuario,1 a 10 trabajadores,No,7,150.0
64,Mujer,Urbana,Costa,Superior universitaria,15,45.0,53.0,Obrero,Comercio,11 a 50 trabajadores,No,5,1538.0
30,Mujer,Urbana,Costa,Secundaria,10,13.0,46.0,Obrero,Construccion,11 a 50 trabajadores,Si,8,1565.0
46,Hombre,Urbana,Sierra,Superior universitaria,15,23.0,48.0,Empleado,Construccion,11 a 50 trabajadores,Si,5,3765.0
26,Hombre,Urbana,Lima Metropolitana,Secundaria,9,13.0,39.0,Trabajador independiente,"Administracion publica, educacion y salud",1 a 10 trabajadores,No,2,1537.0
24,Hombre,Urbana,Lima Metropolitana,Secundaria,7,14.0,38.0,Trabajador independiente,Servicios,Mas de 50 trabajadores,No,4,1294.0
29,Hombre,Urbana,Costa,Secundaria,10,17.0,42.0,Empleado,Servicios,1 a 10 trabajadores,No,4,1012.0
32,Hombre,Urbana,Costa,Superior universitaria,15,10.0,35.0,Empleado,"Administracion publica, educacion y salud",Mas de 50 trabajadores,Si,4,5270.0
38,Hombre,Urbana,Selva,Secundaria,11,16.0,63.0,Trabajador independiente,Servicios,1 a 10 trabajadores,No,5,945.0
48,Mujer,Urbana,Selva,Secundaria,7,35.0,54.0,Empleado,Comercio,Mas de 50 trabajadores,No,4,1767.0
55,Mujer,Urbana,Sierra,Superior universitaria,14,33.0,47.0,Empleado,Manufactura,11 a 50 trabajadores,Si,6,2581.0
39,Mujer,Urbana,Selva,Secundaria,10,24.0,33.0,Empleado,Manufactura,11 a 50 trabajadores,Si,6,1274.0
28,Mujer,Urbana,Costa,Secundaria,11,11.0,37.0,Obrero,Servicios,1 a 10 trabajadores,No,4,903.0
36,Hombre,Urbana,Sierra,Secundaria,8,21.0,47.0,Obrero,Manufactura,1 a 10 trabajadores,No,3,474.0
24,Mujer,Rural,Sierra,Secundaria,7,9.0,13.0,Trabajador independiente,Agropecuario,1 a 10 trabajadores,No,6,150.0
30,Hombre,Rural,Costa,Primaria o menos,5,20.0,57.0,Trabajador independiente,Agropecuario,1 a 10 trabajadores,No,5,213.0
52,Mujer,Urbana,Sierra,Superior no universitaria,15,30.0,27.0,Empleado,Comercio,1 a 10 trabajadores,No,2,1639.0
59,Hombre,Urbana,Selva,Secundaria,9,44.0,38.0,Trabajador independiente,Comercio,1 a 10 trabajadores,No,4,1492.0
43,Hombre,Urbana,Sierra,Primaria o menos,3,35.0,22.0,Trabajador independiente,Comercio,1 a 10 trabajadores,No,4,386.0
41,Mujer,Urbana,Costa,Secundaria,11,23.0,53.0,Trabajador independiente,Construccion,1 a 10 trabajadores,No,6,1402.0
25,Hombre,Rural,Sierra,Secundaria,8,10.0,53.0,Trabajador independiente,Agropecuario,1 a 10 trabajadores,No,7,207.0
18,Hombre,Urbana,Selva,Secundaria,7,7.0,40.0,Empleado,"Administracion publica, educacion y salud",11 a 50 trabajadores,Si,3,1205.0
24,Hombre,Urbana,Selva,Superior no universitaria,12,7.0,58.0,Empleado,Servicios,Mas de 50 trabajadores,No,6,2376.0
21,Hombre,Urbana,Costa,Superior no universitaria,15,3.0,43.0,Empleador,Manufactura,11 a 50 trabajadores,No,3,2587.0
55,Hombre,Urbana,Lima Metropolitana,Primaria o menos,3,45.0,62.0,Trabajador independiente,Servicios,1 a 10 trabajadores,No,6,378.0
54,Hombre,Urbana,Sierra,Secundaria,9,34.0,50.0,Obrero,"Administracion publica, educacion y salud",11 a 50 trabajadores,No,2,2304.0
49,Hombre,Urbana,Lima Metropolitana,Primaria o menos,4,38.0,74.0,Trabajador independiente,Servicios,11 a 50 trabajadores,No,2,1154.0
59,Mujer,Rural,Costa,Primaria o menos,5,45.0,29.0,Trabajador independiente,Manufactura,1 a 10 trabajadores,No,3,345.0
44,Hombre,Urbana,Lima Metropolitana,Secundaria,10,28.0,30.0,Trabajador independiente,Servicios,1 a 10 trabajadores,No,3,1099.0
38,Hombre,Urbana,Sierra,Superior universitaria,15,17.0,49.0,Trabajador independiente,"Administracion publica, educacion y salud",1 a 10 trabajadores,No,3,3264.0
47,Mujer,Urbana,Costa,Superior universitaria,17,26.0,49.0,Empleado,Comercio,1 a 10 trabajadores,No,9,4391.0
50,Mujer,Urbana,Selva,Superior universitaria,15,30.0,54.0,Empleado,Servicios,11 a 50 trabajadores,Si,6,3012.0
27,Mujer,Urbana,Selva,Superior no universitaria,14,7.0,54.0,Empleador,Agropecuario,1 a 10 trabajadores,Si,6,1446.0
29,Mujer,Urbana,Lima Metropolitana,Superior universitaria,15,10.0,39.0,Empleado,Comercio,1 a 10 trabajadores,No,10,1452.0
34,Mujer,Urbana,Lima Metropolitana,Secundaria,9,17.0,49.0,Empleado,Comercio,1 a 10 trabajadores,No,6,1226.0
55,Hombre,Urbana,Lima Metropolitana,Superior universitaria,16,34.0,49.0,Empleado,Servicios,Mas de 50 trabajadores,No,3,7056.0
19,Mujer,Urbana,Lima Metropolitana,Superior universitaria,15,0.0,36.0,Empleado,Servicios,Mas de 50 trabajadores,Si,5,3344.0
25,Hombre,Urbana,Costa,Superior no universitaria,13,5.0,41.0,Empleado,"Administracion publica, educacion y salud",Mas de 50 trabajadores,Si,2,3163.0
28,Hombre,Urbana,Selva,Secundaria,10,12.0,53.0,Empleado,Construccion,1 a 10 trabajadores,Si,2,1300.0
55,Mujer,Urbana,Costa,Superior no universitaria,14,35.0,36.0,Trabajador independiente,Comercio,1 a 10 trabajadores,No,4,939.0
25,Hombre,Rural,Sierra,Superior no universitaria,14,,12.0,Trabajador independiente,Agropecuario,1 a 10 trabajadores,No,4,197.0
33,Mujer,Urbana,Lima Metropolitana,Superior universitaria,14,11.0,49.0,Empleado,Manufactura,Mas de 50 trabajadores,Si,7,4456.0
24,Hombre,Rural,Sierra,Secundaria,8,11.0,27.0,Empleador,Agropecuario,1 a 10 trabajadores,No,5,399.0
38,Hombre,Rural,Sierra,Primaria o menos,2,29.0,44.0,Trabajador independiente,Agropecuario,1 a 10 trabajadores,No,4,253.0
31,Hombre,Urbana,Lima Metropolitana,Secundaria,10,15.0,17.0,Empleado,Servicios,11 a 50 trabajadores,No,3,2326.0
38,Mujer,Urbana,Sierra,Superior universitaria,17,15.0,56.0,Empleado,Comercio,Mas de 50 trabajadores,Si,5,6876.0
39,Mujer,Rural,Selva,Primaria o menos,2,29.0,51.0,Trabajador independiente,Agropecuario,1 a 10 trabajadores,No,8,171.0
55,Mujer,Urbana,Lima Metropolitana,Superior no universitaria,14,33.0,8.0,Empleado,Servicios,11 a 50 trabajadores,Si,7,1392.0
59,Mujer,Urbana,Sierra,Superior no universitaria,15,37.0,33.0,Empleado,Agropecuario,1 a 10 trabajadores,No,6,1234.0
56,Hombre,Urbana,Sierra,Primaria o menos,3,45.0,47.0,Empleado,Servicios,1 a 10 trabajadores,No,6,1318.0
35,Hombre,Urbana,Lima Metropolitana,Superior no universitaria,12,21.0,38.0,Trabajador independiente,Comercio,1 a 10 trabajadores,No,1,2055.0
47,Mujer,Urbana,Lima Metropolitana,Superior no universitaria,13,26.0,38.0,Empleado,Comercio,Mas de 50 trabajadores,Si,4,3423.0
35,Mujer,Urbana,Lima Metropolitana,Superior no universitaria,12,21.0,35.0,Empleado,Comercio,Mas de 50 trabajadores,Si,2,2506.0
30,Hombre,Urbana,Sierra,Secundaria,11,14.0,33.0,Obrero,Comercio,11 a 50 trabajadores,No,9,675.0
49,Mujer,Urbana,Costa,Secundaria,10,35.0,44.0,Trabajador independiente,Servicios,1 a 10 trabajadores,No,3,1009.0
47,Hombre,Urbana,Selva,Superior universitaria,14,24.0,34.0,Trabajador independiente,Servicios,1 a 10 trabajadores,No,6,1590.0
28,Hombre,Urbana,Costa,Primaria o menos,2,22.0,25.0,Trabajador independiente,Manufactura,1 a 10 trabajadores,No,3,498.0
34,Hombre,Urbana,Lima Metropolitana,Secundaria,10,20.0,16.0,Obrero,"Administracion publica, educacion y salud",11 a 50 trabajadores,No,5,1309.0
37,Hombre,Urbana,Lima Metropolitana,Secundaria,8,24.0,55.0,Trabajador independiente,"Administracion publica, educacion y salud",1 a 10 trabajadores,No,2,1117.0
37,Hombre,Urbana,Lima Metropolitana,Secundaria,7,26.0,38.0,Empleado,Servicios,1 a 10 trabajadores,No,3,1031.0
37,Hombre,Rural,Sierra,Superior no universitaria,14,17.0,45.0,Obrero,Agropecuario,1 a 10 trabajadores,No,4,588.0
41,Mujer,Urbana,Costa,Secundaria,9,25.0,45.0,Obrero,"Administracion publica, educacion y salud",1 a 10 trabajadores,No,4,1255.0
45,Hombre,Urbana,Selva,Secundaria,11,27.0,60.0,Obrero,Servicios,Mas de 50 trabajadores,Si,3,3345.0
51,Mujer,Rural,Sierra,Secundaria,11,35.0,62.0,Trabajador independiente,Agropecuario,1 a 10 trabajadores,No,7,166.0
31,Mujer,Urbana,Sierra,Secundaria,8,14.0,41.0,Empleado,Servicios,1 a 10 trabajadores,Si,4,1651.0
37,Hombre,Urbana,Selva,Primaria o menos,2,29.0,25.0,Empleado,Comercio,1 a 10 trabajadores,No,4,470.0
56,Mujer,Urbana,Lima Metropolitana,Superior no universitaria,14,40.0,33.0,Empleado,Comercio,Mas de 50 trabajadores,No,6,3966.0
41,Mujer,Urbana,Lima Metropolitana,Superior universitaria,16,18.0,35.0,Empleado,Servicios,1 a 10 trabajadores,No,2,2787.0
48,Hombre,Urbana,Costa,Superior no universitaria,12,27.0,46.0,Obrero,Servicios,Mas de 50 trabajadores,Si,5,2800.0
46,Mujer,Urbana,Lima Metropolitana,Primaria o menos,3,38.0,46.0,Trabajador independiente,Servicios,11 a 50 trabajadores,No,4,785.0
29,Mujer,Urbana,Costa,Superior no universitaria,12,13.0,38.0,Empleado,Agropecuario,11 a 50 trabajadores,Si,4,1217.0
26,Mujer,Urbana,Sierra,Secundaria,11,8.0,36.0,Empleado,Servicios,11 a 50 trabajadores,Si,8,1463.0
42,Hombre,Rural,Sierra,Secundaria,10,25.0,42.0,Empleado,Agropecuario,1 a 10 trabajadores,No,4,516.0
18,Hombre,Rural,Sierra,Secundaria,10,0.0,28.0,Trabajador independiente,Manufactura,1 a 10 trabajadores,No,2,343.0
54,Mujer,Urbana,Sierra,Superior no universitaria,12,37.0,31.0,Empleado,Comercio,1 a 10 trabajadores,No,4,2844.0
51,Hombre,Urbana,Sierra,Superior no universitaria,14,30.0,45.0,Obrero,"Administracion publica, educacion y salud",1 a 10 trabajadores,No,5,2127.0
50,Mujer,Urbana,Sierra,Superior universitaria,15,28.0,34.0,Empleado,Servicios,1 a 10 trabajadores,Si,4,1395.0
36,Hombre,Urbana,Costa,Secundaria,10,23.0,35.0,Trabajador independiente,Manufactura,1 a 10 trabajadores,No,3,792.0
34,Hombre,Urbana,Lima Metropolitana,Superior universitaria,17,6.0,27.0,Empleado,Comercio,Mas de 50 trabajadores,Si,2,4874.0
28,Hombre,Urbana,Sierra,Secundaria,7,14.0,62.0,Obrero,"Administracion publica, educacion y salud",11 a 50 trabajadores,Si,6,1121.0
30,Mujer,Urbana,Costa,Primaria o menos,4,18.0,45.0,Empleado,Servicios,11 a 50 trabajadores,Si,3,736.0
41,Hombre,Urbana,Costa,Secundaria,7,26.0,40.0,Obrero,Agropecuario,Mas de 50 trabajadores,No,5,920.0
31,Hombre,Urbana,Costa,Secundaria,8,16.0,46.0,Empleado,Manufactura,Mas de 50 trabajadores,Si,5,1537.0
50,Hombre,Urbana,Costa,Secundaria,7,39.0,39.0,Obrero,Comercio,1 a 10 trabajadores,No,3,692.0
39,Hombre,Urbana,Costa,Superior universitaria,16,16.0,53.0,Trabajador independiente,Servicios,1 a 10 trabajadores,No,5,1512.0
38,Mujer,Urbana,Costa,Superior universitaria,14,17.0,40.0,Obrero,Servicios,1 a 10 trabajadores,No,3,1342.0
41,Mujer,Urbana,Costa,Superior no universitaria,14,22.0,29.0,Empleado,"Administracion publica, educacion y salud",Mas de 50 trabajadores,Si,4,5047.0
64,Hombre,Urbana,Costa,Secundaria,11,45.0,50.0,Empleado,Comercio,1 a 10 trabajadores,No,3,1101.0
34,Hombre,Urbana,Costa,Superior no universitaria,13,17.0,37.0,Empleado,"Administracion publica, educacion y salud",1 a 10 trabajadores,Si,3,1128.0
35,Mujer,Urbana,Sierra,Secundaria,9,23.0,67.0,Trabajador independiente,Construccion,1 a 10 trabajadores,No,3,815.0
65,Mujer,Rural,Selva,Secundaria,9,45.0,21.0,Trabajador independiente,Manufactura,1 a 10 trabajadores,No,1,272.0
40,Hombre,Urbana,Sierra,Secundaria,9,27.0,31.0,Trabajador independiente,"Administracion publica, educacion y salud",1 a 10 trabajadores,No,7,1774.0
50,Mujer,Urbana,Lima Metropolitana,Superior universitaria,15,30.0,39.0,Empleado,Servicios,1 a 10 trabajadores,Si,4,4316.0
49,Hombre,Urbana,Costa,Superior universitaria,16,26.0,47.0,Trabajador independiente,Comercio,1 a 10 trabajadores,No,7,2357.0
19,Mujer,Urbana,Lima Metropolitana,Superior universitaria,16,0.0,29.0,Empleado,Comercio,1 a 10 trabajadores,Si,4,2442.0
28,Hombre,Rural,Sierra,Superior no universitaria,13,7.0,49.0,Empleador,Agropecuario,1 a 10 trabajadores,No,6,505.0
28,Mujer,Urbana,Lima Metropolitana,Secundaria,9,13.0,,Obrero,Servicios,Mas de 50 trabajadores,Si,4,1514.0
46,Mujer,Urbana,Lima Metropolitana,Superior universitaria,14,23.0,32.0,Empleado,Comercio,Mas de 50 trabajadores,Si,6,3843.0
48,Hombre,Rural,Sierra,Secundaria,11,32.0,47.0,Trabajador independiente,Agropecuario,1 a 10 trabajadores,No,3,385.0
41,Mujer,Urbana,Costa,Superior universitaria,15,20.0,36.0,Empleado,"Administracion publica, educacion y salud",1 a 10 trabajadores,Si,5,3684.0
33,Hombre,Urbana,Lima Metropolitana,Superior no universitaria,13,17.0,40.0,Trabajador independiente,Manufactura,1 a 10 trabajadores,No,3,1566.0
39,Mujer,Urbana,Lima Metropolitana,Superior no universitaria,15,17.0,39.0,Empleado,"Administracion publica, educacion y salud",11 a 50 trabajadores,No,2,2654.0
45,Mujer,Urbana,Lima Metropolitana,Superior no universitaria,14,23.0,39.0,Empleado,Manufactura,11 a 50 trabajadores,No,2,2535.0
43,Hombre,Urbana,Lima Metropolitana,Secundaria,11,25.0,39.0,Empleado,Manufactura,1 a 10 trabajadores,No,6,2246.0
28,Mujer,Urbana,Lima Metropolitana,Superior universitaria,14,7.0,45.0,Trabajador independiente,Comercio,Mas de 50 trabajadores,No,4,2019.0
34,Mujer,Urbana,Costa,Superior no universitaria,12,13.0,38.0,Empleador,Comercio,1 a 10 trabajadores,Si,3,2760.0
36,Mujer,Rural,Costa,Primaria o menos,6,25.0,56.0,Trabajador independiente,Comercio,1 a 10 trabajadores,No,6,402.0
53,Mujer,Urbana,Sierra,Superior no universitaria,12,34.0,46.0,Empleado,Servicios,1 a 10 trabajadores,No,2,1217.0
30,Mujer,Urbana,Sierra,Secundaria,9,15.0,46.0,Obrero,Manufactura,1 a 10 trabajadores,No,5,596.0
38,Hombre,Urbana,Selva,Secundaria,8,24.0,52.0,Empleado,Comercio,1 a 10 trabajadores,No,3,979.0
39,Mujer,Urbana,Sierra,Superior universitaria,15,17.0,51.0,Empleado,Servicios,1 a 10 trabajadores,Si,2,3071.0
48,Hombre,Urbana,Lima Metropolitana,Primaria o menos,6,36.0,61.0,Obrero,Comercio,1 a 10 trabajadores,No,2,782.0
46,Mujer,Urbana,Selva,Superior no universitaria,13,27.0,34.0,Trabajador independiente,Construccion,1 a 10 trabajadores,No,5,1945.0
65,Hombre,Urbana,Costa,Superior no universitaria,14,45.0,37.0,Obrero,"Administracion publica, educacion y salud",Mas de 50 trabajadores,Si,4,3520.0
22,Mujer,Urbana,Sierra,Secundaria,11,,37.0,Empleado,"Administracion publica, educacion y salud",11 a 50 trabajadores,No,6,836.0
44,Mujer,Rural,Selva,Superior no universitaria,13,27.0,55.0,Obrero,Agropecuario,1 a 10 trabajadores,No,6,525.0
40,Hombre,Urbana,Sierra,Secundaria,8,24.0,32.0,Trabajador independiente,Comercio,1 a 10 trabajadores,No,3,889.0
43,Hombre,Urbana,Lima Metropolitana,Secundaria,10,27.0,42.0,Empleado,Construccion,11 a 50 trabajadores,No,3,1715.0
29,Hombre,Urbana,Costa,Secundaria,10,13.0,25.0,Trabajador independiente,Manufactura,1 a 10 trabajadores,No,4,845.0
24,Hombre,Urbana,Selva,Primaria o menos,6,11.0,61.0,Trabajador independiente,Comercio,1 a 10 trabajadores,No,4,859.0
43,Mujer,Urbana,Sierra,Secundaria,7,32.0,65.0,Trabajador independiente,Servicios,1 a 10 trabajadores,No,5,1112.0
31,Mujer,Urbana,Costa,Superior no universitaria,15,11.0,28.0,Empleador,Manufactura,1 a 10 trabajadores,No,5,2405.0
38,Mujer,Urbana,Lima Metropolitana,Primaria o menos,6,28.0,34.0,Empleado,Comercio,1 a 10 trabajadores,No,3,1164.0
44,Hombre,Urbana,Sierra,Superior universitaria,14,23.0,34.0,Empleado,"Administracion publica, educacion y salud",11 a 50 trabajadores,No,2,4437.0
18,Mujer,Urbana,Lima Metropolitana,Primaria o menos,2,9.0,45.0,Empleado,Servicios,1 a 10 trabajadores,No,1,488.0
18,Mujer,Urbana,Selva,Secundaria,7,5.0,64.0,Trabajador independiente,Comercio,1 a 10 trabajadores,Si,2,505.0
42,Mujer,Urbana,Costa,Superior no universitaria,12,20.0,32.0,Empleado,"Administracion publica, educacion y salud",1 a 10 trabajadores,Si,2,2671.0
36,Mujer,Urbana,Lima Metropolitana,Secundaria,10,19.0,40.0,Trabajador independiente,Servicios,1 a 10 trabajadores,No,5,1088.0
35,Hombre,Urbana,Selva,Superior no universitaria,12,20.0,28.0,Empleado,"Administracion publica, educacion y salud",Mas de 50 trabajadores,Si,3,2367.0
38,Hombre,Urbana,Sierra,Superior no universitaria,15,16.0,55.0,Empleado,Servicios,1 a 10 trabajadores,No,3,2989.0
35,Hombre,Urbana,Lima Metropolitana,Secundaria,9,22.0,35.0,Trabajador independiente,Construccion,1 a 10 trabajadores,No,4,991.0
36,Mujer,Urbana,Lima Metropolitana,Secundaria,7,21.0,23.0,Obrero,Comercio,11 a 50 trabajadores,Si,4,956.0
19,Hombre,Urbana,Lima Metropolitana,Superior universitaria,16,0.0,25.0,Trabajador independiente,Comercio,1 a 10 trabajadores,No,3,2088.0
40,Hombre,Urbana,Lima Metropolitana,Secundaria,9,25.0,37.0,Empleador,Servicios,1 a 10 trabajadores,No,8,1638.0
25,Mujer,Rural,Sierra,Secundaria,7,15.0,39.0,Trabajador independiente,Agropecuario,1 a 10 trabajadores,No,5,178.0
26,Hombre,Urbana,Lima Metropolitana,Superior no universitaria,13,7.0,44.0,Trabajador independiente,Comercio,1 a 10 trabajadores,Si,1,1839.0
49,Hombre,Urbana,Lima Metropolitana,Superior universitaria,17,30.0,43.0,Trabajador independiente,Servicios,1 a 10 trabajadores,No,5,4059.0
37,Hombre,Urbana,Sierra,Secundaria,11,23.0,55.0,Empleado,Servicios,Mas de 50 trabajadores,No,2,2285.0
38,Hombre,Urbana,Lima Metropolitana,Secundaria,8,26.0,40.0,Empleado,Manufactura,Mas de 50 trabajadores,Si,4,3819.0
37,Hombre,Rural,Selva,Secundaria,11,17.0,24.0,Trabajador independiente,Agropecuario,1 a 10 trabajadores,No,5,246.0
24,Hombre,Urbana,Selva,Superior universitaria,14,3.0,48.0,Trabajador independiente,Comercio,1 a 10 trabajadores,No,4,1245.0
50,Mujer,Urbana,Costa,Superior universitaria,15,30.0,42.0,Empleado,Servicios,1 a 10 trabajadores,Si,9,3557.0
28,Mujer,Rural,Sierra,Primaria o menos,4,18.0,36.0,Trabajador independiente,Agropecuario,1 a 10 trabajadores,No,4,151.0
40,Hombre,Urbana,Lima Metropolitana,Superior universitaria,15,21.0,54.0,Empleado,Construccion,1 a 10 trabajadores,Si,3,5022.0
29,Hombre,Urbana,Selva,Superior no universitaria,14,6.0,53.0,Empleado,Comercio,11 a 50 trabajadores,Si,2,3242.0
55,Mujer,Urbana,Sierra,Superior no universitaria,14,36.0,42.0,Trabajador independiente,Manufactura,1 a 10 trabajadores,Si,5,1739.0
29,Hombre,Urbana,Costa,Secundaria,8,14.0,22.0,Trabajador independiente,Comercio,1 a 10 trabajadores,No,6,460.0
62,Hombre,Urbana,Lima Metropolitana,Superior no universitaria,15,40.0,38.0,Empleado,Agropecuario,1 a 10 trabajadores,No,2,1494.0
57,Hombre,Urbana,Selva,Secundaria,7,45.0,47.0,Empleado,Construccion,11 a 50 trabajadores,Si,5,1408.0
24,Hombre,Urbana,Costa,Secundaria,7,12.0,54.0,Empleado,Manufactura,1 a 10 trabajadores,No,2,1226.0
48,Hombre,Urbana,Costa,Superior no universitaria,13,26.0,49.0,Obrero,Comercio,Mas de 50 trabajadores,No,5,1456.0
60,Hombre,Urbana,Lima Metropolitana,Secundaria,11,41.0,38.0,Empleado,Servicios,11 a 50 trabajadores,No,3,1581.0
51,Hombre,Urbana,Sierra,Primaria o menos,6,37.0,22.0,Obrero,Manufactura,Mas de 50 trabajadores,No,4,716.0
27,Mujer,Urbana,Lima Metropolitana,Superior universitaria,15,3.0,58.0,Empleado,Servicios,11 a 50 trabajadores,No,5,4023.0
34,Hombre,Urbana,Sierra,Superior no universitaria,14,13.0,41.0,Trabajador independiente,Servicios,1 a 10 trabajadores,No,6,1284.0
35,Mujer,Urbana,Lima Metropolitana,Superior no universitaria,15,14.0,34.0,Empleador,Comercio,1 a 10 trabajadores,No,1,3001.0
34,Mujer,Urbana,Lima Metropolitana,Secundaria,9,19.0,43.0,Empleado,Servicios,11 a 50 trabajadores,No,5,1216.0
32,Hombre,Urbana,Lima Metropolitana,Secundaria,8,16.0,39.0,Trabajador independiente,"Administracion publica, educacion y salud",1 a 10 trabajadores,No,4,952.0
36,Hombre,Urbana,Selva,Secundaria,9,20.0,59.0,Obrero,Comercio,11 a 50 trabajadores,No,4,781.0
52,Mujer,Urbana,Costa,Superior universitaria,16,26.0,58.0,Empleado,Servicios,Mas de 50 trabajadores,Si,6,6947.0
18,Hombre,Urbana,Costa,Superior universitaria,17,0.0,43.0,Empleado,"Administracion publica, educacion y salud",1 a 10 trabajadores,Si,4,2278.0
65,Mujer,Rural,Costa,Secundaria,7,45.0,40.0,Trabajador independiente,"Administracion publica, educacion y salud",1 a 10 trabajadores,No,2,336.0
41,Hombre,Urbana,Lima Metropolitana,Superior no universitaria,12,22.0,65.0,Trabajador independiente,Servicios,1 a 10 trabajadores,No,3,1704.0
61,Hombre,Urbana,Selva,Secundaria,11,43.0,23.0,Empleado,Manufactura,1 a 10 trabajadores,No,5,1136.0
45,Mujer,Urbana,Sierra,Secundaria,8,31.0,36.0,Empleado,Comercio,1 a 10 trabajadores,No,5,1502.0
41,Hombre,Urbana,Costa,Superior no universitaria,12,25.0,42.0,Obrero,Comercio,Mas de 50 trabajadores,Si,6,2193.0
37,Hombre,Urbana,Sierra,Superior no universitaria,13,20.0,51.0,Trabajador independiente,"Administracion publica, educacion y salud",1 a 10 trabajadores,No,6,2125.0
33,Mujer,Urbana,Lima Metropolitana,Secundaria,10,15.0,35.0,Empleado,Manufactura,11 a 50 trabajadores,No,4,2421.0
41,Hombre,Urbana,Sierra,Superior universitaria,16,17.0,60.0,Empleador,"Administracion publica, educacion y salud",11 a 50 trabajadores,Si,1,11235.0
47,Hombre,Urbana,Sierra,Secundaria,9,31.0,36.0,Trabajador independiente,"Administracion publica, educacion y salud",1 a 10 trabajadores,No,4,1339.0
47,Hombre,Rural,Sierra,Primaria o menos,5,35.0,44.0,Obrero,Agropecuario,1 a 10 trabajadores,No,4,324.0
60,Mujer,Urbana,Lima Metropolitana,Secundaria,10,43.0,30.0,Empleado,Comercio,Mas de 50 trabajadores,Si,5,1621.0
26,Mujer,Urbana,Costa,Superior no universitaria,14,5.0,27.0,Trabajador independiente,Servicios,1 a 10 trabajadores,No,2,1112.0
49,Mujer,Urbana,Selva,Superior universitaria,15,29.0,53.0,Empleado,Servicios,1 a 10 trabajadores,No,2,3085.0
27,Hombre,Urbana,Costa,Posgrado,17,2.0,31.0,Empleador,Comercio,11 a 50 trabajadores,No,2,6562.0
38,Hombre,Urbana,Selva,Secundaria,11,20.0,31.0,Obrero,"Administracion publica, educacion y salud",11 a 50 trabajadores,No,6,884.0
35,Hombre,Urbana,Sierra,Secundaria,10,19.0,59.0,Empleado,"Administracion publica, educacion y salud",Mas de 50 trabajadores,Si,6,2173.0
53,Hombre,Urbana,Sierra,Superior universitaria,15,32.0,48.0,Empleado,Comercio,1 a 10 trabajadores,Si,7,2562.0
34,Hombre,Rural,Costa,Secundaria,9,24.0,49.0,Trabajador independiente,"Administracion publica, educacion y salud",1 a 10 trabajadores,No,3,789.0
40,Mujer,Urbana,Selva,Superior universitaria,15,21.0,51.0,Trabajador independiente,Manufactura,1 a 10 trabajadores,No,4,1625.0
50,Mujer,Urbana,Sierra,Superior universitaria,17,27.0,52.0,Empleado,Servicios,Mas de 50 trabajadores,Si,5,5908.0
39,Hombre,Urbana,Sierra,Superior universitaria,17,14.0,52.0,Trabajador independiente,Servicios,1 a 10 trabajadores,Si,3,2623.0
52,Hombre,Rural,Sierra,Secundaria,9,38.0,24.0,Obrero,Servicios,Mas de 50 trabajadores,No,2,453.0
34,Hombre,Urbana,Costa,Secundaria,11,16.0,55.0,Empleador,"Administracion publica, educacion y salud",1 a 10 trabajadores,No,3,3257.0
60,Mujer,Urbana,Selva,Primaria o menos,5,45.0,58.0,Trabajador independiente,Servicios,1 a 10 trabajadores,No,6,622.0
43,Mujer,Urbana,Lima Metropolitana,Superior no universitaria,12,24.0,56.0,Trabajador independiente,Agropecuario,1 a 10 trabajadores,No,5,975.0
31,Hombre,Rural,Sierra,Primaria o menos,5,18.0,36.0,Trabajador independiente,Servicios,1 a 10 trabajadores,No,7,208.0
48,Mujer,Urbana,Lima Metropolitana,Superior universitaria,14,30.0,44.0,Empleado,Agropecuario,Mas de 50 trabajadores,Si,2,5775.0
52,Mujer,Rural,Selva,Superior no universitaria,14,33.0,57.0,Obrero,Agropecuario,1 a 10 trabajadores,Si,7,419.0
40,Hombre,Rural,Sierra,Secundaria,7,26.0,29.0,Trabajador independiente,Agropecuario,1 a 10 trabajadores,No,9,198.0
26,Hombre,Rural,Costa,Secundaria,10,10.0,51.0,Trabajador independiente,Agropecuario,1 a 10 trabajadores,No,6,254.0
50,Hombre,Urbana,Lima Metropolitana,Superior universitaria,16,29.0,33.0,Empleado,Comercio,Mas de 50 trabajadores,No,5,3379.0
47,Hombre,Urbana,Sierra,Superior no universitaria,13,26.0,48.0,Trabajador independiente,"Administracion publica, educacion y salud",1 a 10 trabajadores,No,2,1852.0
25,Mujer,Urbana,Lima Metropolitana,Secundaria,7,11.0,49.0,Empleado,"Administracion publica, educacion y salud",11 a 50 trabajadores,Si,4,1620.0
41,Hombre,Urbana,Selva,Secundaria,10,24.0,37.0,Empleado,Comercio,Mas de 50 trabajadores,Si,7,1744.0
45,Mujer,Urbana,Lima Metropolitana,Superior universitaria,15,24.0,39.0,Empleado,Comercio,1 a 10 trabajadores,No,7,2279.0
33,Mujer,Rural,Selva,Primaria o menos,4,23.0,27.0,Trabajador independiente,Comercio,1 a 10 trabajadores,No,4,340.0
46,Mujer,Rural,Sierra,Primaria o menos,2,38.0,57.0,Trabajador independiente,Agropecuario,1 a 10 trabajadores,No,2,182.0
26,Hombre,Urbana,Costa,Superior no universitaria,13,9.0,62.0,Trabajador independiente,Manufactura,1 a 10 trabajadores,No,3,730.0
57,Hombre,Urbana,Lima Metropolitana,Secundaria,7,41.0,58.0,Obrero,Manufactura,Mas de 50 trabajadores,Si,4,1726.0
42,Mujer,Urbana,Lima Metropolitana,Superior universitaria,17,16.0,57.0,Trabajador independiente,"Administracion publica, educacion y salud",1 a 10 trabajadores,No,2,3736.0
39,Mujer,Urbana,Lima Metropolitana,Superior universitaria,15,18.0,,Trabajador independiente,"Administracion publica, educacion y salud",1 a 10 trabajadores,Si,3,2786.0
20,Hombre,Urbana,Sierra,Secundaria,11,4.0,67.0,Obrero,"Administracion publica, educacion y salud",Mas de 50 trabajadores,Si,4,2718.0
45,Mujer,Rural,Sierra,Primaria o menos,2,39.0,41.0,Trabajador independiente,Agropecuario,1 a 10 trabajadores,No,5,187.0
42,Hombre,Urbana,Lima Metropolitana,Superior no universitaria,14,22.0,65.0,Empleado,Manufactura,11 a 50 trabajadores,No,3,4510.0
46,Mujer,Urbana,Sierra,Secundaria,11,29.0,60.0,Empleado,Servicios,11 a 50 trabajadores,No,2,1439.0
42,Mujer,Urbana,Costa,Superior universitaria,17,22.0,25.0,Trabajador independiente,Servicios,1 a 10 trabajadores,No,10,2678.0
63,Hombre,Urbana,Costa,Superior no universitaria,12,44.0,30.0,Empleado,Servicios,11 a 50 trabajadores,Si,3,1871.0
40,Hombre,Urbana,Costa,Posgrado,17,16.0,70.0,Empleado,Manufactura,Mas de 50 trabajadores,Si,3,5534.0
33,Mujer,Rural,Selva,Superior no universitaria,13,11.0,54.0,Trabajador independiente,Agropecuario,1 a 10 trabajadores,No,6,331.0
29,Mujer,Urbana,Lima Metropolitana,Superior universitaria,14,6.0,55.0,Obrero,Manufactura,11 a 50 trabajadores,Si,3,2182.0
39,Hombre,Urbana,Costa,Superior no universitaria,14,19.0,51.0,Trabajador independiente,Construccion,1 a 10 trabajadores,No,2,3151.0
38,Hombre,Urbana,Selva,Secundaria,9,22.0,35.0,Trabajador independiente,Comercio,11 a 50 trabajadores,No,3,802.0
25,Hombre,Urbana,Sierra,Superior no universitaria,14,6.0,40.0,Trabajador independiente,"Administracion publica, educacion y salud",1 a 10 trabajadores,Si,4,2206.0
34,Mujer,Urbana,Costa,Secundaria,8,18.0,32.0,Obrero,Construccion,11 a 50 trabajadores,No,4,650.0
40,Mujer,Rural,Sierra,Primaria o menos,2,34.0,,Trabajador independiente,Comercio,11 a 50 trabajadores,No,5,421.0
18,Hombre,Urbana,Costa,Superior no universitaria,14,0.0,36.0,Trabajador independiente,Servicios,1 a 10 trabajadores,Si,4,1976.0
55,Hombre,Rural,Sierra,Primaria o menos,5,45.0,40.0,Trabajador independiente,Agropecuario,1 a 10 trabajadores,No,8,294.0
26,Hombre,Rural,Costa,Primaria o menos,5,13.0,38.0,Trabajador independiente,Agropecuario,1 a 10 trabajadores,No,7,260.0
60,Hombre,Rural,Sierra,Superior universitaria,16,40.0,34.0,Empleado,Agropecuario,11 a 50 trabajadores,No,4,992.0
46,Mujer,Urbana,Lima Metropolitana,Secundaria,9,33.0,42.0,Trabajador independiente,"Administracion publica, educacion y salud",1 a 10 trabajadores,No,5,2079.0
29,Mujer,Urbana,Lima Metropolitana,Secundaria,8,11.0,75.0,Empleador,Manufactura,11 a 50 trabajadores,No,4,1281.0
38,Hombre,Urbana,Sierra,Superior universitaria,16,18.0,61.0,Empleado,Comercio,1 a 10 trabajadores,No,2,2660.0
56,Hombre,Urbana,Lima Metropolitana,Superior universitaria,15,33.0,28.0,Trabajador independiente,Servicios,1 a 10 trabajadores,No,2,1851.0
39,Mujer,Urbana,Sierra,Secundaria,9,24.0,47.0,Trabajador independiente,"Administracion publica, educacion y salud",1 a 10 trabajadores,No,6,1333.0
33,Hombre,Rural,Selva,Superior no universitaria,13,10.0,40.0,Trabajador independiente,Servicios,1 a 10 trabajadores,No,4,239.0
28,Mujer,Urbana,Sierra,Superior universitaria,17,4.0,,Empleado,Comercio,1 a 10 trabajadores,No,3,2601.0
51,Hombre,Urbana,Lima Metropolitana,Superior universitaria,14,33.0,44.0,Empleado,Comercio,1 a 10 trabajadores,Si,5,7739.0
44,Hombre,Rural,Sierra,Secundaria,7,28.0,40.0,Trabajador independiente,Agropecuario,1 a 10 trabajadores,No,9,277.0
65,Mujer,Urbana,Lima Metropolitana,Posgrado,19,39.0,32.0,Trabajador independiente,Construccion,1 a 10 trabajadores,No,6,2814.0
24,Mujer,Urbana,Sierra,Superior universitaria,17,2.0,43.0,Empleado,Manufactura,11 a 50 trabajadores,No,3,835.0
39,Mujer,Urbana,Sierra,Superior universitaria,14,17.0,45.0,Empleador,Servicios,1 a 10 trabajadores,Si,9,4056.0
39,Mujer,Urbana,Selva,Secundaria,9,22.0,21.0,Trabajador independiente,Comercio,1 a 10 trabajadores,No,6,725.0
54,Mujer,Urbana,Sierra,Secundaria,10,40.0,49.0,Empleado,Servicios,Mas de 50 trabajadores,Si,5,4631.0
39,Mujer,Urbana,Costa,Secundaria,10,25.0,50.0,Trabajador independiente,Servicios,1 a 10 trabajadores,No,6,952.0
44,Mujer,Rural,Sierra,Secundaria,10,26.0,39.0,Trabajador independiente,Agropecuario,1 a 10 trabajadores,No,4,395.0
48,Mujer,Urbana,Lima Metropolitana,Secundaria,10,31.0,36.0,Trabajador independiente,Servicios,1 a 10 trabajadores,No,5,1209.0
50,Hombre,Rural,Costa,Primaria o menos,3,40.0,60.0,Trabajador independiente,Agropecuario,1 a 10 trabajadores,No,5,386.0
18,Hombre,Urbana,Lima Metropolitana,Secundaria,7,6.0,27.0,Empleador,Comercio,11 a 50 trabajadores,No,3,1285.0
36,Mujer,Urbana,Lima Metropolitana,Primaria o menos,2,28.0,33.0,Empleado,"Administracion publica, educacion y salud",1 a 10 trabajadores,Si,4,724.0
18,Mujer,Urbana,Sierra,Secundaria,8,5.0,54.0,Empleado,Comercio,Mas de 50 trabajadores,Si,2,1185.0
51,Hombre,Urbana,Selva,Superior universitaria,16,31.0,29.0,Empleado,"Administracion publica, educacion y salud",Mas de 50 trabajadores,Si,3,3825.0
32,Hombre,Urbana,Costa,Posgrado,19,5.0,70.0,Trabajador independiente,Servicios,1 a 10 trabajadores,No,3,1968.0
18,Mujer,Urbana,Lima Metropolitana,Secundaria,7,4.0,40.0,Obrero,"Administracion publica, educacion y salud",Mas de 50 trabajadores,No,2,1614.0
28,Hombre,Rural,Selva,Primaria o menos,5,16.0,52.0,Trabajador independiente,Agropecuario,1 a 10 trabajadores,No,8,260.0
34,Hombre,Urbana,Lima Metropolitana,Superior no universitaria,15,11.0,36.0,Empleado,Comercio,11 a 50 trabajadores,No,4,1917.0
18,Hombre,Urbana,Sierra,Superior universitaria,14,0.0,28.0,Empleado,Manufactura,Mas de 50 trabajadores,Si,2,3207.0
33,Mujer,Urbana,Lima Metropolitana,Secundaria,9,18.0,57.0,Obrero,Servicios,11 a 50 trabajadores,No,7,1873.0
48,Mujer,Urbana,Lima Metropolitana,Secundaria,11,32.0,50.0,Empleado,Construccion,11 a 50 trabajadores,Si,5,2348.0
46,Hombre,Urbana,Lima Metropolitana,Superior no universitaria,14,27.0,60.0,Empleado,Comercio,11 a 50 trabajadores,Si,4,6434.0
53,Hombre,Urbana,Costa,Superior no universitaria,14,36.0,45.0,Trabajador independiente,Manufactura,Mas de 50 trabajadores,No,4,1783.0
21,Mujer,Urbana,Lima Metropolitana,Secundaria,10,7.0,33.0,Trabajador independiente,Servicios,1 a 10 trabajadores,No,5,784.0
35,Hombre,Urbana,Lima Metropolitana,Secundaria,7,21.0,45.0,Trabajador independiente,Comercio,1 a 10 trabajadores,No,2,551.0
28,Mujer,Rural,Costa,Primaria o menos,5,21.0,38.0,Trabajador independiente,Agropecuario,1 a 10 trabajadores,No,6,228.0
37,Hombre,Rural,Sierra,Superior universitaria,17,12.0,57.0,Trabajador independiente,Manufactura,1 a 10 trabajadores,,6,974.0
44,Mujer,Urbana,Selva,Secundaria,9,27.0,40.0,Trabajador independiente,Servicios,1 a 10 trabajadores,No,4,884.0
30,Mujer,Urbana,Sierra,Superior no universitaria,13,7.0,50.0,Obrero,"Administracion publica, educacion y salud",Mas de 50 trabajadores,Si,5,2937.0
49,Hombre,Urbana,Lima Metropolitana,Primaria o menos,5,33.0,33.0,Trabajador independiente,Agropecuario,1 a 10 trabajadores,No,5,510.0
18,Hombre,Urbana,Sierra,Secundaria,7,6.0,51.0,Empleado,Servicios,11 a 50 trabajadores,No,7,523.0
38,Hombre,Urbana,Lima Metropolitana,Superior universitaria,16,13.0,41.0,Empleado,Manufactura,Mas de 50 trabajadores,Si,4,12357.0
50,Hombre,Urbana,Selva,Superior universitaria,15,27.0,40.0,Empleado,"Administracion publica, educacion y salud",1 a 10 trabajadores,Si,3,3528.0
49,Hombre,Urbana,Sierra,Secundaria,10,34.0,33.0,Empleado,Construccion,Mas de 50 trabajadores,No,7,2067.0
56,Hombre,Urbana,Lima Metropolitana,Superior universitaria,15,38.0,8.0,Empleado,Manufactura,11 a 50 trabajadores,Si,4,3161.0
50,Hombre,Rural,Sierra,Primaria o menos,2,,46.0,Trabajador independiente,Agropecuario,1 a 10 trabajadores,No,5,213.0
38,Hombre,Rural,Costa,Superior universitaria,16,15.0,26.0,Empleado,Agropecuario,11 a 50 trabajadores,Si,1,1370.0
21,Mujer,Urbana,Lima Metropolitana,Primaria o menos,6,7.0,39.0,Trabajador independiente,Comercio,1 a 10 trabajadores,No,6,588.0
45,Mujer,Urbana,Costa,Secundaria,10,32.0,56.0,Empleado,Servicios,Mas de 50 trabajadores,,4,1814.0
41,Hombre,Urbana,Lima Metropolitana,Secundaria,11,24.0,49.0,Trabajador independiente,Servicios,1 a 10 trabajadores,No,2,2130.0
56,Hombre,Rural,Sierra,Primaria o menos,4,45.0,48.0,Trabajador independiente,Agropecuario,11 a 50 trabajadores,No,6,195.0
18,Hombre,Urbana,Selva,Superior universitaria,15,0.0,42.0,Trabajador independiente,"Administracion publica, educacion y salud",1 a 10 trabajadores,No,2,1990.0
36,Hombre,Urbana,Costa,Superior no universitaria,15,14.0,62.0,Trabajador independiente,Servicios,1 a 10 trabajadores,No,3,2523.0
57,Hombre,Urbana,Costa,Superior universitaria,16,35.0,39.0,Trabajador independiente,Servicios,1 a 10 trabajadores,No,6,1600.0
26,Hombre,Urbana,Sierra,Superior universitaria,15,5.0,44.0,Empleado,Manufactura,Mas de 50 trabajadores,Si,4,3626.0
65,Mujer,Rural,Selva,Primaria o menos,6,45.0,70.0,Obrero,Comercio,1 a 10 trabajadores,No,4,181.0
20,Mujer,Rural,Sierra,Secundaria,7,10.0,36.0,Obrero,Agropecuario,11 a 50 trabajadores,No,5,300.0
50,Hombre,Urbana,Lima Metropolitana,Secundaria,10,34.0,37.0,Trabajador independiente,Manufactura,1 a 10 trabajadores,No,6,1301.0
28,Hombre,Urbana,Costa,Superior no universitaria,15,6.0,40.0,Trabajador independiente,Comercio,1 a 10 trabajadores,Si,5,1386.0
26,Mujer,Urbana,Sierra,Superior universitaria,15,5.0,46.0,Empleado,Servicios,1 a 10 trabajadores,Si,4,3257.0
39,Mujer,Urbana,Lima Metropolitana,Superior no universitaria,15,17.0,59.0,Obrero,Servicios,1 a 10 trabajadores,No,3,2273.0
31,Hombre,Rural,Sierra,Primaria o menos,3,24.0,28.0,Trabajador independiente,Agropecuario,1 a 10 trabajadores,No,3,150.0
59,Hombre,Rural,Sierra,Secundaria,11,40.0,42.0,Obrero,Agropecuario,11 a 50 trabajadores,No,6,487.0
37,Hombre,Urbana,Lima Metropolitana,Superior no universitaria,12,19.0,45.0,Empleado,Servicios,1 a 10 trabajadores,No,3,1925.0
39,Mujer,Urbana,Sierra,Superior universitaria,16,15.0,18.0,Obrero,Manufactura,Mas de 50 trabajadores,Si,4,2810.0
42,Hombre,Rural,Sierra,Primaria o menos,6,32.0,25.0,Trabajador independiente,Agropecuario,1 a 10 trabajadores,No,2,182.0
65,Mujer,Rural,Costa,Primaria o menos,5,45.0,35.0,Obrero,Agropecuario,11 a 50 trabajadores,No,3,341.0
47,Mujer,Urbana,Costa,Superior universitaria,17,25.0,37.0,Obrero,Construccion,Mas de 50 trabajadores,Si,5,5757.0
48,Hombre,Rural,Sierra,Superior no universitaria,12,29.0,35.0,Obrero,Agropecuario,1 a 10 trabajadores,No,6,241.0
47,Hombre,Urbana,Lima Metropolitana,Superior universitaria,14,28.0,38.0,Empleado,Comercio,1 a 10 trabajadores,No,7,2416.0
39,Mujer,Urbana,Sierra,Superior no universitaria,14,18.0,43.0,Trabajador independiente,"Administracion publica, educacion y salud",1 a 10 trabajadores,No,2,1396.0
37,Mujer,Rural,Sierra,Superior no universitaria,14,16.0,38.0,Empleado,"Administracion publica, educacion y salud",11 a 50 trabajadores,Si,1,1086.0
51,Hombre,Urbana,Lima Metropolitana,Secundaria,11,34.0,69.0,Empleado,Construccion,11 a 50 trabajadores,No,5,1936.0
31,Hombre,Urbana,Lima Metropolitana,Primaria o menos,2,23.0,34.0,Obrero,Servicios,1 a 10 trabajadores,No,5,697.0
18,Hombre,Urbana,Lima Metropolitana,Secundaria,11,2.0,54.0,Empleado,Construccion,11 a 50 trabajadores,No,4,3576.0
61,Hombre,Urbana,Sierra,Secundaria,9,45.0,36.0,Obrero,Manufactura,11 a 50 trabajadores,Si,5,1444.0
48,Hombre,Urbana,Lima Metropolitana,Superior universitaria,17,24.0,33.0,Empleado,Comercio,1 a 10 trabajadores,No,2,3621.0
36,Hombre,Rural,Costa,Secundaria,10,16.0,49.0,Trabajador independiente,Agropecuario,1 a 10 trabajadores,No,5,421.0
62,Hombre,Urbana,Lima Metropolitana,Primaria o menos,2,45.0,51.0,Trabajador independiente,Servicios,1 a 10 trabajadores,No,4,233.0
48,Hombre,Urbana,Costa,Superior no universitaria,15,29.0,40.0,Empleado,Servicios,1 a 10 trabajadores,Si,4,4461.0
50,Hombre,Urbana,Lima Metropolitana,Secundaria,8,37.0,43.0,Empleado,Manufactura,Mas de 50 trabajadores,No,6,936.0
25,Hombre,Rural,Costa,Primaria o menos,3,16.0,48.0,Trabajador independiente,Agropecuario,1 a 10 trabajadores,No,7,188.0
24,Hombre,Rural,Selva,Secundaria,11,9.0,52.0,Trabajador independiente,Manufactura,1 a 10 trabajadores,No,4,290.0
40,Hombre,Urbana,Costa,Primaria o menos,3,33.0,24.0,Obrero,"Administracion publica, educacion y salud",1 a 10 trabajadores,Si,7,438.0
40,Hombre,Rural,Selva,Primaria o menos,2,32.0,30.0,Obrero,Comercio,11 a 50 trabajadores,No,3,413.0
44,Hombre,Urbana,Costa,Secundaria,10,29.0,41.0,Empleado,Construccion,Mas de 50 trabajadores,Si,4,1298.0
28,Mujer,Urbana,Sierra,Secundaria,7,17.0,51.0,Empleado,Construccion,Mas de 50 trabajadores,Si,3,1710.0
65,Mujer,Urbana,Sierra,Superior no universitaria,13,45.0,47.0,Trabajador independiente,Manufactura,1 a 10 trabajadores,No,5,1328.0
18,Hombre,Urbana,Sierra,Secundaria,8,6.0,24.0,Empleado,"Administracion publica, educacion y salud",Mas de 50 trabajadores,Si,3,1165.0
50,Mujer,Urbana,Sierra,Primaria o menos,5,37.0,57.0,Empleado,Servicios,Mas de 50 trabajadores,Si,2,1310.0
29,Hombre,Urbana,Lima Metropolitana,Superior universitaria,15,10.0,41.0,Trabajador independiente,Manufactura,1 a 10 trabajadores,No,4,3351.0
37,Mujer,Urbana,Costa,Primaria o menos,2,32.0,48.0,Empleado,Manufactura,Mas de 50 trabajadores,Si,2,1237.0
29,Hombre,Rural,Sierra,Superior universitaria,14,10.0,45.0,Trabajador independiente,Comercio,1 a 10 trabajadores,No,3,795.0
27,Hombre,Rural,Sierra,Primaria o menos,2,18.0,40.0,Trabajador independiente,Construccion,1 a 10 trabajadores,No,6,278.0
57,Mujer,Rural,Sierra,Primaria o menos,4,45.0,45.0,Empleado,Agropecuario,1 a 10 trabajadores,No,5,296.0
62,Hombre,Urbana,Selva,Posgrado,20,33.0,40.0,Trabajador independiente,Manufactura,1 a 10 trabajadores,No,2,4132.0
29,Hombre,Rural,Selva,Primaria o menos,6,19.0,47.0,Trabajador independiente,Agropecuario,1 a 10 trabajadores,No,7,349.0
45,Hombre,Urbana,Costa,Superior no universitaria,14,25.0,57.0,Trabajador independiente,Comercio,1 a 10 trabajadores,No,1,2087.0
31,Hombre,Urbana,Sierra,Superior no universitaria,14,9.0,56.0,Empleado,"Administracion publica, educacion y salud",Mas de 50 trabajadores,Si,5,3440.0
38,Mujer,Urbana,Costa,Superior no universitaria,14,17.0,31.0,Trabajador independiente,Construccion,11 a 50 trabajadores,No,9,2069.0
47,Hombre,Urbana,Sierra,Superior universitaria,17,26.0,37.0,Empleado,Servicios,11 a 50 trabajadores,Si,3,6544.0
23,Hombre,Rural,Sierra,Primaria o menos,2,15.0,34.0,Trabajador independiente,Agropecuario,1 a 10 trabajadores,No,6,150.0
48,Mujer,Urbana,Costa,Superior universitaria,17,25.0,51.0,Empleado,Comercio,1 a 10 trabajadores,No,4,4069.0
26,Hombre,Urbana,Costa,Superior no universitaria,13,8.0,41.0,Obrero,Servicios,Mas de 50 trabajadores,Si,2,2554.0
48,Hombre,Urbana,Lima Metropolitana,Superior no universitaria,14,25.0,53.0,Trabajador independiente,Manufactura,1 a 10 trabajadores,No,5,1985.0
26,Mujer,Rural,Sierra,Primaria o menos,5,13.0,32.0,Trabajador independiente,Agropecuario,1 a 10 trabajadores,No,4,150.0
34,Hombre,Urbana,Sierra,Superior no universitaria,14,12.0,63.0,Obrero,Construccion,Mas de 50 trabajadores,No,3,2139.0
60,Hombre,Rural,Costa,Primaria o menos,2,45.0,50.0,Trabajador independiente,Agropecuario,1 a 10 trabajadores,No,8,150.0
36,Hombre,Urbana,Lima Metropolitana,Secundaria,9,22.0,62.0,Empleado,Manufactura,11 a 50 trabajadores,No,5,1668.0
63,Mujer,Urbana,Sierra,Superior universitaria,17,37.0,59.0,Empleado,Manufactura,1 a 10 trabajadores,No,6,3202.0
47,Mujer,Urbana,Lima Metropolitana,Superior no universitaria,15,28.0,43.0,Empleado,"Administracion publica, educacion y salud",11 a 50 trabajadores,No,5,4279.0
43,Hombre,Urbana,Costa,Superior universitaria,14,21.0,33.0,Empleado,"Administracion publica, educacion y salud",Mas de 50 trabajadores,Si,4,7062.0
33,Mujer,Urbana,Sierra,Primaria o menos,4,24.0,49.0,Trabajador independiente,Construccion,1 a 10 trabajadores,No,4,628.0
18,Hombre,Urbana,Lima Metropolitana,Superior no universitaria,12,3.0,23.0,Empleado,Manufactura,1 a 10 trabajadores,No,3,725.0
25,Mujer,Urbana,Lima Metropolitana,Superior no universitaria,14,3.0,33.0,Empleado,"Administracion publica, educacion y salud",Mas de 50 trabajadores,Si,8,3214.0
49,Mujer,Urbana,Costa,Secundaria,7,39.0,50.0,Empleado,Construccion,11 a 50 trabajadores,Si,2,1539.0
35,Hombre,Urbana,Lima Metropolitana,Superior universitaria,16,12.0,20.0,Empleado,Servicios,11 a 50 trabajadores,Si,5,2044.0
50,Hombre,Rural,Selva,Primaria o menos,2,42.0,33.0,Trabajador independiente,Comercio,1 a 10 trabajadores,No,1,315.0
46,Mujer,Urbana,Costa,Superior universitaria,17,24.0,61.0,Trabajador independiente,Agropecuario,1 a 10 trabajadores,No,3,2265.0
28,Hombre,Urbana,Lima Metropolitana,Superior no universitaria,14,8.0,32.0,Empleado,Servicios,1 a 10 trabajadores,No,4,2149.0
32,Mujer,Urbana,Lima Metropolitana,Secundaria,11,19.0,54.0,Trabajador independiente,"Administracion publica, educacion y salud",1 a 10 trabajadores,No,5,1151.0
21,Mujer,Urbana,Costa,Superior universitaria,15,1.0,39.0,Empleado,Comercio,Mas de 50 trabajadores,Si,6,5007.0
62,Hombre,Urbana,Selva,Superior universitaria,17,,68.0,Trabajador independiente,"Administracion publica, educacion y salud",1 a 10 trabajadores,No,3,1901.0
36,Mujer,Urbana,Lima Metropolitana,Secundaria,11,20.0,54.0,Empleado,Manufactura,11 a 50 trabajadores,No,5,2144.0
52,Hombre,Rural,Selva,Primaria o menos,2,44.0,28.0,Trabajador independiente,"Administracion publica, educacion y salud",1 a 10 trabajadores,No,3,373.0
33,Mujer,Rural,Selva,Superior no universitaria,13,13.0,,Trabajador independiente,Comercio,1 a 10 trabajadores,No,4,350.0
38,Hombre,Urbana,Lima Metropolitana,Superior no universitaria,12,19.0,30.0,Obrero,Comercio,1 a 10 trabajadores,Si,6,984.0
39,Hombre,Urbana,Lima Metropolitana,Superior universitaria,16,16.0,52.0,Trabajador independiente,"Administracion publica, educacion y salud",1 a 10 trabajadores,No,4,7079.0
25,Mujer,Urbana,Lima Metropolitana,Secundaria,10,6.0,35.0,Trabajador independiente,Comercio,1 a 10 trabajadores,No,4,522.0
65,Hombre,Urbana,Selva,Secundaria,10,45.0,49.0,Obrero,Agropecuario,11 a 50 trabajadores,No,2,834.0
45,Mujer,Urbana,Sierra,Primaria o menos,4,34.0,29.0,Trabajador independiente,Servicios,1 a 10 trabajadores,No,3,446.0
45,Hombre,Rural,Selva,Superior no universitaria,13,26.0,40.0,Trabajador independiente,Manufactura,1 a 10 trabajadores,No,5,705.0
33,Hombre,Rural,Sierra,Secundaria,9,18.0,34.0,Trabajador independiente,"Administracion publica, educacion y salud",1 a 10 trabajadores,No,3,389.0
38,Mujer,Urbana,Lima Metropolitana,Superior universitaria,17,16.0,39.0,Empleado,Manufactura,Mas de 50 trabajadores,Si,8,7439.0
32,Mujer,Urbana,Lima Metropolitana,Secundaria,7,19.0,62.0,Empleado,Servicios,11 a 50 trabajadores,Si,8,1963.0
27,Mujer,Urbana,Lima Metropolitana,Superior no universitaria,13,6.0,44.0,Obrero,Servicios,1 a 10 trabajadores,No,2,2212.0
48,Mujer,Urbana,Lima Metropolitana,Superior no universitaria,15,25.0,56.0,Empleado,Servicios,1 a 10 trabajadores,Si,5,7160.0
30,Mujer,Urbana,Selva,Secundaria,10,14.0,31.0,Trabajador independiente,Comercio,1 a 10 trabajadores,No,5,891.0
65,Mujer,Urbana,Lima Metropolitana,Superior universitaria,16,42.0,50.0,Empleado,"Administracion publica, educacion y salud",11 a 50 trabajadores,No,6,4779.0
47,Mujer,Urbana,Lima Metropolitana,Secundaria,8,36.0,60.0,Trabajador independiente,Servicios,1 a 10 trabajadores,No,2,1024.0
44,Hombre,Urbana,Lima Metropolitana,Superior universitaria,15,20.0,39.0,Empleado,Comercio,11 a 50 trabajadores,No,3,5534.0
22,Mujer,Urbana,Lima Metropolitana,Secundaria,11,4.0,32.0,Empleado,Servicios,Mas de 50 trabajadores,No,2,1528.0
54,Hombre,Rural,Selva,Superior universitaria,17,28.0,39.0,Empleado,Agropecuario,1 a 10 trabajadores,Si,4,925.0
65,Mujer,Urbana,Sierra,Secundaria,7,45.0,48.0,Trabajador independiente,Manufactura,1 a 10 trabajadores,No,4,485.0
56,Mujer,Rural,Sierra,Primaria o menos,5,45.0,24.0,Trabajador independiente,Agropecuario,1 a 10 trabajadores,No,2,150.0
39,Hombre,Urbana,Lima Metropolitana,Superior universitaria,16,17.0,50.0,Trabajador independiente,Manufactura,1 a 10 trabajadores,No,2,6131.0
30,Mujer,Urbana,Lima Metropolitana,Primaria o menos,2,20.0,23.0,Empleado,Manufactura,11 a 50 trabajadores,No,2,734.0
38,Hombre,Urbana,Costa,Primaria o menos,4,30.0,34.0,Trabajador independiente,Servicios,1 a 10 trabajadores,No,6,431.0
57,Mujer,Urbana,Sierra,Primaria o menos,6,44.0,60.0,Trabajador independiente,Manufactura,1 a 10 trabajadores,No,5,653.0
30,Hombre,Rural,Sierra,Primaria o menos,3,20.0,23.0,Trabajador independiente,Manufactura,1 a 10 trabajadores,No,6,151.0
42,Hombre,Urbana,Lima Metropolitana,Superior no universitaria,12,23.0,46.0,Empleado,"Administracion publica, educacion y salud",1 a 10 trabajadores,Si,5,4125.0
30,Mujer,Urbana,Lima Metropolitana,Superior no universitaria,14,11.0,53.0,Trabajador independiente,"Administracion publica, educacion y salud",1 a 10 trabajadores,No,4,2443.0
34,Mujer,Urbana,Costa,Superior universitaria,14,13.0,57.0,Empleado,Servicios,1 a 10 trabajadores,No,5,3128.0
32,Mujer,Urbana,Costa,Superior universitaria,17,11.0,35.0,Empleado,Servicios,Mas de 50 trabajadores,Si,8,4886.0
21,Hombre,Urbana,Lima Metropolitana,Superior no universitaria,13,1.0,57.0,Trabajador independiente,Servicios,1 a 10 trabajadores,No,4,1595.0
20,Mujer,Urbana,Sierra,Superior universitaria,15,,45.0,Empleado,"Administracion publica, educacion y salud",Mas de 50 trabajadores,Si,2,6816.0
52,Hombre,Urbana,Lima Metropolitana,Primaria o menos,4,43.0,47.0,Trabajador independiente,Comercio,1 a 10 trabajadores,No,6,851.0
29,Hombre,Urbana,Lima Metropolitana,Secundaria,9,14.0,53.0,Empleado,Comercio,1 a 10 trabajadores,Si,6,1536.0
37,Hombre,Urbana,Sierra,Superior no universitaria,14,15.0,56.0,Trabajador independiente,"Administracion publica, educacion y salud",1 a 10 trabajadores,Si,4,1751.0
45,Mujer,Urbana,Costa,Secundaria,10,26.0,32.0,Trabajador independiente,"Administracion publica, educacion y salud",1 a 10 trabajadores,No,3,1082.0
35,Hombre,Urbana,Lima Metropolitana,Primaria o menos,4,25.0,34.0,Empleado,Servicios,1 a 10 trabajadores,No,5,675.0
27,Hombre,Urbana,Lima Metropolitana,Primaria o menos,2,17.0,39.0,Empleado,Comercio,1 a 10 trabajadores,No,2,428.0
34,Hombre,Rural,Sierra,Primaria o menos,5,23.0,31.0,Empleado,Agropecuario,1 a 10 trabajadores,Si,4,527.0
32,Hombre,Urbana,Lima Metropolitana,Secundaria,11,16.0,45.0,Obrero,"Administracion publica, educacion y salud",11 a 50 trabajadores,No,4,3132.0
31,Hombre,Urbana,Sierra,Superior no universitaria,13,8.0,50.0,Obrero,"Administracion publica, educacion y salud",1 a 10 trabajadores,No,5,1636.0
28,Hombre,Urbana,Lima Metropolitana,Secundaria,7,16.0,77.0,Empleado,"Administracion publica, educacion y salud",1 a 10 trabajadores,Si,4,1620.0
31,Hombre,Urbana,Selva,Superior universitaria,17,8.0,46.0,Trabajador independiente,Servicios,1 a 10 trabajadores,No,3,1721.0
33,Hombre,Urbana,Costa,Secundaria,10,16.0,43.0,Empleado,Manufactura,1 a 10 trabajadores,No,5,1105.0
41,Mujer,Urbana,Sierra,Superior universitaria,14,19.0,33.0,Empleado,Servicios,Mas de 50 trabajadores,Si,5,3820.0
56,Mujer,Urbana,Lima Metropolitana,Secundaria,9,40.0,47.0,Trabajador independiente,Manufactura,1 a 10 trabajadores,No,4,916.0
52,Hombre,Urbana,Costa,Superior universitaria,15,32.0,25.0,Empleado,Comercio,1 a 10 trabajadores,No,5,908.0
60,Mujer,Rural,Sierra,Primaria o menos,5,45.0,45.0,Obrero,Agropecuario,1 a 10 trabajadores,No,6,158.0
43,Hombre,Rural,Sierra,Superior universitaria,15,25.0,43.0,Empleado,Agropecuario,Mas de 50 trabajadores,Si,6,3209.0
29,Hombre,Urbana,Lima Metropolitana,Superior no universitaria,12,15.0,65.0,Empleado,Servicios,Mas de 50 trabajadores,Si,1,3473.0
38,Hombre,Urbana,Costa,Superior universitaria,17,15.0,31.0,Empleado,"Administracion publica, educacion y salud",Mas de 50 trabajadores,Si,6,6267.0
26,Hombre,Urbana,Selva,Superior universitaria,16,5.0,56.0,Trabajador independiente,Servicios,1 a 10 trabajadores,No,5,2246.0
36,Mujer,Urbana,Lima Metropolitana,Secundaria,9,22.0,49.0,Empleado,Comercio,Mas de 50 trabajadores,Si,7,4401.0
32,Hombre,Rural,Sierra,Primaria o menos,3,24.0,41.0,Trabajador independiente,Agropecuario,1 a 10 trabajadores,No,2,239.0
50,Hombre,Rural,Costa,Primaria o menos,2,40.0,44.0,Trabajador independiente,Agropecuario,1 a 10 trabajadores,No,2,190.0
18,Mujer,Urbana,Lima Metropolitana,Secundaria,9,5.0,45.0,Trabajador independiente,Servicios,1 a 10 trabajadores,No,4,1022.0
44,Mujer,Urbana,Lima Metropolitana,Superior no universitaria,13,28.0,32.0,Trabajador independiente,Servicios,1 a 10 trabajadores,No,5,1270.0
24,Mujer,Urbana,Costa,Primaria o menos,3,14.0,40.0,Empleado,Manufactura,Mas de 50 trabajadores,No,6,498.0
56,Hombre,Urbana,Lima Metropolitana,Secundaria,8,40.0,28.0,Empleado,Construccion,Mas de 50 trabajadores,No,2,2227.0
33,Hombre,Urbana,Lima Metropolitana,Secundaria,10,18.0,60.0,Trabajador independiente,Servicios,1 a 10 trabajadores,No,4,1070.0
40,Mujer,Urbana,Lima Metropolitana,Superior universitaria,14,16.0,49.0,Empleado,Servicios,11 a 50 trabajadores,No,2,4408.0
53,Hombre,Rural,Selva,Secundaria,7,42.0,52.0,Trabajador independiente,Agropecuario,1 a 10 trabajadores,No,7,260.0
41,Mujer,Urbana,Costa,Secundaria,7,24.0,55.0,Trabajador independiente,Agropecuario,1 a 10 trabajadores,No,4,361.0
62,Hombre,Rural,Sierra,Secundaria,8,45.0,46.0,Trabajador independiente,Agropecuario,1 a 10 trabajadores,No,5,366.0
39,Hombre,Urbana,Lima Metropolitana,Superior no universitaria,15,15.0,71.0,Trabajador independiente,Servicios,1 a 10 trabajadores,No,4,2484.0
35,Hombre,Rural,Sierra,Secundaria,9,22.0,57.0,Trabajador independiente,"Administracion publica, educacion y salud",1 a 10 trabajadores,No,3,892.0
25,Hombre,Urbana,Lima Metropolitana,Superior universitaria,16,0.0,44.0,Trabajador independiente,"Administracion publica, educacion y salud",1 a 10 trabajadores,No,5,4714.0
31,Mujer,Urbana,Costa,Superior universitaria,15,11.0,49.0,Empleado,Manufactura,1 a 10 trabajadores,,5,5132.0
42,Mujer,Urbana,Sierra,Secundaria,9,25.0,20.0,Trabajador independiente,Manufactura,1 a 10 trabajadores,No,4,543.0
36,Hombre,Urbana,Sierra,Superior no universitaria,15,15.0,44.0,Trabajador independiente,"Administracion publica, educacion y salud",1 a 10 trabajadores,Si,4,3569.0
43,Mujer,Urbana,Costa,Superior no universitaria,14,25.0,49.0,Obrero,"Administracion publica, educacion y salud",Mas de 50 trabajadores,Si,5,2905.0
52,Mujer,Urbana,Lima Metropolitana,Primaria o menos,5,41.0,31.0,Empleado,Servicios,Mas de 50 trabajadores,Si,3,2244.0
50,Hombre,Urbana,Sierra,Superior no universitaria,15,29.0,25.0,Trabajador independiente,Comercio,1 a 10 trabajadores,No,4,1495.0
58,Mujer,Urbana,Costa,Primaria o menos,5,45.0,58.0,Empleado,Construccion,1 a 10 trabajadores,No,2,670.0
25,Mujer,Urbana,Lima Metropolitana,Secundaria,11,9.0,34.0,Trabajador independiente,Servicios,1 a 10 trabajadores,No,5,924.0
25,Mujer,Urbana,Sierra,Secundaria,10,,40.0,Empleado,Manufactura,1 a 10 trabajadores,Si,5,1093.0
35,Mujer,Urbana,Costa,Superior no universitaria,14,14.0,42.0,Obrero,Servicios,1 a 10 trabajadores,No,5,1758.0
18,Hombre,Rural,Selva,Primaria o menos,6,4.0,57.0,Obrero,Agropecuario,1 a 10 trabajadores,No,2,257.0
65,Mujer,Rural,Sierra,Secundaria,7,45.0,38.0,Trabajador independiente,Agropecuario,1 a 10 trabajadores,No,4,204.0
63,Hombre,Urbana,Costa,Secundaria,7,45.0,34.0,Empleado,"Administracion publica, educacion y salud",1 a 10 trabajadores,No,3,1207.0
47,Mujer,Urbana,Lima Metropolitana,Superior no universitaria,14,28.0,18.0,Trabajador independiente,Servicios,1 a 10 trabajadores,No,6,1635.0
49,Mujer,Urbana,Lima Metropolitana,Superior no universitaria,12,29.0,51.0,Trabajador independiente,Servicios,1 a 10 trabajadores,No,3,1817.0
20,Mujer,Urbana,Sierra,Secundaria,7,7.0,64.0,Empleado,Manufactura,11 a 50 trabajadores,No,5,527.0
45,Hombre,Urbana,Lima Metropolitana,Superior universitaria,17,22.0,50.0,Empleador,"Administracion publica, educacion y salud",1 a 10 trabajadores,No,4,7668.0
47,Hombre,Urbana,Lima Metropolitana,Secundaria,7,33.0,56.0,Trabajador independiente,Servicios,1 a 10 trabajadores,No,1,1126.0
25,Mujer,Urbana,Costa,Superior no universitaria,12,5.0,22.0,Trabajador independiente,Manufactura,1 a 10 trabajadores,No,3,791.0
33,Mujer,Rural,Costa,Secundaria,7,21.0,46.0,Empleado,Servicios,11 a 50 trabajadores,No,4,361.0
33,Hombre,Rural,Sierra,Secundaria,9,18.0,34.0,Obrero,Servicios,1 a 10 trabajadores,No,2,557.0
45,Hombre,Urbana,Sierra,Secundaria,11,31.0,48.0,Trabajador independiente,"Administracion publica, educacion y salud",1 a 10 trabajadores,No,4,1388.0
52,Hombre,Urbana,Lima Metropolitana,Secundaria,10,35.0,8.0,Trabajador independiente,Comercio,1 a 10 trabajadores,No,3,736.0
26,Hombre,Urbana,Lima Metropolitana,Secundaria,10,8.0,25.0,Empleado,Servicios,Mas de 50 trabajadores,Si,3,2704.0
49,Hombre,Rural,Sierra,Secundaria,8,39.0,41.0,Trabajador independiente,Servicios,1 a 10 trabajadores,No,1,270.0
37,Mujer,Urbana,Sierra,Primaria o menos,5,24.0,53.0,Trabajador independiente,"Administracion publica, educacion y salud",1 a 10 trabajadores,No,5,818.0
47,Mujer,Rural,Sierra,Secundaria,10,34.0,21.0,Empleado,Agropecuario,1 a 10 trabajadores,No,2,234.0
47,Hombre,Urbana,Costa,Secundaria,11,30.0,56.0,Empleado,Servicios,1 a 10 trabajadores,No,4,1260.0
39,Hombre,Urbana,Lima Metropolitana,Primaria o menos,5,25.0,30.0,Trabajador independiente,Comercio,1 a 10 trabajadores,No,3,379.0
35,Mujer,Rural,Costa,Secundaria,11,15.0,24.0,Trabajador independiente,Agropecuario,1 a 10 trabajadores,No,5,339.0
65,Hombre,Rural,Sierra,Primaria o menos,6,45.0,66.0,Obrero,Agropecuario,1 a 10 trabajadores,No,5,236.0
61,Hombre,Urbana,Lima Metropolitana,Primaria o menos,3,45.0,,Trabajador independiente,Servicios,1 a 10 trabajadores,No,4,591.0
63,Hombre,Urbana,Sierra,Superior universitaria,17,39.0,29.0,Empleado,Manufactura,Mas de 50 trabajadores,Si,2,3366.0
41,Hombre,Urbana,Lima Metropolitana,Superior no universitaria,12,22.0,65.0,Trabajador independiente,Comercio,1 a 10 trabajadores,No,10,1961.0
57,Hombre,Urbana,Lima Metropolitana,Superior universitaria,14,36.0,37.0,Empleado,Servicios,11 a 50 trabajadores,Si,3,4100.0
24,Mujer,Rural,Sierra,Secundaria,9,9.0,46.0,Trabajador independiente,Agropecuario,1 a 10 trabajadores,No,1,160.0
26,Mujer,Urbana,Lima Metropolitana,Superior no universitaria,12,,48.0,Trabajador independiente,Manufactura,1 a 10 trabajadores,No,5,742.0
43,Mujer,Urbana,Costa,Secundaria,11,26.0,34.0,Empleador,"Administracion publica, educacion y salud",1 a 10 trabajadores,No,4,1079.0
34,Mujer,Urbana,Lima Metropolitana,Secundaria,8,20.0,47.0,Trabajador independiente,Agropecuario,1 a 10 trabajadores,No,4,489.0
39,Hombre,Urbana,Lima Metropolitana,Secundaria,7,24.0,39.0,Obrero,Comercio,1 a 10 trabajadores,No,4,906.0
63,Mujer,Urbana,Sierra,Secundaria,8,45.0,35.0,Trabajador independiente,Comercio,1 a 10 trabajadores,No,5,878.0
53,Hombre,Urbana,Lima Metropolitana,Secundaria,8,40.0,33.0,Trabajador independiente,Comercio,1 a 10 trabajadores,No,4,808.0
19,Mujer,Urbana,Lima Metropolitana,Secundaria,7,3.0,43.0,Empleado,Servicios,Mas de 50 trabajadores,No,7,1419.0
43,Hombre,Rural,Selva,Secundaria,9,29.0,48.0,Trabajador independiente,Agropecuario,1 a 10 trabajadores,No,3,374.0
43,Mujer,Rural,Sierra,Superior universitaria,17,21.0,47.0,Empleado,Comercio,Mas de 50 trabajadores,Si,5,2210.0
23,Mujer,Urbana,Lima Metropolitana,Primaria o menos,2,13.0,64.0,Trabajador independiente,Servicios,1 a 10 trabajadores,No,6,436.0
54,Hombre,Rural,Costa,Primaria o menos,4,44.0,53.0,Trabajador independiente,Agropecuario,1 a 10 trabajadores,No,2,249.0
39,Hombre,Urbana,Sierra,Secundaria,8,28.0,28.0,Empleado,Manufactura,11 a 50 trabajadores,No,2,2479.0
54,Mujer,Rural,Selva,Secundaria,8,40.0,39.0,Trabajador independiente,Agropecuario,1 a 10 trabajadores,No,5,161.0
28,Mujer,Urbana,Lima Metropolitana,Secundaria,10,12.0,24.0,Obrero,Servicios,1 a 10 trabajadores,Si,5,1102.0
21,Hombre,Urbana,Sierra,Secundaria,10,5.0,66.0,Empleado,Comercio,1 a 10 trabajadores,No,6,1228.0
54,Hombre,Urbana,Lima Metropolitana,Superior no universitaria,15,35.0,36.0,Empleado,Comercio,Mas de 50 trabajadores,No,4,2961.0
21,Mujer,Urbana,Costa,Superior universitaria,14,0.0,28.0,Empleado,Comercio,11 a 50 trabajadores,Si,2,1755.0
41,Hombre,Rural,Costa,Primaria o menos,4,33.0,47.0,Obrero,Servicios,Mas de 50 trabajadores,No,6,648.0
46,Mujer,Rural,Selva,Primaria o menos,6,35.0,29.0,Obrero,Agropecuario,11 a 50 trabajadores,No,6,458.0
48,Hombre,Urbana,Costa,Superior no universitaria,14,30.0,25.0,Obrero,Manufactura,1 a 10 trabajadores,Si,1,1256.0
37,Hombre,Urbana,Lima Metropolitana,Secundaria,10,21.0,26.0,Trabajador independiente,Manufactura,1 a 10 trabajadores,No,4,895.0
38,Hombre,Urbana,Sierra,Superior universitaria,15,15.0,27.0,Empleado,"Administracion publica, educacion y salud",11 a 50 trabajadores,No,1,4275.0
27,Mujer,Urbana,Costa,Superior universitaria,14,5.0,43.0,Empleador,Servicios,1 a 10 trabajadores,No,5,2405.0
30,Hombre,Rural,Costa,Primaria o menos,2,25.0,38.0,Obrero,Comercio,1 a 10 trabajadores,,3,290.0
28,Mujer,Rural,Sierra,Secundaria,9,12.0,46.0,Trabajador independiente,Comercio,1 a 10 trabajadores,No,5,244.0
34,Hombre,Rural,Costa,Primaria o menos,6,25.0,34.0,Trabajador independiente,Agropecuario,1 a 10 trabajadores,No,5,174.0
40,Mujer,Urbana,Sierra,Secundaria,8,25.0,64.0,Empleado,Servicios,1 a 10 trabajadores,No,8,1521.0
49,Hombre,Urbana,Costa,Superior universitaria,17,28.0,46.0,Empleado,Manufactura,Mas de 50 trabajadores,Si,4,6213.0
31,Mujer,Rural,Selva,Secundaria,8,14.0,17.0,Trabajador independiente,Agropecuario,1 a 10 trabajadores,No,2,263.0
64,Hombre,Urbana,Costa,Secundaria,8,45.0,45.0,Trabajador independiente,Construccion,1 a 10 trabajadores,No,3,1746.0
39,Mujer,Urbana,Selva,Secundaria,10,21.0,56.0,Empleado,Servicios,Mas de 50 trabajadores,Si,8,2149.0
44,Hombre,Urbana,Sierra,Secundaria,11,23.0,36.0,Trabajador independiente,Servicios,1 a 10 trabajadores,Si,6,904.0
65,Hombre,Urbana,Selva,Superior universitaria,15,38.0,,Empleado,Servicios,Mas de 50 trabajadores,Si,3,5844.0
27,Hombre,Urbana,Costa,Superior no universitaria,12,10.0,52.0,Empleado,Construccion,11 a 50 trabajadores,No,2,2560.0
28,Hombre,Urbana,Sierra,Primaria o menos,5,15.0,64.0,Trabajador independiente,Construccion,1 a 10 trabajadores,No,2,462.0
37,Hombre,Urbana,Costa,Superior no universitaria,12,19.0,55.0,Empleado,Comercio,1 a 10 trabajadores,No,6,2283.0
55,Mujer,Rural,Selva,Secundaria,10,36.0,23.0,Trabajador independiente,Manufactura,1 a 10 trabajadores,No,4,325.0
18,Hombre,Urbana,Lima Metropolitana,Superior universitaria,16,0.0,37.0,Empleado,Servicios,Mas de 50 trabajadores,Si,2,4618.0
30,Mujer,Urbana,Lima Metropolitana,Superior universitaria,17,11.0,44.0,Empleado,"Administracion publica, educacion y salud",Mas de 50 trabajadores,Si,4,13949.0
23,Mujer,Urbana,Costa,Superior universitaria,16,0.0,67.0,Trabajador independiente,Construccion,1 a 10 trabajadores,No,4,1542.0
24,Hombre,Urbana,Lima Metropolitana,Superior universitaria,14,3.0,41.0,Empleado,Servicios,11 a 50 trabajadores,Si,4,2149.0
62,Mujer,Urbana,Lima Metropolitana,Secundaria,10,,49.0,Obrero,Comercio,1 a 10 trabajadores,No,3,1145.0
45,Hombre,Urbana,Lima Metropolitana,Superior no universitaria,12,29.0,45.0,Empleado,"Administracion publica, educacion y salud",1 a 10 trabajadores,No,5,3162.0
35,Mujer,Urbana,Lima Metropolitana,Superior no universitaria,15,16.0,37.0,Empleado,Manufactura,1 a 10 trabajadores,Si,5,2434.0
20,Hombre,Urbana,Sierra,Superior no universitaria,15,0.0,29.0,Trabajador independiente,Construccion,1 a 10 trabajadores,No,5,847.0
47,Hombre,Urbana,Costa,Secundaria,9,35.0,52.0,Trabajador independiente,Comercio,1 a 10 trabajadores,No,5,759.0
23,Hombre,Urbana,Costa,Secundaria,11,9.0,58.0,Trabajador independiente,Construccion,1 a 10 trabajadores,No,4,978.0
20,Hombre,Urbana,Lima Metropolitana,Secundaria,8,8.0,53.0,Empleado,Servicios,1 a 10 trabajadores,No,4,922.0
43,Hombre,Urbana,Selva,Superior no universitaria,14,21.0,39.0,Trabajador independiente,Servicios,1 a 10 trabajadores,No,7,1386.0
53,Mujer,Urbana,Lima Metropolitana,Superior no universitaria,12,38.0,53.0,Trabajador independiente,Servicios,1 a 10 trabajadores,No,4,1480.0
44,Mujer,Urbana,Selva,Secundaria,9,27.0,36.0,Empleado,Manufactura,Mas de 50 trabajadores,No,4,833.0
22,Hombre,Rural,Sierra,Primaria o menos,4,16.0,53.0,Obrero,Comercio,1 a 10 trabajadores,No,3,360.0
30,Mujer,Urbana,Costa,Primaria o menos,2,26.0,60.0,Trabajador independiente,"Administracion publica, educacion y salud",11 a 50 trabajadores,No,5,810.0
57,Hombre,Rural,Sierra,Primaria o menos,4,45.0,42.0,Empleado,Agropecuario,1 a 10 trabajadores,No,4,309.0
44,Mujer,Urbana,Costa,Secundaria,11,26.0,49.0,Empleado,"Administracion publica, educacion y salud",11 a 50 trabajadores,No,2,1878.0
28,Mujer,Rural,Sierra,Secundaria,7,15.0,32.0,Trabajador independiente,Agropecuario,1 a 10 trabajadores,No,7,229.0
31,Hombre,Urbana,Costa,Superior universitaria,17,6.0,52.0,Trabajador independiente,Servicios,1 a 10 trabajadores,No,5,1494.0
37,Hombre,Rural,Sierra,Secundaria,9,20.0,42.0,Trabajador independiente,Agropecuario,1 a 10 trabajadores,No,6,304.0
27,Mujer,Urbana,Costa,Secundaria,10,10.0,33.0,Obrero,Servicios,Mas de 50 trabajadores,Si,5,1312.0
18,Hombre,Urbana,Costa,Secundaria,10,2.0,67.0,Trabajador independiente,Comercio,1 a 10 trabajadores,No,4,927.0
53,Hombre,Urbana,Selva,Secundaria,8,37.0,61.0,Trabajador independiente,Servicios,1 a 10 trabajadores,No,3,789.0
50,Hombre,Urbana,Costa,Secundaria,7,41.0,33.0,Obrero,Servicios,Mas de 50 trabajadores,Si,5,1960.0
50,Hombre,Urbana,Costa,Secundaria,11,31.0,28.0,Obrero,Comercio,11 a 50 trabajadores,No,6,1518.0
28,Mujer,Urbana,Lima Metropolitana,Secundaria,11,9.0,42.0,Empleado,"Administracion publica, educacion y salud",Mas de 50 trabajadores,Si,3,4100.0
45,Hombre,Rural,Costa,Primaria o menos,6,36.0,54.0,Trabajador independiente,Agropecuario,1 a 10 trabajadores,No,3,310.0
25,Mujer,Urbana,Lima Metropolitana,Superior universitaria,15,2.0,63.0,Empleado,"Administracion publica, educacion y salud",11 a 50 trabajadores,Si,1,3720.0
32,Mujer,Urbana,Lima Metropolitana,Secundaria,10,17.0,34.0,Empleado,Comercio,1 a 10 trabajadores,No,4,1222.0
41,Mujer,Urbana,Lima Metropolitana,Superior universitaria,17,15.0,31.0,Trabajador independiente,Comercio,1 a 10 trabajadores,No,4,1871.0
41,Hombre,Urbana,Sierra,Secundaria,11,22.0,65.0,Trabajador independiente,"Administracion publica, educacion y salud",1 a 10 trabajadores,No,4,1810.0
28,Mujer,Urbana,Lima Metropolitana,Posgrado,17,3.0,22.0,Empleado,Comercio,Mas de 50 trabajadores,Si,1,3857.0
46,Mujer,Urbana,Sierra,Superior universitaria,17,23.0,59.0,Empleado,Construccion,1 a 10 trabajadores,Si,2,3549.0
50,Hombre,Urbana,Lima Metropolitana,Secundaria,8,35.0,64.0,Empleado,Comercio,1 a 10 trabajadores,Si,4,1979.0
40,Hombre,Urbana,Lima Metropolitana,Secundaria,7,25.0,33.0,Empleado,Comercio,Mas de 50 trabajadores,No,3,2114.0
30,Hombre,Urbana,Lima Metropolitana,Primaria o menos,5,17.0,56.0,Trabajador independiente,Construccion,1 a 10 trabajadores,No,2,1230.0
18,Mujer,Urbana,Sierra,Superior universitaria,14,0.0,46.0,Empleador,"Administracion publica, educacion y salud",1 a 10 trabajadores,Si,4,1877.0
41,Mujer,Urbana,Sierra,Superior universitaria,14,22.0,39.0,Empleado,Comercio,11 a 50 trabajadores,Si,2,1522.0
18,Hombre,Urbana,Costa,Superior universitaria,16,0.0,51.0,Trabajador independiente,Manufactura,11 a 50 trabajadores,No,5,2949.0
22,Hombre,Urbana,Sierra,Secundaria,9,9.0,38.0,Trabajador independiente,Servicios,1 a 10 trabajadores,No,3,919.0
46,Mujer,Urbana,Sierra,Superior no universitaria,13,27.0,39.0,Trabajador independiente,Comercio,1 a 10 trabajadores,No,5,1013.0
38,Mujer,Urbana,Selva,Secundaria,7,25.0,38.0,Trabajador independiente,Servicios,1 a 10 trabajadores,No,4,404.0
48,Mujer,Urbana,Selva,Superior universitaria,14,28.0,63.0,Empleado,Servicios,Mas de 50 trabajadores,Si,3,4815.0
28,Mujer,Rural,Sierra,Superior no universitaria,12,13.0,51.0,Trabajador independiente,Agropecuario,1 a 10 trabajadores,No,2,201.0
22,Mujer,Urbana,Selva,Primaria o menos,5,13.0,29.0,Empleado,"Administracion publica, educacion y salud",1 a 10 trabajadores,No,3,724.0
34,Mujer,Rural,Sierra,Primaria o menos,3,22.0,38.0,Trabajador independiente,Agropecuario,1 a 10 trabajadores,No,4,168.0
23,Mujer,Urbana,Costa,Superior universitaria,16,2.0,38.0,Empleado,Construccion,Mas de 50 trabajadores,Si,5,3066.0
43,Mujer,Rural,Sierra,Superior no universitaria,15,25.0,45.0,Obrero,Agropecuario,11 a 50 trabajadores,No,4,774.0
30,Hombre,Rural,Sierra,Secundaria,7,16.0,35.0,Trabajador independiente,Agropecuario,1 a 10 trabajadores,No,4,339.0
43,Mujer,Urbana,Lima Metropolitana,Superior no universitaria,12,23.0,37.0,Obrero,Construccion,11 a 50 trabajadores,No,4,1597.0
31,Hombre,Rural,Sierra,Primaria o menos,2,26.0,39.0,Trabajador independiente,Agropecuario,1 a 10 trabajadores,No,6,150.0
46,Mujer,Rural,Sierra,Primaria o menos,6,37.0,54.0,Empleado,Comercio,11 a 50 trabajadores,No,2,480.0
27,Hombre,Urbana,Costa,Superior universitaria,17,1.0,60.0,Obrero,Comercio,1 a 10 trabajadores,No,2,1719.0
27,Mujer,Urbana,Selva,Superior universitaria,16,2.0,50.0,Empleado,Comercio,1 a 10 trabajadores,Si,5,1505.0
37,Hombre,Rural,Sierra,Primaria o menos,2,27.0,26.0,Trabajador independiente,Agropecuario,1 a 10 trabajadores,No,6,150.0
18,Mujer,Urbana,Lima Metropolitana,Superior universitaria,15,0.0,56.0,Empleado,Manufactura,11 a 50 trabajadores,No,7,2113.0
37,Hombre,Rural,Sierra,Secundaria,11,25.0,50.0,Obrero,Construccion,Mas de 50 trabajadores,No,4,533.0
36,Hombre,Urbana,Costa,Superior no universitaria,14,18.0,47.0,Empleado,Servicios,1 a 10 trabajadores,No,5,1486.0
28,Hombre,Rural,Selva,Secundaria,9,16.0,60.0,Obrero,Agropecuario,11 a 50 trabajadores,No,3,509.0
36,Mujer,Rural,Selva,Primaria o menos,2,30.0,28.0,Obrero,Agropecuario,11 a 50 trabajadores,Si,4,163.0
44,Mujer,Urbana,Costa,Primaria o menos,5,31.0,46.0,Trabajador independiente,Agropecuario,1 a 10 trabajadores,No,5,267.0
51,Mujer,Rural,Sierra,Secundaria,7,36.0,39.0,Empleado,"Administracion publica, educacion y salud",1 a 10 trabajadores,No,5,843.0
38,Mujer,Rural,Sierra,Primaria o menos,5,25.0,69.0,Trabajador independiente,Agropecuario,1 a 10 trabajadores,No,5,308.0
49,Hombre,Rural,Sierra,Primaria o menos,3,39.0,39.0,Trabajador independiente,Agropecuario,1 a 10 trabajadores,No,8,264.0
42,Hombre,Urbana,Lima Metropolitana,Superior no universitaria,13,25.0,49.0,Obrero,Servicios,1 a 10 trabajadores,No,5,1880.0
31,Mujer,Urbana,Lima Metropolitana,Superior universitaria,17,8.0,46.0,Empleado,Agropecuario,Mas de 50 trabajadores,Si,6,4352.0
55,Hombre,Urbana,Sierra,Superior no universitaria,12,37.0,50.0,Trabajador independiente,Servicios,1 a 10 trabajadores,No,4,1875.0
35,Mujer,Urbana,Sierra,Secundaria,9,20.0,54.0,Empleado,Construccion,11 a 50 trabajadores,Si,6,1376.0
35,Hombre,Urbana,Lima Metropolitana,Secundaria,10,16.0,52.0,Empleado,Comercio,11 a 50 trabajadores,Si,4,1466.0
42,Hombre,Urbana,Sierra,Secundaria,11,23.0,60.0,Empleado,Servicios,1 a 10 trabajadores,No,7,950.0
32,Hombre,Urbana,Selva,Superior no universitaria,12,12.0,37.0,Empleado,Comercio,1 a 10 trabajadores,No,3,825.0
45,Mujer,Rural,Sierra,Primaria o menos,2,35.0,66.0,Empleado,Agropecuario,Mas de 50 trabajadores,Si,4,482.0
38,Hombre,Urbana,Lima Metropolitana,Secundaria,10,23.0,47.0,Empleador,Comercio,1 a 10 trabajadores,No,4,1660.0
28,Mujer,Rural,Costa,Primaria o menos,2,21.0,29.0,Obrero,Agropecuario,1 a 10 trabajadores,No,1,150.0
46,Hombre,Urbana,Sierra,Secundaria,8,33.0,53.0,Obrero,Manufactura,11 a 50 trabajadores,No,3,1323.0
21,Mujer,Urbana,Sierra,Superior no universitaria,15,1.0,37.0,Obrero,Comercio,Mas de 50 trabajadores,No,5,870.0
35,Mujer,Urbana,Lima Metropolitana,Superior universitaria,16,13.0,47.0,Empleado,Construccion,Mas de 50 trabajadores,Si,4,5919.0
23,Hombre,Urbana,Lima Metropolitana,Secundaria,7,8.0,40.0,Empleado,Comercio,Mas de 50 trabajadores,Si,8,1732.0
38,Mujer,Urbana,Costa,Superior universitaria,15,19.0,58.0,Empleado,Manufactura,Mas de 50 trabajadores,Si,2,6849.0
58,Mujer,Rural,Sierra,Primaria o menos,4,45.0,32.0,Trabajador independiente,Comercio,1 a 10 trabajadores,No,3,180.0
40,Hombre,Rural,Sierra,Secundaria,8,26.0,56.0,Obrero,Agropecuario,1 a 10 trabajadores,No,1,469.0
40,Hombre,Urbana,Costa,Secundaria,11,23.0,34.0,Trabajador independiente,Servicios,1 a 10 trabajadores,No,3,1167.0
45,Mujer,Urbana,Selva,Superior universitaria,17,20.0,41.0,Trabajador independiente,Comercio,1 a 10 trabajadores,No,3,2649.0
45,Mujer,Urbana,Lima Metropolitana,Secundaria,8,31.0,61.0,Trabajador independiente,Comercio,11 a 50 trabajadores,Si,4,755.0
34,Hombre,Urbana,Lima Metropolitana,Secundaria,10,21.0,44.0,Obrero,Servicios,11 a 50 trabajadores,Si,4,881.0
18,Hombre,Urbana,Lima Metropolitana,Superior no universitaria,14,0.0,47.0,Trabajador independiente,Construccion,1 a 10 trabajadores,No,5,1449.0
33,Mujer,Urbana,Lima Metropolitana,Superior universitaria,16,15.0,36.0,Trabajador independiente,Manufactura,1 a 10 trabajadores,No,4,2361.0
42,Hombre,Urbana,Selva,Superior no universitaria,13,20.0,45.0,Obrero,Agropecuario,Mas de 50 trabajadores,No,4,2277.0
39,Hombre,Rural,Sierra,Secundaria,10,24.0,,Trabajador independiente,Manufactura,1 a 10 trabajadores,No,1,448.0
33,Hombre,Urbana,Sierra,Superior universitaria,16,13.0,35.0,Empleado,"Administracion publica, educacion y salud",1 a 10 trabajadores,Si,6,4192.0
64,Hombre,Urbana,Sierra,Superior no universitaria,13,45.0,37.0,Empleado,Servicios,11 a 50 trabajadores,No,3,1255.0
40,Hombre,Urbana,Costa,Superior universitaria,15,16.0,47.0,Empleado,Construccion,Mas de 50 trabajadores,Si,2,4866.0
59,Mujer,Urbana,Sierra,Superior no universitaria,13,41.0,30.0,Empleado,Comercio,11 a 50 trabajadores,Si,6,1284.0
33,Hombre,Urbana,Costa,Primaria o menos,5,23.0,8.0,Empleado,Manufactura,Mas de 50 trabajadores,Si,6,1013.0
31,Mujer,Rural,Selva,Primaria o menos,2,23.0,32.0,Empleado,Servicios,1 a 10 trabajadores,No,5,211.0
37,Mujer,Urbana,Costa,Secundaria,10,21.0,52.0,Trabajador independiente,Servicios,11 a 50 trabajadores,No,3,1572.0
36,Mujer,Urbana,Selva,Superior universitaria,17,15.0,32.0,Empleado,Servicios,Mas de 50 trabajadores,Si,5,6123.0
18,Mujer,Urbana,Lima Metropolitana,Secundaria,11,3.0,24.0,Empleado,Construccion,11 a 50 trabajadores,Si,3,1230.0
39,Hombre,Urbana,Sierra,Superior no universitaria,13,21.0,23.0,Empleado,Manufactura,1 a 10 trabajadores,No,4,936.0
38,Hombre,Urbana,Costa,Superior universitaria,15,16.0,64.0,Trabajador independiente,Servicios,1 a 10 trabajadores,No,5,2227.0
35,Hombre,Urbana,Lima Metropolitana,Superior universitaria,14,15.0,49.0,Trabajador independiente,Manufactura,1 a 10 trabajadores,No,3,1958.0
44,Mujer,Urbana,Lima Metropolitana,Superior no universitaria,14,27.0,35.0,Trabajador independiente,Construccion,1 a 10 trabajadores,No,5,1751.0
35,Hombre,Rural,Sierra,Superior no universitaria,14,15.0,68.0,Trabajador independiente,Agropecuario,1 a 10 trabajadores,No,4,400.0
61,Mujer,Urbana,Lima Metropolitana,Superior universitaria,17,40.0,38.0,Trabajador independiente,Manufactura,1 a 10 trabajadores,No,2,2198.0
28,Hombre,Urbana,Costa,Superior universitaria,17,5.0,45.0,Trabajador independiente,Servicios,1 a 10 trabajadores,No,2,2112.0
18,Mujer,Urbana,Costa,Primaria o menos,5,9.0,27.0,Trabajador independiente,Servicios,1 a 10 trabajadores,No,4,569.0
33,Hombre,Urbana,Lima Metropolitana,Superior universitaria,17,10.0,30.0,Empleado,"Administracion publica, educacion y salud",1 a 10 trabajadores,Si,4,3924.0
19,Hombre,Rural,Sierra,Superior universitaria,14,2.0,42.0,Trabajador independiente,Agropecuario,1 a 10 trabajadores,No,5,347.0
41,Hombre,Urbana,Lima Metropolitana,Secundaria,8,24.0,56.0,Obrero,Comercio,1 a 10 trabajadores,Si,4,1259.0
44,Hombre,Urbana,Lima Metropolitana,Superior universitaria,16,22.0,26.0,Empleado,Comercio,11 a 50 trabajadores,No,4,4205.0
65,Mujer,Rural,Sierra,Secundaria,10,45.0,41.0,Trabajador independiente,Agropecuario,1 a 10 trabajadores,No,2,243.0
61,Mujer,Urbana,Sierra,Superior no universitaria,13,44.0,29.0,Empleado,Manufactura,Mas de 50 trabajadores,Si,3,4415.0
49,Mujer,Urbana,Costa,Superior universitaria,17,26.0,54.0,Empleado,Servicios,11 a 50 trabajadores,No,6,3628.0
18,Hombre,Urbana,Lima Metropolitana,Superior no universitaria,15,0.0,52.0,Trabajador independiente,Comercio,1 a 10 trabajadores,No,5,935.0
34,Mujer,Urbana,Sierra,Secundaria,9,16.0,60.0,Empleador,Servicios,1 a 10 trabajadores,Si,8,1406.0
21,Mujer,Urbana,Costa,Superior universitaria,16,0.0,40.0,Empleado,"Administracion publica, educacion y salud",11 a 50 trabajadores,Si,5,1923.0
26,Hombre,Urbana,Sierra,Superior no universitaria,14,5.0,53.0,Empleado,Comercio,Mas de 50 trabajadores,Si,3,3398.0
51,Mujer,Urbana,Sierra,Secundaria,7,42.0,48.0,Obrero,Manufactura,Mas de 50 trabajadores,Si,4,1612.0
29,Mujer,Urbana,Sierra,Superior universitaria,16,5.0,46.0,Empleado,"Administracion publica, educacion y salud",Mas de 50 trabajadores,Si,8,4207.0
20,Hombre,Urbana,Costa,Secundaria,10,4.0,28.0,Obrero,Comercio,Mas de 50 trabajadores,Si,4,1900.0
44,Mujer,Urbana,Sierra,Secundaria,7,30.0,35.0,Trabajador independiente,Comercio,1 a 10 trabajadores,No,7,945.0
65,Mujer,Rural,Sierra,Secundaria,10,45.0,51.0,Obrero,Servicios,1 a 10 trabajadores,No,6,476.0
30,Mujer,Rural,Sierra,Primaria o menos,2,23.0,35.0,Obrero,Agropecuario,1 a 10 trabajadores,No,7,150.0
35,Hombre,Urbana,Costa,Primaria o menos,4,24.0,21.0,Obrero,Manufactura,Mas de 50 trabajadores,Si,2,931.0
41,Hombre,Rural,Selva,Secundaria,11,23.0,36.0,Trabajador independiente,Agropecuario,1 a 10 trabajadores,No,6,196.0
45,Mujer,Urbana,Selva,Secundaria,8,34.0,52.0,Empleado,Comercio,Mas de 50 trabajadores,Si,5,1554.0
25,Mujer,Urbana,Sierra,Secundaria,8,10.0,63.0,Obrero,"Administracion publica, educacion y salud",11 a 50 trabajadores,,5,1701.0
34,Mujer,Urbana,Sierra,Secundaria,8,17.0,52.0,Trabajador independiente,Construccion,11 a 50 trabajadores,No,5,607.0
34,Hombre,Urbana,Costa,Primaria o menos,3,22.0,35.0,Trabajador independiente,"Administracion publica, educacion y salud",1 a 10 trabajadores,No,2,681.0
44,Mujer,Urbana,Lima Metropolitana,Secundaria,11,26.0,43.0,Trabajador independiente,Servicios,Mas de 50 trabajadores,No,5,2188.0
46,Mujer,Rural,Sierra,Secundaria,8,33.0,46.0,Trabajador independiente,Agropecuario,1 a 10 trabajadores,No,3,206.0
50,Hombre,Urbana,Lima Metropolitana,Superior no universitaria,14,35.0,8.0,Obrero,Manufactura,11 a 50 trabajadores,No,10,1676.0
31,Hombre,Rural,Sierra,Secundaria,10,16.0,40.0,Trabajador independiente,Agropecuario,1 a 10 trabajadores,No,5,473.0
22,Hombre,Urbana,Selva,Superior universitaria,15,0.0,64.0,Empleado,Servicios,Mas de 50 trabajadores,No,3,2936.0
42,Mujer,Rural,Selva,Primaria o menos,6,32.0,24.0,Trabajador independiente,Agropecuario,1 a 10 trabajadores,No,6,150.0
59,Hombre,Urbana,Sierra,Secundaria,8,45.0,40.0,Empleado,Comercio,11 a 50 trabajadores,No,7,724.0
46,Hombre,Urbana,Lima Metropolitana,Secundaria,9,30.0,44.0,Obrero,Comercio,Mas de 50 trabajadores,Si,4,2084.0
34,Hombre,Rural,Selva,Secundaria,7,23.0,51.0,Trabajador independiente,Construccion,1 a 10 trabajadores,No,6,347.0
45,Hombre,Rural,Selva,Secundaria,10,31.0,56.0,Empleado,Agropecuario,1 a 10 trabajadores,No,5,373.0
57,Mujer,Urbana,Sierra,Posgrado,19,29.0,53.0,Trabajador independiente,Manufactura,1 a 10 trabajadores,No,3,3183.0
43,Hombre,Urbana,Costa,Secundaria,7,29.0,37.0,Empleado,Construccion,11 a 50 trabajadores,No,7,898.0
39,Hombre,Rural,Selva,Secundaria,10,23.0,43.0,Trabajador independiente,Agropecuario,1 a 10 trabajadores,Si,4,372.0
40,Hombre,Urbana,Costa,Superior universitaria,14,17.0,42.0,Empleado,Servicios,Mas de 50 trabajadores,Si,5,3108.0
25,Hombre,Urbana,Lima Metropolitana,Superior universitaria,16,2.0,21.0,Empleado,Comercio,Mas de 50 trabajadores,Si,5,2850.0
55,Hombre,Rural,Sierra,Secundaria,9,,28.0,Obrero,Servicios,1 a 10 trabajadores,Si,3,553.0
58,Mujer,Urbana,Lima Metropolitana,Primaria o menos,3,45.0,43.0,Empleado,Servicios,1 a 10 trabajadores,Si,2,638.0
30,Hombre,Urbana,Selva,Superior no universitaria,14,12.0,39.0,Trabajador independiente,Construccion,1 a 10 trabajadores,No,5,2137.0
36,Mujer,Urbana,Sierra,Superior universitaria,15,15.0,57.0,Empleado,"Administracion publica, educacion y salud",Mas de 50 trabajadores,Si,3,6845.0
37,Hombre,Rural,Selva,Primaria o menos,3,26.0,18.0,Trabajador independiente,Servicios,1 a 10 trabajadores,No,5,189.0
48,Hombre,Urbana,Lima Metropolitana,Secundaria,8,36.0,34.0,Empleador,Manufactura,11 a 50 trabajadores,No,4,2559.0
18,Hombre,Urbana,Lima Metropolitana,Superior universitaria,14,0.0,44.0,Empleado,Servicios,11 a 50 trabajadores,Si,3,5252.0
21,Hombre,Urbana,Lima Metropolitana,Secundaria,8,8.0,54.0,Trabajador independiente,Construccion,1 a 10 trabajadores,No,7,1151.0
42,Mujer,Rural,Selva,Secundaria,9,25.0,51.0,Trabajador independiente,Agropecuario,1 a 10 trabajadores,No,5,323.0
38,Mujer,Urbana,Sierra,Superior no universitaria,12,18.0,58.0,Trabajador independiente,"Administracion publica, educacion y salud",1 a 10 trabajadores,No,3,3088.0
33,Hombre,Urbana,Costa,Secundaria,7,19.0,35.0,Empleado,Comercio,Mas de 50 trabajadores,Si,3,1624.0
45,Mujer,Urbana,Sierra,Secundaria,7,33.0,45.0,Obrero,Manufactura,Mas de 50 trabajadores,Si,3,1655.0
51,Mujer,Urbana,Sierra,Superior universitaria,15,33.0,,Empleado,Comercio,11 a 50 trabajadores,Si,4,1839.0
35,Mujer,Urbana,Selva,Primaria o menos,6,23.0,34.0,Empleado,Servicios,11 a 50 trabajadores,No,6,665.0
36,Mujer,Urbana,Lima Metropolitana,Secundaria,11,16.0,32.0,Empleador,Manufactura,1 a 10 trabajadores,No,1,1195.0
31,Mujer,Urbana,Selva,Superior universitaria,17,10.0,43.0,Empleado,Comercio,1 a 10 trabajadores,No,3,3861.0
60,Hombre,Urbana,Selva,Secundaria,11,42.0,57.0,Trabajador independiente,"Administracion publica, educacion y salud",1 a 10 trabajadores,No,4,1608.0
52,Hombre,Urbana,Lima Metropolitana,Superior universitaria,17,30.0,33.0,Empleado,Manufactura,11 a 50 trabajadores,Si,3,4217.0
54,Hombre,Urbana,Costa,Primaria o menos,2,45.0,50.0,Empleado,Servicios,11 a 50 trabajadores,No,6,571.0
37,Hombre,Urbana,Lima Metropolitana,Superior universitaria,16,17.0,19.0,Trabajador independiente,Comercio,1 a 10 trabajadores,No,4,1074.0
49,Hombre,Rural,Selva,Primaria o menos,2,39.0,31.0,Obrero,Agropecuario,1 a 10 trabajadores,No,5,186.0
35,Hombre,Urbana,Costa,Posgrado,19,11.0,38.0,Trabajador independiente,Manufactura,1 a 10 trabajadores,No,4,3353.0
52,Mujer,Urbana,Lima Metropolitana,Secundaria,11,32.0,57.0,Empleado,Construccion,11 a 50 trabajadores,Si,3,4142.0
35,Hombre,Urbana,Sierra,Superior no universitaria,14,15.0,61.0,Empleado,Comercio,Mas de 50 trabajadores,No,6,2332.0
37,Hombre,Urbana,Lima Metropolitana,Secundaria,8,25.0,34.0,Obrero,Servicios,Mas de 50 trabajadores,No,4,1247.0
38,Mujer,Rural,Selva,Primaria o menos,5,23.0,40.0,Obrero,Agropecuario,11 a 50 trabajadores,No,1,359.0
40,Hombre,Rural,Sierra,Primaria o menos,2,37.0,32.0,Obrero,Agropecuario,1 a 10 trabajadores,No,2,206.0
36,Hombre,Urbana,Costa,Superior universitaria,14,17.0,26.0,Trabajador independiente,Servicios,1 a 10 trabajadores,No,5,2020.0
52,Hombre,Urbana,Costa,Secundaria,7,39.0,37.0,Trabajador independiente,Comercio,1 a 10 trabajadores,No,3,517.0
55,Hombre,Urbana,Costa,Superior universitaria,14,38.0,56.0,Empleado,Comercio,Mas de 50 trabajadores,Si,2,3662.0
34,Hombre,Urbana,Lima Metropolitana,Secundaria,8,22.0,40.0,Trabajador independiente,Manufactura,1 a 10 trabajadores,No,5,1022.0
37,Mujer,Rural,Sierra,Secundaria,9,21.0,40.0,Trabajador independiente,Manufactura,1 a 10 trabajadores,No,3,221.0
56,Mujer,Urbana,Sierra,Primaria o menos,2,45.0,33.0,Empleado,Manufactura,Mas de 50 trabajadores,Si,4,578.0
31,Hombre,Urbana,Lima Metropolitana,Secundaria,7,18.0,57.0,Trabajador independiente,"Administracion publica, educacion y salud",1 a 10 trabajadores,No,4,1531.0
49,Mujer,Urbana,Sierra,Superior no universitaria,14,30.0,37.0,Trabajador independiente,Construccion,1 a 10 trabajadores,Si,6,843.0
45,Hombre,Rural,Sierra,Superior universitaria,17,20.0,61.0,Empleado,Agropecuario,1 a 10 trabajadores,Si,3,1534.0
59,Hombre,Urbana,Lima Metropolitana,Secundaria,8,45.0,63.0,Empleado,"Administracion publica, educacion y salud",1 a 10 trabajadores,No,5,1279.0
31,Hombre,Urbana,Selva,Superior universitaria,14,,60.0,Empleado,Manufactura,Mas de 50 trabajadores,Si,2,2304.0
61,Hombre,Urbana,Selva,Superior no universitaria,13,41.0,31.0,Empleado,Comercio,11 a 50 trabajadores,Si,4,2105.0
38,Mujer,Rural,Sierra,Superior no universitaria,14,18.0,27.0,Trabajador independiente,Agropecuario,1 a 10 trabajadores,No,4,184.0
27,Hombre,Urbana,Costa,Superior universitaria,15,4.0,33.0,Empleado,Servicios,1 a 10 trabajadores,Si,6,2433.0
36,Mujer,Urbana,Selva,Secundaria,8,25.0,41.0,Obrero,Comercio,Mas de 50 trabajadores,Si,4,1857.0
51,Hombre,Urbana,Lima Metropolitana,Secundaria,10,37.0,38.0,Empleado,Comercio,Mas de 50 trabajadores,Si,7,2868.0
40,Hombre,Urbana,Sierra,Superior no universitaria,13,17.0,27.0,Obrero,"Administracion publica, educacion y salud",Mas de 50 trabajadores,No,1,1668.0
33,Hombre,Urbana,Costa,Primaria o menos,6,19.0,44.0,Trabajador independiente,Construccion,1 a 10 trabajadores,No,4,911.0
27,Mujer,Urbana,Lima Metropolitana,Secundaria,11,9.0,52.0,Empleado,Servicios,1 a 10 trabajadores,No,6,1343.0
39,Hombre,Urbana,Costa,Secundaria,8,24.0,45.0,Empleado,"Administracion publica, educacion y salud",1 a 10 trabajadores,No,8,1431.0
25,Mujer,Urbana,Lima Metropolitana,Secundaria,11,6.0,33.0,Empleado,Servicios,Mas de 50 trabajadores,Si,6,3624.0
36,Mujer,Urbana,Sierra,Secundaria,8,21.0,50.0,Trabajador independiente,Construccion,1 a 10 trabajadores,No,6,997.0
58,Mujer,Urbana,Sierra,Secundaria,7,45.0,32.0,Empleado,"Administracion publica, educacion y salud",Mas de 50 trabajadores,Si,6,1710.0
32,Mujer,Urbana,Lima Metropolitana,Superior no universitaria,13,,34.0,Trabajador independiente,Servicios,1 a 10 trabajadores,No,5,1208.0
38,Hombre,Rural,Sierra,Secundaria,11,19.0,32.0,Empleado,Agropecuario,1 a 10 trabajadores,No,8,372.0
55,Mujer,Urbana,Costa,Secundaria,9,41.0,51.0,Empleado,"Administracion publica, educacion y salud",11 a 50 trabajadores,No,5,2000.0
42,Mujer,Urbana,Sierra,Superior no universitaria,15,21.0,54.0,Empleado,Manufactura,Mas de 50 trabajadores,No,4,1688.0
30,Mujer,Urbana,Costa,Secundaria,9,17.0,47.0,Trabajador independiente,Agropecuario,1 a 10 trabajadores,No,3,780.0
21,Hombre,Urbana,Lima Metropolitana,Superior universitaria,16,0.0,34.0,Trabajador independiente,"Administracion publica, educacion y salud",1 a 10 trabajadores,No,6,2851.0
22,Mujer,Urbana,Costa,Secundaria,9,9.0,54.0,Empleado,Comercio,11 a 50 trabajadores,No,3,1086.0
41,Mujer,Urbana,Sierra,Secundaria,7,29.0,36.0,Trabajador independiente,Manufactura,Mas de 50 trabajadores,No,3,878.0
55,Mujer,Urbana,Lima Metropolitana,Superior no universitaria,12,36.0,59.0,Empleado,Comercio,Mas de 50 trabajadores,Si,8,6323.0
31,Hombre,Urbana,Costa,Primaria o menos,2,24.0,37.0,Obrero,Comercio,Mas de 50 trabajadores,No,2,362.0
46,Mujer,Rural,Selva,Secundaria,9,31.0,63.0,Trabajador independiente,"Administracion publica, educacion y salud",1 a 10 trabajadores,No,3,501.0
41,Hombre,Rural,Sierra,Secundaria,10,27.0,40.0,Empleado,"Administracion publica, educacion y salud",1 a 10 trabajadores,Si,3,1713.0
33,Hombre,Rural,Selva,Primaria o menos,2,23.0,38.0,Trabajador independiente,Agropecuario,1 a 10 trabajadores,No,8,150.0
44,Mujer,Urbana,Selva,Superior no universitaria,14,23.0,32.0,Empleado,Comercio,Mas de 50 trabajadores,Si,3,2200.0
49,Hombre,Rural,Sierra,Primaria o menos,6,36.0,19.0,Trabajador independiente,Agropecuario,1 a 10 trabajadores,No,3,150.0
40,Hombre,Rural,Selva,Secundaria,10,26.0,42.0,Obrero,Agropecuario,1 a 10 trabajadores,No,4,544.0
37,Mujer,Rural,Selva,Primaria o menos,5,25.0,31.0,Trabajador independiente,Agropecuario,1 a 10 trabajadores,No,7,150.0
27,Mujer,Urbana,Costa,Superior universitaria,14,4.0,39.0,Trabajador independiente,Comercio,1 a 10 trabajadores,No,6,1603.0
29,Hombre,Urbana,Sierra,Primaria o menos,4,22.0,45.0,Trabajador independiente,Comercio,1 a 10 trabajadores,No,2,406.0
51,Mujer,Rural,Selva,Primaria o menos,6,38.0,49.0,Trabajador independiente,Construccion,1 a 10 trabajadores,No,8,280.0
36,Hombre,Rural,Sierra,Primaria o menos,4,23.0,29.0,Trabajador independiente,Agropecuario,1 a 10 trabajadores,No,3,188.0
49,Hombre,Urbana,Sierra,Posgrado,19,22.0,27.0,Empleado,"Administracion publica, educacion y salud",1 a 10 trabajadores,Si,3,9804.0
64,Hombre,Urbana,Lima Metropolitana,Secundaria,10,45.0,40.0,Trabajador independiente,Comercio,1 a 10 trabajadores,No,4,1404.0
45,Hombre,Urbana,Sierra,Superior universitaria,15,26.0,49.0,Trabajador independiente,Construccion,1 a 10 trabajadores,No,6,2970.0
18,Hombre,Urbana,Lima Metropolitana,Secundaria,9,4.0,51.0,Trabajador independiente,Comercio,1 a 10 trabajadores,No,2,1312.0
45,Mujer,Urbana,Lima Metropolitana,Secundaria,7,33.0,29.0,Trabajador independiente,Comercio,1 a 10 trabajadores,No,3,676.0
37,Mujer,Urbana,Costa,Superior no universitaria,14,14.0,46.0,Trabajador independiente,Servicios,1 a 10 trabajadores,No,5,1394.0
45,Mujer,Rural,Sierra,Primaria o menos,2,36.0,46.0,Trabajador independiente,Agropecuario,11 a 50 trabajadores,Si,2,324.0
35,Hombre,Urbana,Lima Metropolitana,Secundaria,9,19.0,51.0,Trabajador independiente,Construccion,1 a 10 trabajadores,No,4,1335.0
44,Mujer,Urbana,Selva,Superior no universitaria,12,27.0,27.0,Empleado,"Administracion publica, educacion y salud",11 a 50 trabajadores,No,8,2368.0
20,Hombre,Urbana,Selva,Secundaria,11,1.0,34.0,Empleado,Manufactura,Mas de 50 trabajadores,No,4,1248.0
33,Mujer,Rural,Sierra,Superior universitaria,15,9.0,37.0,Trabajador independiente,Agropecuario,1 a 10 trabajadores,No,3,321.0
35,Mujer,Urbana,Lima Metropolitana,Superior no universitaria,12,16.0,39.0,Empleado,"Administracion publica, educacion y salud",Mas de 50 trabajadores,Si,4,3765.0
44,Mujer,Urbana,Costa,Superior no universitaria,13,24.0,37.0,Trabajador independiente,Comercio,1 a 10 trabajadores,No,2,937.0
53,Mujer,Urbana,Costa,Secundaria,11,33.0,36.0,Empleado,"Administracion publica, educacion y salud",11 a 50 trabajadores,Si,3,1376.0
60,Hombre,Urbana,Sierra,Superior universitaria,17,37.0,57.0,Empleado,Servicios,1 a 10 trabajadores,No,3,3754.0
48,Hombre,Urbana,Lima Metropolitana,Superior universitaria,14,30.0,22.0,Trabajador independiente,Servicios,1 a 10 trabajadores,No,3,2432.0
54,Mujer,Rural,Sierra,Superior universitaria,15,32.0,23.0,Empleado,Agropecuario,1 a 10 trabajadores,No,3,486.0
45,Hombre,Urbana,Selva,Superior no universitaria,15,23.0,34.0,Obrero,Comercio,11 a 50 trabajadores,Si,8,3128.0
40,Mujer,Urbana,Lima Metropolitana,Secundaria,10,23.0,29.0,Empleado,Servicios,Mas de 50 trabajadores,No,5,1417.0
35,Hombre,Urbana,Sierra,Secundaria,11,14.0,56.0,Empleado,Manufactura,Mas de 50 trabajadores,Si,5,1843.0
34,Hombre,Rural,Costa,Secundaria,7,22.0,39.0,Empleado,Agropecuario,1 a 10 trabajadores,No,2,680.0
38,Mujer,Urbana,Lima Metropolitana,Secundaria,10,25.0,69.0,Empleado,Manufactura,1 a 10 trabajadores,No,2,1924.0
59,Hombre,Urbana,Sierra,Superior universitaria,15,42.0,35.0,Trabajador independiente,Comercio,1 a 10 trabajadores,No,1,1836.0
44,Hombre,Urbana,Lima Metropolitana,Superior universitaria,14,21.0,20.0,Empleado,Servicios,1 a 10 trabajadores,Si,5,3726.0
29,Hombre,Rural,Sierra,Primaria o menos,4,15.0,38.0,Trabajador independiente,Agropecuario,1 a 10 trabajadores,No,7,194.0
29,Mujer,Urbana,Costa,Superior no universitaria,14,6.0,40.0,Empleado,"Administracion publica, educacion y salud",Mas de 50 trabajadores,Si,5,3867.0
41,Hombre,Urbana,Lima Metropolitana,Primaria o menos,2,32.0,36.0,Empleador,Manufactura,1 a 10 trabajadores,No,4,657.0
41,Hombre,Urbana,Sierra,Posgrado,20,10.0,28.0,Trabajador independiente,Manufactura,1 a 10 trabajadores,No,4,2293.0
43,Hombre,Urbana,Costa,Superior universitaria,16,24.0,24.0,Trabajador independiente,"Administracion publica, educacion y salud",1 a 10 trabajadores,No,9,2284.0
35,Hombre,Urbana,Sierra,Superior universitaria,14,16.0,56.0,Empleado,Servicios,1 a 10 trabajadores,No,2,2652.0
41,Mujer,Urbana,Selva,Secundaria,11,26.0,46.0,Obrero,"Administracion publica, educacion y salud",11 a 50 trabajadores,Si,5,1756.0
50,Hombre,Urbana,Sierra,Superior universitaria,15,29.0,46.0,Empleado,Servicios,11 a 50 trabajadores,Si,2,3058.0
43,Hombre,Rural,Selva,Primaria o menos,6,28.0,41.0,Trabajador independiente,Agropecuario,1 a 10 trabajadores,No,4,302.0
54,Mujer,Urbana,Lima Metropolitana,Secundaria,11,36.0,43.0,Empleado,Construccion,1 a 10 trabajadores,No,7,1240.0
27,Hombre,Urbana,Sierra,Secundaria,11,9.0,45.0,Trabajador independiente,"Administracion publica, educacion y salud",1 a 10 trabajadores,Si,3,982.0
52,Hombre,Urbana,Costa,Superior no universitaria,13,37.0,30.0,Trabajador independiente,Comercio,1 a 10 trabajadores,No,3,1449.0
48,Hombre,Urbana,Costa,Secundaria,8,31.0,,Empleador,Comercio,1 a 10 trabajadores,No,3,1889.0
33,Mujer,Rural,Selva,Primaria o menos,3,24.0,44.0,Trabajador independiente,Agropecuario,1 a 10 trabajadores,No,5,227.0
28,Mujer,Urbana,Lima Metropolitana,Secundaria,9,12.0,47.0,Trabajador independiente,Construccion,1 a 10 trabajadores,No,3,1612.0
35,Mujer,Rural,Costa,Superior universitaria,16,18.0,35.0,Trabajador independiente,Agropecuario,1 a 10 trabajadores,No,7,642.0
45,Hombre,Rural,Sierra,Primaria o menos,2,34.0,32.0,Trabajador independiente,Construccion,1 a 10 trabajadores,No,3,192.0
33,Mujer,Urbana,Lima Metropolitana,Superior no universitaria,14,11.0,46.0,Trabajador independiente,Manufactura,1 a 10 trabajadores,No,5,1406.0
38,Hombre,Urbana,Lima Metropolitana,Superior no universitaria,15,19.0,37.0,Empleado,Comercio,11 a 50 trabajadores,Si,5,3168.0
55,Mujer,Rural,Selva,Primaria o menos,2,45.0,38.0,Empleado,Agropecuario,Mas de 50 trabajadores,No,2,240.0
38,Hombre,Urbana,Lima Metropolitana,Secundaria,10,19.0,63.0,Empleado,Manufactura,Mas de 50 trabajadores,Si,6,2938.0
23,Hombre,Urbana,Sierra,Superior no universitaria,13,4.0,33.0,Trabajador independiente,Servicios,1 a 10 trabajadores,No,3,681.0
22,Mujer,Urbana,Lima Metropolitana,Secundaria,9,14.0,39.0,Trabajador independiente,Comercio,1 a 10 trabajadores,No,2,811.0
53,Mujer,Urbana,Sierra,Superior no universitaria,13,34.0,46.0,Empleado,Comercio,1 a 10 trabajadores,Si,4,1786.0
29,Hombre,Urbana,Sierra,Secundaria,9,15.0,47.0,Empleador,Manufactura,1 a 10 trabajadores,No,3,1928.0
29,Hombre,Urbana,Selva,Superior universitaria,17,5.0,,Empleado,Servicios,Mas de 50 trabajadores,Si,6,2809.0
45,Hombre,Urbana,Lima Metropolitana,Superior universitaria,16,25.0,38.0,Empleado,Comercio,11 a 50 trabajadores,No,6,5600.0
30,Hombre,Urbana,Selva,Primaria o menos,6,20.0,47.0,Obrero,"Administracion publica, educacion y salud",11 a 50 trabajadores,No,2,775.0
23,Hombre,Urbana,Costa,Secundaria,9,6.0,31.0,Empleado,Servicios,11 a 50 trabajadores,No,5,1101.0
32,Hombre,Urbana,Sierra,Superior universitaria,17,7.0,42.0,Empleado,Manufactura,Mas de 50 trabajadores,No,4,3426.0
39,Hombre,Urbana,Sierra,Secundaria,9,23.0,43.0,Trabajador independiente,Servicios,1 a 10 trabajadores,No,7,779.0
25,Mujer,Urbana,Lima Metropolitana,Primaria o menos,5,14.0,60.0,Trabajador independiente,"Administracion publica, educacion y salud",1 a 10 trabajadores,No,2,710.0
50,Hombre,Urbana,Lima Metropolitana,Primaria o menos,2,38.0,47.0,Trabajador independiente,"Administracion publica, educacion y salud",1 a 10 trabajadores,No,3,568.0
31,Hombre,Urbana,Costa,Superior universitaria,16,8.0,44.0,Empleado,Servicios,11 a 50 trabajadores,No,4,3032.0
60,Mujer,Urbana,Lima Metropolitana,Superior no universitaria,13,43.0,32.0,Empleado,Agropecuario,11 a 50 trabajadores,Si,2,1564.0
48,Mujer,Urbana,Sierra,Superior universitaria,14,29.0,33.0,Empleador,Servicios,1 a 10 trabajadores,No,5,2078.0
59,Mujer,Urbana,Costa,Secundaria,8,45.0,30.0,Empleado,Servicios,11 a 50 trabajadores,No,6,1303.0
39,Hombre,Urbana,Sierra,Secundaria,7,24.0,,Empleado,Agropecuario,Mas de 50 trabajadores,No,4,750.0
31,Hombre,Urbana,Sierra,Secundaria,10,15.0,,Empleado,Manufactura,Mas de 50 trabajadores,Si,4,1887.0
43,Hombre,Rural,Costa,Secundaria,7,34.0,49.0,Trabajador independiente,Agropecuario,1 a 10 trabajadores,No,2,219.0
18,Hombre,Rural,Sierra,Secundaria,9,0.0,36.0,Trabajador independiente,"Administracion publica, educacion y salud",Mas de 50 trabajadores,No,6,584.0
42,Mujer,Urbana,Sierra,Secundaria,7,29.0,33.0,Trabajador independiente,Servicios,1 a 10 trabajadores,No,4,627.0
37,Mujer,Urbana,Sierra,Superior universitaria,14,15.0,64.0,Trabajador independiente,Comercio,1 a 10 trabajadores,No,2,1678.0
55,Hombre,Urbana,Sierra,Superior universitaria,17,32.0,24.0,Trabajador independiente,Servicios,1 a 10 trabajadores,No,2,2509.0
49,Mujer,Urbana,Lima Metropolitana,Posgrado,20,21.0,46.0,Empleado,Servicios,11 a 50 trabajadores,Si,5,11963.0
49,Hombre,Urbana,Costa,Secundaria,10,35.0,37.0,Empleado,Construccion,Mas de 50 trabajadores,Si,4,2951.0
51,Mujer,Urbana,Lima Metropolitana,Superior universitaria,14,34.0,53.0,Empleado,Servicios,11 a 50 trabajadores,Si,4,4438.0
27,Mujer,Rural,Costa,Secundaria,11,9.0,56.0,Trabajador independiente,Comercio,1 a 10 trabajadores,No,3,491.0
28,Hombre,Urbana,Lima Metropolitana,Superior universitaria,15,10.0,32.0,Obrero,"Administracion publica, educacion y salud",Mas de 50 trabajadores,Si,4,6125.0
20,Hombre,Urbana,Lima Metropolitana,Secundaria,8,4.0,53.0,Obrero,Servicios,11 a 50 trabajadores,No,4,985.0
48,Mujer,Rural,Sierra,Primaria o menos,4,39.0,28.0,Trabajador independiente,Agropecuario,11 a 50 trabajadores,No,6,150.0
42,Mujer,Urbana,Lima Metropolitana,Superior universitaria,14,20.0,43.0,Obrero,Comercio,11 a 50 trabajadores,,2,4059.0
43,Mujer,Rural,Sierra,Primaria o menos,6,28.0,31.0,Empleado,Agropecuario,11 a 50 trabajadores,No,6,403.0
25,Hombre,Urbana,Sierra,Superior universitaria,17,0.0,38.0,Empleado,Servicios,Mas de 50 trabajadores,Si,1,4832.0
36,Hombre,Urbana,Costa,Primaria o menos,2,29.0,29.0,Empleador,Comercio,1 a 10 trabajadores,No,7,415.0
29,Mujer,Urbana,Lima Metropolitana,Secundaria,11,15.0,52.0,Trabajador independiente,Servicios,1 a 10 trabajadores,No,5,1711.0
24,Mujer,Urbana,Selva,Secundaria,9,6.0,48.0,Empleado,"Administracion publica, educacion y salud",Mas de 50 trabajadores,Si,3,1858.0
65,Mujer,Urbana,Sierra,Superior no universitaria,13,45.0,53.0,Trabajador independiente,Manufactura,1 a 10 trabajadores,No,5,998.0
52,Mujer,Urbana,Lima Metropolitana,Superior universitaria,15,33.0,61.0,Trabajador independiente,Comercio,1 a 10 trabajadores,Si,5,2178.0
28,Hombre,Urbana,Costa,Secundaria,10,11.0,39.0,Empleado,"Administracion publica, educacion y salud",Mas de 50 trabajadores,Si,5,2719.0
49,Hombre,Urbana,Costa,Superior universitaria,17,26.0,66.0,Empleado,Construccion,Mas de 50 trabajadores,Si,4,9835.0
35,Hombre,Rural,Sierra,Secundaria,11,19.0,49.0,Trabajador independiente,Agropecuario,1 a 10 trabajadores,No,6,314.0
38,Hombre,Urbana,Sierra,Primaria o menos,3,27.0,27.0,Empleado,Comercio,11 a 50 trabajadores,Si,3,563.0
52,Mujer,Urbana,Lima Metropolitana,Secundaria,8,40.0,43.0,Empleado,Manufactura,1 a 10 trabajadores,No,3,1142.0
49,Hombre,Rural,Sierra,Secundaria,11,32.0,27.0,Empleado,Agropecuario,11 a 50 trabajadores,Si,4,611.0
37,Mujer,Rural,Costa,Secundaria,7,22.0,44.0,Trabajador independiente,Comercio,1 a 10 trabajadores,No,9,457.0
29,Hombre,Urbana,Costa,Superior universitaria,16,6.0,23.0,Empleado,Servicios,Mas de 50 trabajadores,Si,1,3696.0
42,Hombre,Urbana,Costa,Superior universitaria,15,20.0,45.0,Trabajador independiente,Comercio,1 a 10 trabajadores,No,4,1537.0
59,Mujer,Urbana,Sierra,Secundaria,7,44.0,52.0,Obrero,Comercio,1 a 10 trabajadores,No,5,654.0
54,Mujer,Urbana,Lima Metropolitana,Superior universitaria,16,33.0,48.0,Trabajador independiente,Servicios,1 a 10 trabajadores,No,7,2934.0
52,Mujer,Urbana,Lima Metropolitana,Secundaria,11,39.0,49.0,Obrero,Construccion,1 a 10 trabajadores,No,4,1578.0
53,Hombre,Urbana,Lima Metropolitana,Superior no universitaria,13,38.0,55.0,Empleado,Comercio,11 a 50 trabajadores,Si,8,2885.0
43,Hombre,Urbana,Costa,Superior universitaria,17,23.0,19.0,Empleado,Construccion,1 a 10 trabajadores,No,4,3406.0
33,Mujer,Rural,Costa,Primaria o menos,5,28.0,55.0,Empleado,Manufactura,Mas de 50 trabajadores,No,3,920.0
39,Mujer,Rural,Costa,Primaria o menos,4,30.0,17.0,Empleado,Comercio,1 a 10 trabajadores,No,5,347.0
65,Mujer,Urbana,Lima Metropolitana,Secundaria,7,45.0,48.0,Trabajador independiente,Servicios,1 a 10 trabajadores,No,2,622.0
35,Hombre,Urbana,Costa,Superior universitaria,17,17.0,32.0,Empleado,Servicios,Mas de 50 trabajadores,No,6,3643.0
62,Hombre,Rural,Costa,Primaria o menos,2,45.0,34.0,Empleado,Agropecuario,11 a 50 trabajadores,No,7,291.0
45,Hombre,Rural,Costa,Superior no universitaria,12,23.0,40.0,Obrero,Construccion,11 a 50 trabajadores,No,3,540.0
26,Mujer,Urbana,Selva,Superior no universitaria,13,7.0,49.0,Empleado,"Administracion publica, educacion y salud",1 a 10 trabajadores,No,8,1127.0
44,Mujer,Urbana,Lima Metropolitana,Superior universitaria,15,21.0,38.0,Empleado,"Administracion publica, educacion y salud",11 a 50 trabajadores,Si,1,8732.0
32,Hombre,Urbana,Selva,Superior universitaria,17,10.0,58.0,Trabajador independiente,Construccion,1 a 10 trabajadores,No,8,2812.0
28,Mujer,Urbana,Costa,Superior no universitaria,12,12.0,44.0,Obrero,Comercio,11 a 50 trabajadores,No,4,971.0
48,Mujer,Urbana,Sierra,Posgrado,19,24.0,34.0,Trabajador independiente,Agropecuario,11 a 50 trabajadores,No,9,2020.0
32,Mujer,Urbana,Lima Metropolitana,Secundaria,7,21.0,34.0,Empleado,Manufactura,Mas de 50 trabajadores,Si,2,1870.0
34,Mujer,Urbana,Sierra,Superior universitaria,16,9.0,37.0,Empleado,Servicios,Mas de 50 trabajadores,Si,6,5211.0
39,Mujer,Urbana,Lima Metropolitana,Superior universitaria,15,22.0,31.0,Empleado,Servicios,11 a 50 trabajadores,No,3,4286.0
23,Mujer,Urbana,Selva,Secundaria,8,10.0,13.0,Trabajador independiente,Construccion,1 a 10 trabajadores,No,5,330.0
45,Hombre,Urbana,Sierra,Secundaria,10,34.0,33.0,Obrero,Manufactura,1 a 10 trabajadores,Si,5,477.0
42,Hombre,Urbana,Lima Metropolitana,Secundaria,8,28.0,41.0,Obrero,Servicios,11 a 50 trabajadores,Si,6,1057.0
27,Hombre,Rural,Costa,Secundaria,8,14.0,46.0,Trabajador independiente,Construccion,1 a 10 trabajadores,No,4,227.0
43,Mujer,Urbana,Sierra,Primaria o menos,4,32.0,35.0,Trabajador independiente,Servicios,1 a 10 trabajadores,No,2,322.0
34,Hombre,Urbana,Selva,Secundaria,7,21.0,59.0,Trabajador independiente,Manufactura,Mas de 50 trabajadores,No,4,945.0
24,Hombre,Rural,Costa,Superior universitaria,15,1.0,43.0,Empleado,Agropecuario,1 a 10 trabajadores,No,4,464.0
57,Hombre,Urbana,Sierra,Secundaria,11,42.0,34.0,Empleado,"Administracion publica, educacion y salud",Mas de 50 trabajadores,No,3,2065.0
22,Hombre,Urbana,Lima Metropolitana,Superior universitaria,16,0.0,41.0,Empleado,Manufactura,11 a 50 trabajadores,Si,7,3222.0
43,Hombre,Rural,Selva,Secundaria,10,28.0,15.0,Trabajador independiente,Agropecuario,1 a 10 trabajadores,No,2,240.0
33,Mujer,Rural,Sierra,Superior no universitaria,13,16.0,42.0,Obrero,Agropecuario,1 a 10 trabajadores,No,5,702.0
39,Mujer,Urbana,Costa,Superior no universitaria,12,22.0,27.0,Trabajador independiente,Comercio,1 a 10 trabajadores,Si,4,1142.0
30,Hombre,Rural,Sierra,Superior universitaria,17,3.0,36.0,Empleado,Agropecuario,1 a 10 trabajadores,No,8,975.0
18,Hombre,Urbana,Selva,Secundaria,11,0.0,55.0,Empleado,"Administracion publica, educacion y salud",1 a 10 trabajadores,No,10,1392.0
39,Mujer,Rural,Costa,Primaria o menos,4,31.0,35.0,Trabajador independiente,Comercio,1 a 10 trabajadores,No,3,451.0
50,Hombre,Rural,Selva,Primaria o menos,4,40.0,49.0,Trabajador independiente,Agropecuario,1 a 10 trabajadores,No,2,179.0
30,Hombre,Urbana,Sierra,Superior universitaria,16,7.0,39.0,Empleado,Comercio,Mas de 50 trabajadores,Si,10,2348.0
26,Hombre,Urbana,Sierra,Superior no universitaria,13,8.0,28.0,Trabajador independiente,Comercio,1 a 10 trabajadores,No,1,1045.0
35,Mujer,Urbana,Lima Metropolitana,Posgrado,20,6.0,55.0,Empleado,"Administracion publica, educacion y salud",1 a 10 trabajadores,Si,6,7251.0
52,Hombre,Urbana,Costa,Superior universitaria,14,32.0,35.0,Empleado,Comercio,1 a 10 trabajadores,Si,3,1938.0
34,Hombre,Urbana,Lima Metropolitana,Primaria o menos,2,23.0,50.0,Trabajador independiente,Construccion,1 a 10 trabajadores,No,7,396.0
59,Mujer,Urbana,Sierra,Superior universitaria,16,34.0,55.0,Empleado,Comercio,11 a 50 trabajadores,Si,1,3601.0
56,Hombre,Urbana,Costa,Superior no universitaria,13,36.0,35.0,Trabajador independiente,Comercio,1 a 10 trabajadores,No,5,1482.0
40,Mujer,Urbana,Sierra,Secundaria,7,22.0,36.0,Trabajador independiente,Comercio,1 a 10 trabajadores,No,7,567.0
27,Hombre,Rural,Sierra,Secundaria,9,10.0,55.0,Trabajador independiente,Servicios,1 a 10 trabajadores,No,6,417.0
36,Mujer,Urbana,Lima Metropolitana,Secundaria,11,18.0,55.0,Empleado,Servicios,Mas de 50 trabajadores,Si,2,2201.0
29,Hombre,Urbana,Lima Metropolitana,Secundaria,8,13.0,23.0,Obrero,Comercio,11 a 50 trabajadores,No,2,995.0
22,Mujer,Urbana,Sierra,Secundaria,9,5.0,44.0,Trabajador independiente,Servicios,1 a 10 trabajadores,No,5,600.0
32,Mujer,Urbana,Lima Metropolitana,Superior no universitaria,15,9.0,42.0,Empleado,Servicios,Mas de 50 trabajadores,Si,5,3905.0
43,Mujer,Urbana,Lima Metropolitana,Superior no universitaria,13,25.0,35.0,Empleado,"Administracion publica, educacion y salud",1 a 10 trabajadores,No,1,2219.0
44,Hombre,Urbana,Costa,Posgrado,18,18.0,50.0,Empleado,"Administracion publica, educacion y salud",Mas de 50 trabajadores,Si,6,14954.0
65,Hombre,Urbana,Lima Metropolitana,Superior no universitaria,12,45.0,37.0,Obrero,Comercio,Mas de 50 trabajadores,Si,3,2809.0
37,Mujer,Urbana,Sierra,Superior no universitaria,13,20.0,39.0,Empleado,Comercio,11 a 50 trabajadores,Si,5,3945.0
43,Hombre,Urbana,Costa,Superior universitaria,15,24.0,57.0,Empleador,Comercio,1 a 10 trabajadores,No,1,5376.0
63,Mujer,Urbana,Selva,Secundaria,10,45.0,35.0,Trabajador independiente,Servicios,1 a 10 trabajadores,No,5,1833.0
41,Mujer,Urbana,Lima Metropolitana,Secundaria,9,26.0,27.0,Empleado,Servicios,Mas de 50 trabajadores,Si,3,1566.0
45,Mujer,Urbana,Costa,Superior no universitaria,13,26.0,37.0,Obrero,Comercio,Mas de 50 trabajadores,No,7,2345.0
45,Hombre,Urbana,Sierra,Posgrado,20,18.0,51.0,Empleado,Comercio,Mas de 50 trabajadores,Si,5,4657.0
18,Mujer,Urbana,Costa,Secundaria,9,0.0,61.0,Empleado,Comercio,Mas de 50 trabajadores,Si,4,1364.0
51,Hombre,Urbana,Costa,Secundaria,8,41.0,33.0,Empleado,Servicios,1 a 10 trabajadores,No,2,1502.0
32,Mujer,Urbana,Costa,Secundaria,9,17.0,62.0,Trabajador independiente,"Administracion publica, educacion y salud",1 a 10 trabajadores,No,4,1317.0
31,Hombre,Urbana,Costa,Secundaria,11,14.0,44.0,Empleador,Comercio,1 a 10 trabajadores,No,5,1486.0
30,Mujer,Rural,Sierra,Primaria o menos,2,25.0,42.0,Trabajador independiente,Construccion,1 a 10 trabajadores,No,1,290.0
34,Mujer,Urbana,Lima Metropolitana,Secundaria,11,18.0,38.0,Empleado,"Administracion publica, educacion y salud",Mas de 50 trabajadores,Si,2,3322.0
49,Mujer,Rural,Sierra,Superior universitaria,14,30.0,40.0,Empleado,Comercio,1 a 10 trabajadores,No,3,862.0
39,Mujer,Urbana,Sierra,Secundaria,9,,47.0,Empleado,Comercio,11 a 50 trabajadores,No,7,1106.0
31,Hombre,Urbana,Sierra,Superior universitaria,17,4.0,40.0,Empleado,Comercio,1 a 10 trabajadores,Si,4,2343.0
25,Hombre,Urbana,Selva,Superior universitaria,17,4.0,49.0,Trabajador independiente,Comercio,1 a 10 trabajadores,No,4,2092.0
34,Mujer,Rural,Selva,Secundaria,9,20.0,34.0,Trabajador independiente,Manufactura,1 a 10 trabajadores,No,4,542.0
46,Hombre,Urbana,Selva,Superior no universitaria,12,31.0,69.0,Empleado,Manufactura,1 a 10 trabajadores,No,4,1576.0
40,Hombre,Rural,Sierra,Superior universitaria,17,17.0,42.0,Obrero,Agropecuario,1 a 10 trabajadores,No,3,586.0
48,Hombre,Urbana,Lima Metropolitana,Superior universitaria,14,27.0,55.0,Empleado,Manufactura,Mas de 50 trabajadores,Si,6,11668.0
38,Hombre,Urbana,Sierra,Secundaria,11,21.0,44.0,Trabajador independiente,Comercio,Mas de 50 trabajadores,No,5,1533.0
31,Hombre,Urbana,Lima Metropolitana,Superior universitaria,14,14.0,50.0,Trabajador independiente,Servicios,1 a 10 trabajadores,Si,5,3166.0
21,Mujer,Urbana,Costa,Secundaria,11,6.0,45.0,Trabajador independiente,Servicios,1 a 10 trabajadores,No,3,1597.0
49,Hombre,Urbana,Sierra,Superior universitaria,17,24.0,36.0,Empleado,Manufactura,11 a 50 trabajadores,No,4,2797.0
18,Mujer,Rural,Selva,Secundaria,7,8.0,38.0,Obrero,Agropecuario,11 a 50 trabajadores,No,2,269.0
36,Hombre,Rural,Sierra,Superior universitaria,17,13.0,31.0,Empleado,Manufactura,Mas de 50 trabajadores,Si,4,862.0
23,Mujer,Urbana,Lima Metropolitana,Superior no universitaria,13,5.0,37.0,Obrero,Construccion,Mas de 50 trabajadores,No,3,1607.0
33,Mujer,Urbana,Costa,Superior universitaria,16,16.0,47.0,Empleador,Manufactura,1 a 10 trabajadores,No,3,2855.0
24,Hombre,Urbana,Costa,Superior no universitaria,13,5.0,49.0,Empleador,"Administracion publica, educacion y salud",11 a 50 trabajadores,Si,5,3140.0
65,Hombre,Rural,Sierra,Secundaria,11,45.0,38.0,Trabajador independiente,Agropecuario,1 a 10 trabajadores,No,4,327.0
58,Hombre,Rural,Sierra,Secundaria,8,45.0,53.0,Trabajador independiente,Manufactura,1 a 10 trabajadores,No,7,245.0
52,Mujer,Urbana,Lima Metropolitana,Superior universitaria,14,33.0,40.0,Obrero,Servicios,1 a 10 trabajadores,No,3,1172.0
38,Mujer,Urbana,Lima Metropolitana,Superior no universitaria,13,22.0,,Obrero,Servicios,11 a 50 trabajadores,No,3,1423.0
30,Mujer,Urbana,Lima Metropolitana,Superior universitaria,17,8.0,57.0,Trabajador independiente,Manufactura,1 a 10 trabajadores,Si,6,4041.0
46,Hombre,Urbana,Lima Metropolitana,Secundaria,7,34.0,43.0,Empleado,"Administracion publica, educacion y salud",Mas de 50 trabajadores,Si,3,3134.0
29,Hombre,Urbana,Costa,Superior no universitaria,13,7.0,34.0,Trabajador independiente,Comercio,1 a 10 trabajadores,No,2,1582.0
18,Hombre,Rural,Sierra,Primaria o menos,3,10.0,37.0,Trabajador independiente,Agropecuario,1 a 10 trabajadores,No,5,150.0
39,Hombre,Urbana,Lima Metropolitana,Secundaria,8,29.0,59.0,Trabajador independiente,Comercio,1 a 10 trabajadores,No,5,821.0
22,Hombre,Urbana,Selva,Secundaria,7,8.0,57.0,Trabajador independiente,Manufactura,1 a 10 trabajadores,No,4,624.0
60,Mujer,Urbana,Costa,Primaria o menos,5,45.0,39.0,Trabajador independiente,"Administracion publica, educacion y salud",1 a 10 trabajadores,No,5,583.0
28,Hombre,Urbana,Costa,Superior no universitaria,12,10.0,43.0,Obrero,"Administracion publica, educacion y salud",Mas de 50 trabajadores,No,2,2001.0
28,Mujer,Urbana,Sierra,Secundaria,11,8.0,39.0,Empleado,"Administracion publica, educacion y salud",1 a 10 trabajadores,No,5,1412.0
41,Mujer,Urbana,Costa,Secundaria,7,26.0,64.0,Trabajador independiente,Servicios,1 a 10 trabajadores,No,6,547.0
60,Mujer,Urbana,Lima Metropolitana,Secundaria,8,45.0,37.0,Empleado,Servicios,Mas de 50 trabajadores,Si,7,1905.0
47,Hombre,Urbana,Lima Metropolitana,Primaria o menos,2,40.0,54.0,Trabajador independiente,Servicios,1 a 10 trabajadores,No,4,513.0
62,Mujer,Urbana,Costa,Secundaria,7,45.0,30.0,Obrero,Comercio,11 a 50 trabajadores,No,6,422.0
37,Mujer,Urbana,Costa,Superior universitaria,14,18.0,61.0,Empleado,Manufactura,11 a 50 trabajadores,No,2,2367.0
30,Hombre,Rural,Sierra,Primaria o menos,4,21.0,52.0,Trabajador independiente,Agropecuario,1 a 10 trabajadores,No,7,257.0
42,Hombre,Rural,Sierra,Primaria o menos,3,33.0,39.0,Trabajador independiente,Agropecuario,1 a 10 trabajadores,No,3,150.0
33,Mujer,Urbana,Sierra,Secundaria,8,20.0,56.0,Trabajador independiente,Manufactura,1 a 10 trabajadores,No,4,591.0
31,Mujer,Urbana,Lima Metropolitana,Superior universitaria,15,8.0,53.0,Empleado,Servicios,1 a 10 trabajadores,No,3,2353.0
57,Hombre,Urbana,Lima Metropolitana,Secundaria,7,45.0,20.0,Trabajador independiente,Servicios,1 a 10 trabajadores,No,3,846.0
45,Hombre,Urbana,Sierra,Secundaria,10,31.0,62.0,Obrero,Servicios,Mas de 50 trabajadores,No,4,1069.0
39,Hombre,Urbana,Costa,Superior no universitaria,14,16.0,33.0,Obrero,Comercio,Mas de 50 trabajadores,No,4,1443.0
18,Hombre,Urbana,Sierra,Secundaria,11,5.0,,Trabajador independiente,Agropecuario,1 a 10 trabajadores,No,3,805.0
34,Mujer,Urbana,Lima Metropolitana,Posgrado,20,8.0,35.0,Empleado,Comercio,11 a 50 trabajadores,Si,8,4260.0
45,Hombre,Rural,Sierra,Secundaria,8,26.0,51.0,Obrero,Agropecuario,1 a 10 trabajadores,No,4,372.0
26,Hombre,Rural,Sierra,Primaria o menos,5,15.0,49.0,Empleado,Comercio,1 a 10 trabajadores,No,5,346.0
18,Hombre,Rural,Sierra,Secundaria,7,3.0,52.0,Trabajador independiente,Agropecuario,1 a 10 trabajadores,No,3,150.0
50,Mujer,Rural,Sierra,Primaria o menos,3,41.0,42.0,Trabajador independiente,Servicios,1 a 10 trabajadores,No,3,269.0
32,Hombre,Urbana,Lima Metropolitana,Secundaria,11,15.0,44.0,Trabajador independiente,Servicios,1 a 10 trabajadores,No,2,1341.0
43,Hombre,Rural,Sierra,Secundaria,10,27.0,41.0,Trabajador independiente,Servicios,1 a 10 trabajadores,No,5,300.0
48,Hombre,Urbana,Costa,Secundaria,9,36.0,38.0,Empleado,"Administracion publica, educacion y salud",11 a 50 trabajadores,Si,5,1794.0
21,Hombre,Urbana,Lima Metropolitana,Primaria o menos,5,11.0,46.0,Trabajador independiente,Comercio,1 a 10 trabajadores,No,2,1143.0
56,Hombre,Urbana,Selva,Secundaria,11,37.0,30.0,Trabajador independiente,Servicios,1 a 10 trabajadores,Si,4,1926.0
40,Hombre,Urbana,Lima Metropolitana,Secundaria,9,29.0,51.0,Obrero,Construccion,Mas de 50 trabajadores,No,5,1661.0
49,Hombre,Urbana,Sierra,Superior universitaria,15,29.0,31.0,Empleado,Construccion,Mas de 50 trabajadores,Si,3,4520.0
41,Hombre,Rural,Sierra,Primaria o menos,4,32.0,55.0,Trabajador independiente,Agropecuario,1 a 10 trabajadores,No,3,251.0
44,Mujer,Urbana,Lima Metropolitana,Superior universitaria,15,21.0,61.0,Empleado,Comercio,Mas de 50 trabajadores,Si,6,8866.0
37,Hombre,Urbana,Lima Metropolitana,Secundaria,9,22.0,51.0,Empleado,Servicios,Mas de 50 trabajadores,No,6,1249.0
48,Mujer,Urbana,Costa,Superior no universitaria,14,29.0,28.0,Empleado,Manufactura,1 a 10 trabajadores,No,6,1303.0
18,Hombre,Urbana,Lima Metropolitana,Secundaria,10,3.0,80.0,Obrero,Comercio,1 a 10 trabajadores,No,4,721.0
31,Hombre,Urbana,Selva,Primaria o menos,2,23.0,39.0,Obrero,"Administracion publica, educacion y salud",11 a 50 trabajadores,Si,5,1673.0
42,Mujer,Urbana,Costa,Superior universitaria,15,17.0,40.0,Empleado,"Administracion publica, educacion y salud",1 a 10 trabajadores,Si,3,2656.0
42,Hombre,Urbana,Lima Metropolitana,Secundaria,9,26.0,27.0,Empleado,Agropecuario,1 a 10 trabajadores,No,5,1627.0
49,Hombre,Rural,Selva,Secundaria,10,33.0,35.0,Trabajador independiente,Agropecuario,1 a 10 trabajadores,Si,4,316.0
37,Hombre,Rural,Selva,Primaria o menos,5,25.0,59.0,Trabajador independiente,Agropecuario,1 a 10 trabajadores,No,6,179.0
43,Hombre,Urbana,Selva,Superior no universitaria,15,26.0,30.0,Trabajador independiente,Servicios,1 a 10 trabajadores,No,2,2823.0
40,Mujer,Urbana,Sierra,Superior universitaria,15,20.0,37.0,Trabajador independiente,Comercio,1 a 10 trabajadores,No,4,1707.0
26,Hombre,Urbana,Sierra,Secundaria,8,12.0,,Obrero,Servicios,Mas de 50 trabajadores,No,2,547.0
30,Hombre,Urbana,Lima Metropolitana,Secundaria,7,15.0,47.0,Trabajador independiente,Comercio,11 a 50 trabajadores,No,2,815.0
47,Hombre,Urbana,Lima Metropolitana,Posgrado,20,23.0,41.0,Trabajador independiente,Manufactura,1 a 10 trabajadores,No,6,3277.0
28,Hombre,Urbana,Sierra,Secundaria,8,15.0,51.0,Empleado,Comercio,1 a 10 trabajadores,No,5,1286.0
37,Hombre,Rural,Costa,Secundaria,11,22.0,44.0,Trabajador independiente,Servicios,1 a 10 trabajadores,No,4,664.0
41,Hombre,Urbana,Lima Metropolitana,Superior no universitaria,14,21.0,31.0,Empleado,Servicios,1 a 10 trabajadores,Si,5,4250.0
41,Hombre,Rural,Sierra,Primaria o menos,3,33.0,46.0,Empleado,Agropecuario,1 a 10 trabajadores,No,3,278.0
32,Mujer,Rural,Sierra,Secundaria,9,14.0,44.0,Trabajador independiente,Agropecuario,1 a 10 trabajadores,No,5,210.0
18,Mujer,Urbana,Lima Metropolitana,Secundaria,8,1.0,33.0,Obrero,Construccion,1 a 10 trabajadores,No,4,1502.0
39,Hombre,Urbana,Lima Metropolitana,Superior universitaria,15,16.0,48.0,Empleado,Construccion,1 a 10 trabajadores,No,4,4350.0
32,Hombre,Urbana,Selva,Superior universitaria,15,13.0,45.0,Trabajador independiente,"Administracion publica, educacion y salud",1 a 10 trabajadores,No,5,2224.0
49,Hombre,Urbana,Lima Metropolitana,Superior no universitaria,15,28.0,50.0,Empleado,Comercio,11 a 50 trabajadores,Si,3,4491.0
54,Hombre,Urbana,Lima Metropolitana,Superior universitaria,14,33.0,49.0,Trabajador independiente,Servicios,1 a 10 trabajadores,No,3,2430.0
45,Mujer,Urbana,Sierra,Superior universitaria,14,23.0,40.0,Empleado,Servicios,11 a 50 trabajadores,Si,5,2732.0
40,Hombre,Urbana,Lima Metropolitana,Superior universitaria,16,13.0,54.0,Empleado,"Administracion publica, educacion y salud",11 a 50 trabajadores,Si,2,6475.0
43,Hombre,Urbana,Lima Metropolitana,Superior universitaria,16,20.0,44.0,Empleado,Comercio,Mas de 50 trabajadores,Si,5,8514.0
50,Hombre,Urbana,Selva,Secundaria,7,32.0,50.0,Empleado,Construccion,1 a 10 trabajadores,Si,6,1685.0
34,Hombre,Rural,Selva,Primaria o menos,3,23.0,45.0,Obrero,Agropecuario,11 a 50 trabajadores,No,4,284.0
45,Hombre,Urbana,Sierra,Secundaria,8,31.0,51.0,Empleado,Comercio,1 a 10 trabajadores,No,6,916.0
36,Hombre,Urbana,Lima Metropolitana,Superior universitaria,14,17.0,45.0,Trabajador independiente,Servicios,1 a 10 trabajadores,No,4,2186.0
47,Mujer,Urbana,Sierra,Superior universitaria,16,27.0,26.0,Empleado,Comercio,Mas de 50 trabajadores,Si,3,3702.0
45,Hombre,Urbana,Lima Metropolitana,Secundaria,8,33.0,48.0,Obrero,Comercio,11 a 50 trabajadores,No,3,1208.0
34,Mujer,Rural,Sierra,Secundaria,10,18.0,53.0,Trabajador independiente,Agropecuario,1 a 10 trabajadores,No,5,377.0
33,Hombre,Urbana,Lima Metropolitana,Secundaria,8,20.0,33.0,Trabajador independiente,Agropecuario,1 a 10 trabajadores,No,2,449.0
56,Mujer,Urbana,Sierra,Primaria o menos,4,45.0,31.0,Trabajador independiente,Servicios,1 a 10 trabajadores,No,5,336.0
59,Mujer,Urbana,Costa,Secundaria,7,45.0,44.0,Obrero,"Administracion publica, educacion y salud",1 a 10 trabajadores,No,3,967.0
65,Mujer,Rural,Sierra,Secundaria,9,45.0,30.0,Trabajador independiente,Comercio,1 a 10 trabajadores,No,6,288.0
34,Hombre,Urbana,Selva,Primaria o menos,4,25.0,29.0,Obrero,Comercio,1 a 10 trabajadores,No,2,463.0
26,Mujer,Urbana,Sierra,Secundaria,9,8.0,50.0,Obrero,"Administracion publica, educacion y salud",Mas de 50 trabajadores,Si,7,1976.0
20,Hombre,Urbana,Lima Metropolitana,Superior universitaria,16,0.0,50.0,Empleador,Servicios,1 a 10 trabajadores,No,4,5343.0
43,Hombre,Urbana,Costa,Secundaria,11,28.0,45.0,Empleado,"Administracion publica, educacion y salud",1 a 10 trabajadores,No,2,1556.0
18,Mujer,Urbana,Costa,Secundaria,11,3.0,44.0,Trabajador independiente,Comercio,1 a 10 trabajadores,No,10,704.0
31,Hombre,Rural,Sierra,Secundaria,8,15.0,39.0,Obrero,Servicios,1 a 10 trabajadores,No,5,386.0
43,Hombre,Rural,Costa,Primaria o menos,6,33.0,58.0,Obrero,Agropecuario,11 a 50 trabajadores,No,5,330.0
48,Hombre,Rural,Selva,Secundaria,7,34.0,40.0,Trabajador independiente,Agropecuario,1 a 10 trabajadores,No,6,327.0
34,Mujer,Urbana,Costa,Superior no universitaria,14,11.0,51.0,Trabajador independiente,Servicios,1 a 10 trabajadores,No,8,1338.0
19,Mujer,Urbana,Sierra,Secundaria,7,9.0,50.0,Empleado,Comercio,1 a 10 trabajadores,No,5,677.0
36,Mujer,Rural,Sierra,Superior no universitaria,14,13.0,41.0,Trabajador independiente,"Administracion publica, educacion y salud",1 a 10 trabajadores,No,6,828.0
49,Hombre,Rural,Sierra,Secundaria,9,34.0,46.0,Obrero,Agropecuario,1 a 10 trabajadores,No,5,411.0
27,Mujer,Urbana,Sierra,Secundaria,7,10.0,54.0,Empleado,Servicios,1 a 10 trabajadores,No,2,495.0
40,Mujer,Urbana,Sierra,Secundaria,10,24.0,35.0,Empleado,Comercio,11 a 50 trabajadores,Si,6,1094.0
61,Hombre,Urbana,Costa,Posgrado,20,35.0,42.0,Empleado,Servicios,11 a 50 trabajadores,Si,7,6357.0
18,Hombre,Urbana,Lima Metropolitana,Secundaria,8,6.0,18.0,Trabajador independiente,Servicios,1 a 10 trabajadores,No,5,826.0
45,Hombre,Urbana,Costa,Superior no universitaria,15,26.0,49.0,Empleado,Construccion,11 a 50 trabajadores,No,2,3161.0
19,Hombre,Urbana,Selva,Secundaria,9,3.0,47.0,Empleado,Servicios,Mas de 50 trabajadores,Si,2,1669.0
61,Hombre,Urbana,Lima Metropolitana,Secundaria,8,45.0,70.0,Trabajador independiente,"Administracion publica, educacion y salud",1 a 10 trabajadores,No,3,1267.0
27,Hombre,Urbana,Costa,Superior no universitaria,14,6.0,55.0,Empleado,Comercio,1 a 10 trabajadores,Si,4,1545.0
50,Mujer,Urbana,Costa,Primaria o menos,2,41.0,50.0,Trabajador independiente,Comercio,1 a 10 trabajadores,,6,285.0
31,Hombre,Urbana,Sierra,Superior no universitaria,13,10.0,29.0,Obrero,Servicios,1 a 10 trabajadores,Si,4,1599.0
39,Hombre,Urbana,Lima Metropolitana,Superior universitaria,14,19.0,22.0,Empleado,Comercio,11 a 50 trabajadores,No,5,2981.0
22,Mujer,Rural,Sierra,Superior universitaria,17,0.0,48.0,Empleado,Agropecuario,Mas de 50 trabajadores,Si,4,764.0
19,Hombre,Urbana,Selva,Secundaria,8,0.0,60.0,Empleado,Construccion,1 a 10 trabajadores,No,3,933.0
38,Mujer,Urbana,Selva,Superior no universitaria,13,18.0,52.0,Trabajador independiente,Agropecuario,1 a 10 trabajadores,No,3,594.0
43,Hombre,Rural,Selva,Primaria o menos,4,29.0,49.0,Trabajador independiente,Agropecuario,1 a 10 trabajadores,No,2,264.0
39,Mujer,Urbana,Lima Metropolitana,Superior universitaria,17,15.0,29.0,Trabajador independiente,Construccion,1 a 10 trabajadores,No,3,2057.0
31,Hombre,Urbana,Lima Metropolitana,Superior universitaria,17,8.0,66.0,Obrero,Comercio,Mas de 50 trabajadores,Si,4,6064.0
51,Mujer,Urbana,Lima Metropolitana,Primaria o menos,4,42.0,51.0,Empleado,Servicios,Mas de 50 trabajadores,No,4,794.0
42,Hombre,Rural,Sierra,Primaria o menos,4,31.0,43.0,Obrero,Agropecuario,1 a 10 trabajadores,No,3,220.0
30,Mujer,Urbana,Sierra,Superior universitaria,16,10.0,38.0,Empleado,Manufactura,1 a 10 trabajadores,Si,4,3131.0
48,Mujer,Rural,Selva,Secundaria,11,32.0,67.0,Trabajador independiente,Agropecuario,1 a 10 trabajadores,No,4,267.0
35,Mujer,Urbana,Lima Metropolitana,Secundaria,9,17.0,59.0,Empleado,Construccion,1 a 10 trabajadores,Si,6,1577.0
46,Hombre,Rural,Sierra,Primaria o menos,4,38.0,36.0,Obrero,Agropecuario,1 a 10 trabajadores,No,3,360.0
35,Mujer,Urbana,Lima Metropolitana,Secundaria,7,24.0,49.0,Trabajador independiente,Servicios,1 a 10 trabajadores,No,3,736.0
39,Hombre,Urbana,Costa,Superior universitaria,14,20.0,33.0,Empleado,Comercio,Mas de 50 trabajadores,Si,3,4127.0
39,Hombre,Urbana,Sierra,Superior universitaria,15,19.0,41.0,Trabajador independiente,Agropecuario,11 a 50 trabajadores,No,2,1536.0
39,Hombre,Urbana,Sierra,Superior universitaria,16,17.0,39.0,Trabajador independiente,"Administracion publica, educacion y salud",1 a 10 trabajadores,Si,4,4362.0
44,Hombre,Rural,Sierra,Secundaria,11,32.0,48.0,Empleado,Agropecuario,11 a 50 trabajadores,No,3,717.0
52,Hombre,Urbana,Sierra,Superior universitaria,16,30.0,43.0,Empleado,Comercio,11 a 50 trabajadores,Si,3,4251.0
35,Hombre,Urbana,Costa,Superior no universitaria,12,17.0,54.0,Empleado,Comercio,1 a 10 trabajadores,No,6,1350.0
46,Hombre,Urbana,Lima Metropolitana,Secundaria,8,31.0,66.0,Obrero,Comercio,1 a 10 trabajadores,No,6,971.0
18,Hombre,Urbana,Costa,Superior universitaria,14,0.0,47.0,Empleado,Comercio,1 a 10 trabajadores,No,1,1871.0
28,Mujer,Rural,Selva,Secundaria,8,14.0,33.0,Empleado,Servicios,1 a 10 trabajadores,No,5,464.0
65,Mujer,Urbana,Costa,Superior no universitaria,15,42.0,43.0,Trabajador independiente,Construccion,1 a 10 trabajadores,No,5,1725.0
35,Mujer,Rural,Costa,Secundaria,7,24.0,35.0,Obrero,Agropecuario,1 a 10 trabajadores,No,3,291.0
28,Hombre,Rural,Sierra,Primaria o menos,5,19.0,24.0,Trabajador independiente,Servicios,1 a 10 trabajadores,No,5,390.0
34,Mujer,Urbana,Lima Metropolitana,Superior universitaria,16,9.0,52.0,Empleado,Comercio,Mas de 50 trabajadores,Si,2,5614.0
38,Mujer,Urbana,Sierra,Posgrado,20,12.0,66.0,Empleado,Manufactura,Mas de 50 trabajadores,No,6,2854.0
37,Hombre,Urbana,Costa,Superior universitaria,14,15.0,44.0,Obrero,Servicios,Mas de 50 trabajadores,No,3,2600.0
43,Hombre,Urbana,Lima Metropolitana,Superior universitaria,15,27.0,32.0,Empleado,Manufactura,1 a 10 trabajadores,No,3,4432.0
39,Mujer,Rural,Selva,Primaria o menos,6,,45.0,Trabajador independiente,Agropecuario,1 a 10 trabajadores,No,4,238.0
34,Hombre,Urbana,Sierra,Superior universitaria,15,13.0,20.0,Trabajador independiente,Manufactura,1 a 10 trabajadores,No,2,706.0
37,Hombre,Urbana,Costa,Secundaria,8,19.0,64.0,Obrero,Servicios,11 a 50 trabajadores,No,5,873.0
50,Hombre,Urbana,Costa,Secundaria,10,36.0,50.0,Empleado,Manufactura,Mas de 50 trabajadores,Si,6,3175.0
33,Mujer,Urbana,Lima Metropolitana,Secundaria,7,23.0,33.0,Obrero,"Administracion publica, educacion y salud",11 a 50 trabajadores,No,4,1854.0
47,Mujer,Rural,Costa,Primaria o menos,2,40.0,49.0,Trabajador independiente,Agropecuario,1 a 10 trabajadores,No,5,198.0
38,Mujer,Urbana,Costa,Secundaria,11,20.0,49.0,Empleado,Manufactura,Mas de 50 trabajadores,No,3,1512.0
29,Mujer,Urbana,Lima Metropolitana,Secundaria,11,12.0,24.0,Obrero,Servicios,1 a 10 trabajadores,Si,3,2067.0
18,Hombre,Urbana,Lima Metropolitana,Superior no universitaria,15,0.0,44.0,Trabajador independiente,Comercio,1 a 10 trabajadores,No,4,1552.0
44,Hombre,Urbana,Lima Metropolitana,Superior universitaria,16,22.0,45.0,Empleador,Comercio,Mas de 50 trabajadores,No,6,8517.0
36,Mujer,Urbana,Selva,Superior universitaria,17,12.0,32.0,Trabajador independiente,Servicios,1 a 10 trabajadores,No,3,1457.0
49,Mujer,Urbana,Costa,Superior no universitaria,15,27.0,46.0,Trabajador independiente,Construccion,1 a 10 trabajadores,No,3,1731.0
43,Hombre,Urbana,Lima Metropolitana,Secundaria,10,27.0,46.0,Empleado,Manufactura,1 a 10 trabajadores,No,4,1973.0
50,Hombre,Urbana,Sierra,Superior no universitaria,12,35.0,67.0,Trabajador independiente,Comercio,1 a 10 trabajadores,No,4,1988.0
50,Mujer,Urbana,Sierra,Primaria o menos,4,37.0,41.0,Empleado,Servicios,1 a 10 trabajadores,No,2,768.0
43,Mujer,Urbana,Costa,Superior no universitaria,12,24.0,48.0,Trabajador independiente,Comercio,1 a 10 trabajadores,No,5,1413.0
54,Mujer,Rural,Selva,Secundaria,7,41.0,59.0,Trabajador independiente,Comercio,1 a 10 trabajadores,No,6,374.0
36,Mujer,Urbana,Selva,Secundaria,8,23.0,51.0,Trabajador independiente,Agropecuario,1 a 10 trabajadores,No,10,667.0
61,Hombre,Urbana,Lima Metropolitana,Posgrado,18,35.0,64.0,Empleado,Comercio,Mas de 50 trabajadores,No,5,4386.0
37,Hombre,Urbana,Costa,Secundaria,11,24.0,34.0,Empleado,Servicios,Mas de 50 trabajadores,Si,5,1767.0
41,Hombre,Rural,Sierra,Primaria o menos,6,30.0,49.0,Obrero,"Administracion publica, educacion y salud",1 a 10 trabajadores,No,2,808.0
57,Hombre,Urbana,Sierra,Superior no universitaria,15,40.0,26.0,Obrero,Servicios,11 a 50 trabajadores,No,4,1110.0
55,Mujer,Urbana,Costa,Primaria o menos,6,43.0,74.0,Obrero,"Administracion publica, educacion y salud",1 a 10 trabajadores,No,5,795.0
44,Hombre,Urbana,Sierra,Secundaria,8,31.0,42.0,Trabajador independiente,Construccion,1 a 10 trabajadores,No,4,814.0
49,Hombre,Urbana,Lima Metropolitana,Superior no universitaria,14,27.0,36.0,Empleado,"Administracion publica, educacion y salud",1 a 10 trabajadores,No,5,4445.0
65,Mujer,Urbana,Selva,Superior universitaria,15,44.0,35.0,Empleado,Servicios,11 a 50 trabajadores,No,3,2176.0
20,Hombre,Rural,Sierra,Superior no universitaria,13,4.0,20.0,Trabajador independiente,Servicios,1 a 10 trabajadores,No,3,372.0
45,Mujer,Urbana,Lima Metropolitana,Superior universitaria,15,26.0,30.0,Empleado,Servicios,11 a 50 trabajadores,Si,6,4365.0
53,Hombre,Urbana,Sierra,Superior no universitaria,14,35.0,37.0,Empleado,Manufactura,11 a 50 trabajadores,No,6,2413.0
32,Mujer,Urbana,Lima Metropolitana,Superior universitaria,16,11.0,57.0,Trabajador independiente,Comercio,1 a 10 trabajadores,Si,3,5153.0
49,Hombre,Urbana,Lima Metropolitana,Secundaria,10,,42.0,Obrero,Manufactura,11 a 50 trabajadores,No,5,2012.0
36,Mujer,Urbana,Lima Metropolitana,Secundaria,7,23.0,55.0,Empleado,Agropecuario,11 a 50 trabajadores,No,2,1237.0
41,Hombre,Rural,Costa,Secundaria,11,24.0,22.0,Trabajador independiente,Servicios,1 a 10 trabajadores,No,7,436.0
27,Mujer,Urbana,Lima Metropolitana,Superior universitaria,15,8.0,46.0,Empleado,Servicios,1 a 10 trabajadores,Si,2,4040.0
60,Mujer,Rural,Sierra,Primaria o menos,3,45.0,44.0,Trabajador independiente,Comercio,1 a 10 trabajadores,No,5,279.0
49,Hombre,Urbana,Sierra,Secundaria,11,30.0,71.0,Trabajador independiente,Servicios,1 a 10 trabajadores,No,5,744.0
28,Hombre,Urbana,Lima Metropolitana,Superior universitaria,16,6.0,41.0,Empleado,Manufactura,11 a 50 trabajadores,No,4,3726.0
18,Hombre,Urbana,Costa,Primaria o menos,3,8.0,59.0,Empleado,Manufactura,1 a 10 trabajadores,Si,6,1134.0
40,Hombre,Urbana,Selva,Secundaria,7,26.0,41.0,Empleado,Comercio,Mas de 50 trabajadores,No,2,699.0
42,Mujer,Urbana,Costa,Primaria o menos,2,35.0,28.0,Empleado,Comercio,1 a 10 trabajadores,No,1,586.0
28,Hombre,Urbana,Costa,Secundaria,8,10.0,27.0,Empleado,Comercio,Mas de 50 trabajadores,Si,4,1403.0
40,Mujer,Urbana,Lima Metropolitana,Primaria o menos,6,28.0,37.0,Empleado,Servicios,1 a 10 trabajadores,No,5,541.0
46,Hombre,Urbana,Lima Metropolitana,Superior universitaria,16,24.0,33.0,Empleado,"Administracion publica, educacion y salud",1 a 10 trabajadores,Si,1,5927.0
49,Hombre,Urbana,Costa,Secundaria,7,39.0,34.0,Obrero,Servicios,11 a 50 trabajadores,Si,5,821.0
41,Hombre,Urbana,Costa,Superior no universitaria,13,23.0,60.0,Trabajador independiente,Comercio,1 a 10 trabajadores,No,5,1340.0
43,Mujer,Rural,Costa,Primaria o menos,3,30.0,31.0,Trabajador independiente,Agropecuario,1 a 10 trabajadores,No,9,150.0
53,Hombre,Rural,Sierra,Secundaria,11,36.0,37.0,Empleador,Agropecuario,11 a 50 trabajadores,No,4,714.0
47,Hombre,Urbana,Lima Metropolitana,Superior universitaria,16,26.0,66.0,Empleado,Construccion,1 a 10 trabajadores,Si,4,8340.0
24,Mujer,Rural,Costa,Primaria o menos,2,12.0,33.0,Trabajador independiente,Agropecuario,1 a 10 trabajadores,Si,2,160.0
23,Mujer,Urbana,Lima Metropolitana,Secundaria,7,10.0,25.0,Trabajador independiente,"Administracion publica, educacion y salud",1 a 10 trabajadores,No,4,832.0
25,Mujer,Urbana,Lima Metropolitana,Superior universitaria,17,2.0,28.0,Empleado,Servicios,Mas de 50 trabajadores,Si,6,8957.0
35,Hombre,Urbana,Sierra,Primaria o menos,4,21.0,46.0,Obrero,Comercio,Mas de 50 trabajadores,Si,3,552.0
41,Mujer,Rural,Sierra,Primaria o menos,2,32.0,37.0,Trabajador independiente,Agropecuario,1 a 10 trabajadores,No,7,233.0
39,Mujer,Urbana,Lima Metropolitana,Superior no universitaria,14,18.0,50.0,Trabajador independiente,Servicios,1 a 10 trabajadores,No,3,3183.0
43,Hombre,Urbana,Costa,Superior universitaria,17,20.0,44.0,Empleado,Comercio,11 a 50 trabajadores,Si,7,5333.0
28,Hombre,Urbana,Lima Metropolitana,Superior no universitaria,12,6.0,32.0,Empleador,Manufactura,1 a 10 trabajadores,No,4,1397.0
53,Hombre,Urbana,Sierra,Superior no universitaria,13,35.0,42.0,Obrero,Servicios,1 a 10 trabajadores,No,5,1222.0
46,Hombre,Urbana,Lima Metropolitana,Secundaria,11,31.0,46.0,Empleado,Comercio,1 a 10 trabajadores,No,3,2261.0
42,Hombre,Rural,Sierra,Superior no universitaria,15,20.0,52.0,Obrero,Agropecuario,1 a 10 trabajadores,No,7,625.0
33,Hombre,Rural,Selva,Primaria o menos,3,26.0,55.0,Obrero,Agropecuario,1 a 10 trabajadores,No,5,234.0
22,Hombre,Urbana,Selva,Superior universitaria,14,1.0,53.0,Trabajador independiente,Servicios,1 a 10 trabajadores,Si,4,2026.0
65,Mujer,Rural,Sierra,Secundaria,11,45.0,31.0,Trabajador independiente,Agropecuario,1 a 10 trabajadores,No,3,253.0
38,Hombre,Urbana,Lima Metropolitana,Superior universitaria,16,17.0,37.0,Trabajador independiente,Servicios,1 a 10 trabajadores,No,5,3004.0
36,Hombre,Rural,Sierra,Primaria o menos,4,23.0,65.0,Trabajador independiente,Agropecuario,1 a 10 trabajadores,No,2,150.0
21,Mujer,Urbana,Costa,Secundaria,7,11.0,44.0,Empleado,Manufactura,11 a 50 trabajadores,Si,5,1002.0
50,Mujer,Urbana,Sierra,Secundaria,10,35.0,46.0,Trabajador independiente,Construccion,1 a 10 trabajadores,No,3,756.0
46,Mujer,Urbana,Costa,Superior universitaria,15,24.0,38.0,Empleado,Manufactura,11 a 50 trabajadores,Si,3,5006.0
60,Hombre,Urbana,Selva,Secundaria,11,44.0,36.0,Trabajador independiente,"Administracion publica, educacion y salud",1 a 10 trabajadores,No,3,1585.0
29,Hombre,Urbana,Sierra,Secundaria,9,13.0,36.0,Trabajador independiente,Comercio,1 a 10 trabajadores,No,4,628.0
18,Hombre,Urbana,Costa,Superior no universitaria,14,0.0,41.0,Obrero,Construccion,Mas de 50 trabajadores,Si,2,2221.0
45,Hombre,Urbana,Lima Metropolitana,Superior universitaria,14,24.0,56.0,Trabajador independiente,Comercio,1 a 10 trabajadores,No,3,2265.0
49,Hombre,Urbana,Lima Metropolitana,Superior universitaria,14,35.0,34.0,Empleado,Servicios,1 a 10 trabajadores,Si,3,4044.0
43,Hombre,Urbana,Lima Metropolitana,Superior universitaria,16,23.0,36.0,Empleado,Comercio,1 a 10 trabajadores,Si,6,6830.0
27,Mujer,Urbana,Selva,Secundaria,10,8.0,70.0,Empleado,Comercio,1 a 10 trabajadores,No,3,1108.0
51,Hombre,Urbana,Sierra,Posgrado,17,32.0,42.0,Empleado,Comercio,11 a 50 trabajadores,Si,6,4536.0
22,Hombre,Rural,Sierra,Primaria o menos,2,13.0,36.0,Obrero,Agropecuario,1 a 10 trabajadores,No,10,197.0
35,Hombre,Urbana,Lima Metropolitana,Secundaria,11,18.0,35.0,Obrero,"Administracion publica, educacion y salud",1 a 10 trabajadores,No,4,1241.0
39,Mujer,Rural,Sierra,Secundaria,9,20.0,48.0,Trabajador independiente,Agropecuario,1 a 10 trabajadores,No,5,282.0
46,Hombre,Urbana,Costa,Primaria o menos,3,38.0,40.0,Trabajador independiente,"Administracion publica, educacion y salud",1 a 10 trabajadores,Si,3,587.0
56,Mujer,Urbana,Lima Metropolitana,Posgrado,17,33.0,40.0,Trabajador independiente,Comercio,1 a 10 trabajadores,No,4,2577.0
42,Hombre,Urbana,Costa,Superior no universitaria,15,19.0,32.0,Empleado,Comercio,11 a 50 trabajadores,Si,5,4312.0
41,Mujer,Urbana,Sierra,Superior universitaria,14,24.0,64.0,Empleado,Comercio,11 a 50 trabajadores,No,7,1477.0
32,Hombre,Urbana,Sierra,Superior universitaria,17,12.0,78.0,Trabajador independiente,Manufactura,1 a 10 trabajadores,No,7,1793.0
61,Mujer,Urbana,Lima Metropolitana,Superior universitaria,17,36.0,68.0,Empleado,"Administracion publica, educacion y salud",1 a 10 trabajadores,No,2,4109.0
53,Hombre,Rural,Sierra,Secundaria,11,37.0,33.0,Obrero,Agropecuario,Mas de 50 trabajadores,No,8,611.0
35,Mujer,Rural,Sierra,Secundaria,7,19.0,46.0,Trabajador independiente,Agropecuario,1 a 10 trabajadores,No,3,163.0
32,Hombre,Urbana,Lima Metropolitana,Secundaria,9,17.0,44.0,Trabajador independiente,Agropecuario,1 a 10 trabajadores,No,4,446.0
42,Mujer,Urbana,Costa,Superior no universitaria,14,25.0,45.0,Empleado,"Administracion publica, educacion y salud",Mas de 50 trabajadores,Si,3,5170.0
46,Mujer,Urbana,Costa,Superior no universitaria,12,26.0,46.0,Trabajador independiente,Servicios,1 a 10 trabajadores,Si,2,1228.0
50,Mujer,Urbana,Lima Metropolitana,Superior universitaria,16,28.0,60.0,Trabajador independiente,Construccion,1 a 10 trabajadores,No,6,3570.0
39,Mujer,Rural,Sierra,Secundaria,9,25.0,17.0,Trabajador independiente,Agropecuario,1 a 10 trabajadores,No,5,150.0
23,Mujer,Urbana,Lima Metropolitana,Superior universitaria,16,3.0,50.0,Empleado,Comercio,Mas de 50 trabajadores,Si,5,4685.0
21,Mujer,Urbana,Costa,Secundaria,8,3.0,31.0,Empleado,Manufactura,11 a 50 trabajadores,Si,7,1016.0
48,Mujer,Urbana,Sierra,Superior no universitaria,12,29.0,52.0,Trabajador independiente,Comercio,1 a 10 trabajadores,No,2,1233.0
36,Hombre,Urbana,Costa,Primaria o menos,5,25.0,33.0,Empleado,Construccion,1 a 10 trabajadores,No,5,746.0
36,Hombre,Rural,Sierra,Superior no universitaria,15,15.0,43.0,Trabajador independiente,Agropecuario,1 a 10 trabajadores,No,4,401.0
65,Hombre,Urbana,Lima Metropolitana,Secundaria,10,45.0,48.0,Trabajador independiente,Construccion,1 a 10 trabajadores,No,4,1934.0
50,Mujer,Urbana,Sierra,Superior no universitaria,12,30.0,54.0,Obrero,"Administracion publica, educacion y salud",11 a 50 trabajadores,No,4,1998.0
36,Hombre,Urbana,Sierra,Superior no universitaria,14,16.0,34.0,Trabajador independiente,"Administracion publica, educacion y salud",Mas de 50 trabajadores,No,6,2325.0
40,Mujer,Urbana,Selva,Secundaria,7,28.0,84.0,Obrero,Servicios,Mas de 50 trabajadores,No,4,1054.0
55,Mujer,Urbana,Lima Metropolitana,Secundaria,10,37.0,29.0,Trabajador independiente,"Administracion publica, educacion y salud",1 a 10 trabajadores,No,4,893.0
39,Hombre,Rural,Selva,Primaria o menos,3,27.0,37.0,Trabajador independiente,Agropecuario,1 a 10 trabajadores,No,4,161.0
35,Hombre,Rural,Sierra,Primaria o menos,3,27.0,31.0,Trabajador independiente,Agropecuario,1 a 10 trabajadores,No,2,150.0
43,Mujer,Urbana,Costa,Superior universitaria,16,20.0,48.0,Trabajador independiente,Servicios,1 a 10 trabajadores,No,4,2724.0
53,Mujer,Urbana,Lima Metropolitana,Secundaria,10,35.0,45.0,Trabajador independiente,Servicios,1 a 10 trabajadores,Si,4,1021.0
30,Mujer,Urbana,Selva,Superior universitaria,16,12.0,32.0,Empleado,Servicios,Mas de 50 trabajadores,Si,4,5236.0
46,Hombre,Urbana,Costa,Superior universitaria,14,29.0,49.0,Empleado,Comercio,1 a 10 trabajadores,Si,3,4789.0
48,Mujer,Urbana,Selva,Superior universitaria,15,29.0,60.0,Trabajador independiente,Servicios,1 a 10 trabajadores,Si,7,2605.0
22,Mujer,Urbana,Costa,Secundaria,7,4.0,13.0,Obrero,Agropecuario,Mas de 50 trabajadores,No,5,582.0
33,Mujer,Urbana,Costa,Superior no universitaria,12,15.0,46.0,Trabajador independiente,Servicios,1 a 10 trabajadores,No,5,1324.0
44,Hombre,Urbana,Sierra,Secundaria,10,27.0,40.0,Obrero,Construccion,1 a 10 trabajadores,No,6,1126.0
37,Mujer,Urbana,Lima Metropolitana,Superior universitaria,15,17.0,39.0,Empleado,Servicios,11 a 50 trabajadores,No,4,3648.0
47,Hombre,Urbana,Lima Metropolitana,Superior no universitaria,13,30.0,48.0,Empleado,"Administracion publica, educacion y salud",11 a 50 trabajadores,Si,3,4388.0
41,Mujer,Urbana,Costa,Superior universitaria,15,19.0,27.0,Empleado,Construccion,1 a 10 trabajadores,No,5,1402.0
56,Hombre,Urbana,Costa,Secundaria,10,36.0,49.0,Obrero,Comercio,11 a 50 trabajadores,Si,6,2675.0
41,Hombre,Rural,Selva,Primaria o menos,5,29.0,28.0,Trabajador independiente,Agropecuario,1 a 10 trabajadores,No,6,184.0
45,Mujer,Urbana,Costa,Superior universitaria,14,27.0,47.0,Empleado,Manufactura,11 a 50 trabajadores,Si,3,3753.0
44,Hombre,Rural,Costa,Superior universitaria,14,22.0,45.0,Trabajador independiente,Agropecuario,1 a 10 trabajadores,No,5,878.0
28,Hombre,Urbana,Lima Metropolitana,Secundaria,11,12.0,42.0,Empleado,Comercio,11 a 50 trabajadores,No,3,1380.0
45,Mujer,Urbana,Selva,Superior no universitaria,12,26.0,65.0,Trabajador independiente,"Administracion publica, educacion y salud",1 a 10 trabajadores,No,4,1741.0
28,Hombre,Urbana,Costa,Secundaria,11,12.0,68.0,Empleado,Servicios,Mas de 50 trabajadores,Si,7,2015.0
28,Mujer,Rural,Sierra,Secundaria,8,10.0,28.0,Obrero,"Administracion publica, educacion y salud",1 a 10 trabajadores,No,4,428.0
19,Hombre,Urbana,Costa,Secundaria,7,9.0,46.0,Empleado,Comercio,1 a 10 trabajadores,No,1,1155.0
62,Hombre,Urbana,Sierra,Secundaria,9,45.0,48.0,Obrero,"Administracion publica, educacion y salud",11 a 50 trabajadores,Si,3,2186.0
60,Hombre,Urbana,Costa,Secundaria,9,39.0,73.0,Empleado,Servicios,Mas de 50 trabajadores,No,4,2371.0
41,Hombre,Rural,Sierra,Primaria o menos,6,30.0,61.0,Empleado,Agropecuario,1 a 10 trabajadores,No,7,239.0
28,Mujer,Rural,Sierra,Primaria o menos,3,21.0,40.0,Trabajador independiente,Agropecuario,1 a 10 trabajadores,No,6,226.0
48,Hombre,Rural,Costa,Superior universitaria,16,27.0,51.0,Empleado,Agropecuario,1 a 10 trabajadores,No,6,1123.0
36,Hombre,Urbana,Costa,Secundaria,7,20.0,,Obrero,Agropecuario,Mas de 50 trabajadores,No,3,822.0
31,Mujer,Rural,Costa,Secundaria,10,15.0,38.0,Empleado,"Administracion publica, educacion y salud",1 a 10 trabajadores,No,2,503.0
55,Hombre,Urbana,Costa,Secundaria,8,41.0,56.0,Trabajador independiente,Servicios,1 a 10 trabajadores,No,4,888.0
37,Mujer,Urbana,Lima Metropolitana,Secundaria,10,20.0,59.0,Empleado,Agropecuario,Mas de 50 trabajadores,Si,4,2684.0
37,Hombre,Urbana,Sierra,Superior no universitaria,15,13.0,49.0,Trabajador independiente,Comercio,Mas de 50 trabajadores,No,2,1535.0
23,Mujer,Urbana,Lima Metropolitana,Secundaria,11,2.0,36.0,Empleado,Comercio,Mas de 50 trabajadores,Si,2,2269.0
48,Mujer,Urbana,Costa,Superior universitaria,14,28.0,39.0,Empleado,Servicios,1 a 10 trabajadores,Si,3,2150.0
44,Hombre,Urbana,Selva,Posgrado,17,19.0,42.0,Empleado,Servicios,Mas de 50 trabajadores,Si,1,13729.0
51,Hombre,Urbana,Sierra,Secundaria,9,37.0,53.0,Empleado,Servicios,Mas de 50 trabajadores,No,4,1586.0
39,Mujer,Rural,Sierra,Primaria o menos,4,28.0,47.0,Trabajador independiente,"Administracion publica, educacion y salud",11 a 50 trabajadores,No,2,412.0
32,Mujer,Urbana,Costa,Superior no universitaria,13,12.0,48.0,Trabajador independiente,Servicios,1 a 10 trabajadores,No,5,1282.0
18,Hombre,Urbana,Lima Metropolitana,Superior universitaria,15,0.0,65.0,Empleado,Servicios,11 a 50 trabajadores,No,4,2317.0
40,Mujer,Urbana,Lima Metropolitana,Superior universitaria,15,18.0,32.0,Empleador,"Administracion publica, educacion y salud",1 a 10 trabajadores,Si,7,5160.0
65,Hombre,Urbana,Selva,Superior universitaria,17,42.0,27.0,Trabajador independiente,Manufactura,1 a 10 trabajadores,No,9,1689.0
37,Mujer,Urbana,Costa,Secundaria,9,25.0,58.0,Empleado,Manufactura,11 a 50 trabajadores,No,4,1743.0
20,Mujer,Rural,Sierra,Secundaria,9,6.0,37.0,Trabajador independiente,Comercio,1 a 10 trabajadores,No,3,355.0
39,Hombre,Urbana,Lima Metropolitana,Superior universitaria,14,19.0,35.0,Empleado,"Administracion publica, educacion y salud",1 a 10 trabajadores,No,8,2533.0
36,Mujer,Urbana,Lima Metropolitana,Primaria o menos,2,27.0,52.0,Obrero,Servicios,11 a 50 trabajadores,No,3,566.0
46,Mujer,Urbana,Costa,Superior no universitaria,13,27.0,45.0,Empleado,Comercio,1 a 10 trabajadores,No,4,1989.0
55,Mujer,Urbana,Lima Metropolitana,Secundaria,8,44.0,36.0,Trabajador independiente,Construccion,1 a 10 trabajadores,No,2,1078.0
54,Mujer,Urbana,Selva,Superior no universitaria,15,35.0,59.0,Empleado,Manufactura,1 a 10 trabajadores,No,2,1127.0
32,Hombre,Rural,Sierra,Secundaria,11,16.0,50.0,Trabajador independiente,Agropecuario,1 a 10 trabajadores,No,4,261.0
40,Hombre,Urbana,Sierra,Superior universitaria,14,21.0,39.0,Trabajador independiente,Servicios,11 a 50 trabajadores,No,5,1972.0
61,Hombre,Urbana,Sierra,Secundaria,10,45.0,33.0,Empleado,Construccion,Mas de 50 trabajadores,No,1,2018.0
58,Hombre,Rural,Sierra,Secundaria,7,45.0,46.0,Trabajador independiente,Agropecuario,1 a 10 trabajadores,No,3,495.0
41,Mujer,Rural,Sierra,Primaria o menos,5,30.0,32.0,Trabajador independiente,Construccion,1 a 10 trabajadores,No,3,325.0
58,Mujer,Urbana,Sierra,Secundaria,11,38.0,45.0,Obrero,"Administracion publica, educacion y salud",11 a 50 trabajadores,No,2,1377.0
23,Mujer,Urbana,Costa,Secundaria,9,7.0,22.0,Empleado,Servicios,11 a 50 trabajadores,No,4,1026.0
37,Hombre,Urbana,Costa,Superior universitaria,17,12.0,70.0,Trabajador independiente,Servicios,1 a 10 trabajadores,Si,3,3850.0
30,Hombre,Rural,Selva,Primaria o menos,3,20.0,50.0,Trabajador independiente,Agropecuario,1 a 10 trabajadores,No,5,216.0
45,Hombre,Urbana,Sierra,Secundaria,11,32.0,45.0,Empleado,Comercio,1 a 10 trabajadores,No,7,1538.0
39,Hombre,Urbana,Lima Metropolitana,Secundaria,8,28.0,50.0,Trabajador independiente,Manufactura,1 a 10 trabajadores,No,7,786.0
36,Mujer,Urbana,Selva,Superior universitaria,14,18.0,34.0,Empleado,Manufactura,11 a 50 trabajadores,Si,2,2683.0
50,Mujer,Urbana,Lima Metropolitana,Secundaria,10,35.0,16.0,Obrero,Comercio,Mas de 50 trabajadores,No,4,1149.0
26,Hombre,Urbana,Costa,Superior universitaria,17,2.0,43.0,Obrero,Servicios,Mas de 50 trabajadores,Si,6,8340.0
25,Mujer,Rural,Sierra,Primaria o menos,5,18.0,43.0,Trabajador independiente,Agropecuario,1 a 10 trabajadores,No,4,235.0
42,Mujer,Urbana,Lima Metropolitana,Superior universitaria,15,19.0,49.0,Empleado,"Administracion publica, educacion y salud",Mas de 50 trabajadores,Si,5,8994.0
27,Mujer,Urbana,Costa,Secundaria,9,11.0,50.0,Obrero,Servicios,1 a 10 trabajadores,,3,754.0
34,Hombre,Urbana,Lima Metropolitana,Secundaria,11,17.0,38.0,Empleado,Servicios,1 a 10 trabajadores,No,3,1488.0
31,Mujer,Urbana,Sierra,Superior universitaria,14,12.0,31.0,Empleado,Servicios,Mas de 50 trabajadores,Si,3,4729.0
59,Hombre,Urbana,Costa,Secundaria,8,44.0,63.0,Empleado,Agropecuario,1 a 10 trabajadores,No,3,721.0
58,Hombre,Urbana,Costa,Superior universitaria,14,40.0,59.0,Trabajador independiente,Manufactura,11 a 50 trabajadores,No,4,1422.0
54,Mujer,Urbana,Lima Metropolitana,Superior universitaria,17,34.0,36.0,Trabajador independiente,Comercio,1 a 10 trabajadores,No,6,2372.0
52,Hombre,Rural,Sierra,Primaria o menos,3,43.0,29.0,Trabajador independiente,Manufactura,1 a 10 trabajadores,No,9,381.0
32,Mujer,Urbana,Costa,Superior universitaria,17,9.0,41.0,Empleado,Manufactura,1 a 10 trabajadores,No,2,3200.0
39,Mujer,Urbana,Costa,Superior no universitaria,12,19.0,59.0,Obrero,"Administracion publica, educacion y salud",Mas de 50 trabajadores,Si,8,4485.0
23,Hombre,Urbana,Sierra,Superior universitaria,14,3.0,41.0,Trabajador independiente,Servicios,1 a 10 trabajadores,No,3,925.0
37,Hombre,Urbana,Selva,Secundaria,7,26.0,61.0,Trabajador independiente,Construccion,11 a 50 trabajadores,No,6,530.0
41,Mujer,Urbana,Lima Metropolitana,Secundaria,10,27.0,31.0,Empleado,"Administracion publica, educacion y salud",Mas de 50 trabajadores,Si,6,2462.0
24,Mujer,Rural,Selva,Secundaria,7,8.0,34.0,Trabajador independiente,"Administracion publica, educacion y salud",1 a 10 trabajadores,No,5,512.0
27,Mujer,Rural,Selva,Secundaria,10,11.0,24.0,Trabajador independiente,Agropecuario,1 a 10 trabajadores,No,4,150.0
33,Mujer,Urbana,Costa,Superior no universitaria,14,13.0,53.0,Trabajador independiente,"Administracion publica, educacion y salud",1 a 10 trabajadores,No,2,2605.0
39,Hombre,Urbana,Lima Metropolitana,Superior universitaria,16,13.0,35.0,Empleado,Manufactura,Mas de 50 trabajadores,No,3,5195.0
32,Mujer,Urbana,Lima Metropolitana,Secundaria,10,13.0,47.0,Trabajador independiente,Manufactura,1 a 10 trabajadores,No,1,784.0
53,Hombre,Urbana,Lima Metropolitana,Superior universitaria,14,33.0,30.0,Empleado,Servicios,1 a 10 trabajadores,Si,5,1717.0
33,Hombre,Urbana,Sierra,Primaria o menos,5,24.0,48.0,Trabajador independiente,Construccion,1 a 10 trabajadores,No,4,771.0
36,Hombre,Rural,Selva,Secundaria,7,24.0,49.0,Trabajador independiente,Agropecuario,1 a 10 trabajadores,No,7,236.0
41,Mujer,Urbana,Sierra,Primaria o menos,5,30.0,51.0,Trabajador independiente,Manufactura,1 a 10 trabajadores,Si,7,725.0
30,Hombre,Urbana,Lima Metropolitana,Secundaria,8,16.0,27.0,Empleado,Comercio,11 a 50 trabajadores,No,6,1177.0
34,Hombre,Urbana,Lima Metropolitana,Secundaria,9,20.0,56.0,Obrero,Comercio,1 a 10 trabajadores,No,6,1547.0
65,Mujer,Rural,Selva,Primaria o menos,2,45.0,30.0,Trabajador independiente,Servicios,1 a 10 trabajadores,No,5,178.0
34,Mujer,Urbana,Sierra,Superior no universitaria,13,17.0,31.0,Trabajador independiente,"Administracion publica, educacion y salud",1 a 10 trabajadores,No,7,1604.0
26,Mujer,Urbana,Costa,Superior universitaria,16,3.0,50.0,Empleado,Servicios,1 a 10 trabajadores,Si,4,2451.0
35,Hombre,Urbana,Lima Metropolitana,Superior no universitaria,15,11.0,56.0,Trabajador independiente,Construccion,1 a 10 trabajadores,No,5,2664.0
49,Hombre,Urbana,Lima Metropolitana,Superior universitaria,15,25.0,49.0,Empleado,Servicios,11 a 50 trabajadores,Si,2,6319.0
18,Mujer,Urbana,Lima Metropolitana,Secundaria,9,6.0,50.0,Trabajador independiente,Comercio,1 a 10 trabajadores,No,2,855.0
41,Hombre,Rural,Costa,Secundaria,9,27.0,52.0,Trabajador independiente,"Administracion publica, educacion y salud",11 a 50 trabajadores,No,7,504.0
27,Mujer,Urbana,Costa,Superior universitaria,17,5.0,49.0,Trabajador independiente,Comercio,1 a 10 trabajadores,Si,4,2424.0
34,Mujer,Urbana,Lima Metropolitana,Superior no universitaria,15,14.0,53.0,Trabajador independiente,"Administracion publica, educacion y salud",1 a 10 trabajadores,No,1,4247.0
23,Hombre,Urbana,Sierra,Secundaria,11,9.0,30.0,Empleado,"Administracion publica, educacion y salud",1 a 10 trabajadores,No,3,805.0
53,Hombre,Urbana,Costa,Superior no universitaria,15,36.0,54.0,Empleado,Comercio,11 a 50 trabajadores,No,6,2290.0
28,Hombre,Rural,Selva,Posgrado,17,7.0,33.0,Trabajador independiente,"Administracion publica, educacion y salud",1 a 10 trabajadores,No,2,971.0
40,Mujer,Urbana,Costa,Secundaria,9,23.0,35.0,Trabajador independiente,Comercio,1 a 10 trabajadores,No,4,915.0
52,Hombre,Urbana,Costa,Superior no universitaria,13,34.0,41.0,Trabajador independiente,Comercio,1 a 10 trabajadores,No,2,863.0
18,Hombre,Rural,Sierra,Primaria o menos,2,7.0,55.0,Obrero,Agropecuario,1 a 10 trabajadores,No,6,315.0
36,Hombre,Rural,Sierra,Primaria o menos,4,,51.0,Obrero,"Administracion publica, educacion y salud",11 a 50 trabajadores,No,3,387.0
40,Mujer,Urbana,Lima Metropolitana,Superior universitaria,14,24.0,49.0,Empleado,Construccion,Mas de 50 trabajadores,Si,3,6625.0
18,Hombre,Urbana,Lima Metropolitana,Superior no universitaria,14,0.0,58.0,Trabajador independiente,"Administracion publica, educacion y salud",1 a 10 trabajadores,No,3,1461.0
33,Hombre,Urbana,Lima Metropolitana,Secundaria,8,19.0,45.0,Obrero,Manufactura,11 a 50 trabajadores,No,7,893.0
45,Mujer,Rural,Sierra,Secundaria,7,29.0,45.0,Trabajador independiente,"Administracion publica, educacion y salud",1 a 10 trabajadores,,3,1080.0
51,Hombre,Urbana,Lima Metropolitana,Secundaria,8,40.0,41.0,Empleador,Servicios,11 a 50 trabajadores,No,9,2018.0
26,Mujer,Urbana,Lima Metropolitana,Superior universitaria,17,2.0,41.0,Trabajador independiente,"Administracion publica, educacion y salud",1 a 10 trabajadores,No,1,5168.0
38,Hombre,Urbana,Sierra,Secundaria,10,20.0,49.0,Empleado,Servicios,1 a 10 trabajadores,No,7,1182.0
38,Hombre,Urbana,Lima Metropolitana,Superior universitaria,14,13.0,56.0,Obrero,Construccion,1 a 10 trabajadores,No,4,3869.0
37,Hombre,Urbana,Lima Metropolitana,Superior universitaria,14,17.0,34.0,Trabajador independiente,"Administracion publica, educacion y salud",1 a 10 trabajadores,No,9,4890.0
50,Hombre,Urbana,Costa,Superior no universitaria,15,30.0,49.0,Trabajador independiente,Construccion,1 a 10 trabajadores,No,4,1707.0
35,Mujer,Rural,Sierra,Secundaria,9,18.0,47.0,Trabajador independiente,"Administracion publica, educacion y salud",1 a 10 trabajadores,No,2,369.0
41,Mujer,Urbana,Sierra,Superior universitaria,16,16.0,38.0,Empleado,Manufactura,11 a 50 trabajadores,Si,5,4144.0
41,Hombre,Urbana,Sierra,Secundaria,9,26.0,24.0,Trabajador independiente,Comercio,1 a 10 trabajadores,No,5,1098.0
39,Mujer,Rural,Sierra,Primaria o menos,3,31.0,37.0,Trabajador independiente,Agropecuario,1 a 10 trabajadores,No,5,162.0
52,Mujer,Urbana,Selva,Superior no universitaria,13,31.0,40.0,Empleado,Servicios,1 a 10 trabajadores,No,2,2390.0
44,Hombre,Urbana,Selva,Superior universitaria,14,25.0,27.0,Empleado,Servicios,11 a 50 trabajadores,Si,1,3244.0
54,Hombre,Urbana,Lima Metropolitana,Superior universitaria,15,35.0,43.0,Empleado,Servicios,Mas de 50 trabajadores,Si,2,7331.0
54,Mujer,Urbana,Selva,Superior universitaria,17,33.0,49.0,Empleado,Comercio,Mas de 50 trabajadores,No,7,2642.0
41,Hombre,Rural,Sierra,Primaria o menos,6,32.0,17.0,Trabajador independiente,Construccion,1 a 10 trabajadores,No,4,278.0
28,Mujer,Rural,Sierra,Secundaria,10,8.0,47.0,Trabajador independiente,Servicios,1 a 10 trabajadores,No,5,333.0
40,Mujer,Urbana,Sierra,Secundaria,8,24.0,44.0,Obrero,"Administracion publica, educacion y salud",1 a 10 trabajadores,No,6,783.0
47,Mujer,Urbana,Lima Metropolitana,Secundaria,10,30.0,31.0,Obrero,"Administracion publica, educacion y salud",11 a 50 trabajadores,Si,3,1210.0
49,Mujer,Rural,Sierra,Primaria o menos,3,42.0,42.0,Trabajador independiente,Agropecuario,1 a 10 trabajadores,No,4,189.0
47,Mujer,Urbana,Costa,Superior no universitaria,12,31.0,50.0,Trabajador independiente,Servicios,1 a 10 trabajadores,No,2,794.0
41,Hombre,Urbana,Sierra,Secundaria,11,23.0,49.0,Trabajador independiente,"Administracion publica, educacion y salud",Mas de 50 trabajadores,No,5,2716.0
33,Hombre,Rural,Selva,Secundaria,8,21.0,48.0,Empleador,Servicios,1 a 10 trabajadores,No,7,1151.0
33,Mujer,Urbana,Costa,Superior no universitaria,12,17.0,49.0,Trabajador independiente,Manufactura,1 a 10 trabajadores,No,3,957.0
34,Mujer,Rural,Selva,Secundaria,10,19.0,19.0,Obrero,Construccion,1 a 10 trabajadores,No,3,286.0
18,Mujer,Urbana,Lima Metropolitana,Superior no universitaria,15,0.0,58.0,Trabajador independiente,"Administracion publica, educacion y salud",1 a 10 trabajadores,No,3,3114.0
48,Hombre,Urbana,Selva,Secundaria,7,36.0,34.0,Trabajador independiente,Manufactura,1 a 10 trabajadores,No,3,550.0
42,Hombre,Urbana,Lima Metropolitana,Superior universitaria,17,16.0,31.0,Empleado,Comercio,Mas de 50 trabajadores,Si,5,7962.0
58,Mujer,Rural,Sierra,Primaria o menos,6,42.0,61.0,Obrero,Agropecuario,1 a 10 trabajadores,No,6,272.0
27,Hombre,Urbana,Costa,Secundaria,11,13.0,16.0,Trabajador independiente,"Administracion publica, educacion y salud",11 a 50 trabajadores,No,2,1403.0
37,Mujer,Urbana,Costa,Secundaria,7,25.0,53.0,Trabajador independiente,Servicios,1 a 10 trabajadores,No,4,593.0
53,Hombre,Urbana,Selva,Superior no universitaria,13,36.0,44.0,Empleado,Servicios,1 a 10 trabajadores,No,3,2598.0
52,Mujer,Urbana,Lima Metropolitana,Primaria o menos,4,45.0,52.0,Trabajador independiente,Servicios,1 a 10 trabajadores,No,7,812.0
41,Mujer,Urbana,Selva,Superior universitaria,16,18.0,54.0,Trabajador independiente,"Administracion publica, educacion y salud",1 a 10 trabajadores,No,2,2571.0
40,Mujer,Rural,Selva,Secundaria,8,26.0,48.0,Trabajador independiente,Agropecuario,1 a 10 trabajadores,No,6,430.0
49,Hombre,Urbana,Lima Metropolitana,Superior no universitaria,12,29.0,39.0,Empleado,"Administracion publica, educacion y salud",Mas de 50 trabajadores,Si,1,5152.0
36,Mujer,Rural,Costa,Secundaria,11,20.0,52.0,Trabajador independiente,Agropecuario,1 a 10 trabajadores,,5,592.0
33,Hombre,Urbana,Lima Metropolitana,Superior no universitaria,12,15.0,47.0,Obrero,Comercio,Mas de 50 trabajadores,Si,4,2033.0
38,Hombre,Urbana,Selva,Primaria o menos,3,28.0,39.0,Empleado,Servicios,11 a 50 trabajadores,Si,3,846.0
45,Mujer,Rural,Sierra,Secundaria,8,28.0,50.0,Trabajador independiente,Construccion,1 a 10 trabajadores,No,2,539.0
45,Mujer,Urbana,Sierra,Superior no universitaria,13,24.0,61.0,Trabajador independiente,Construccion,1 a 10 trabajadores,No,5,1201.0
65,Mujer,Urbana,Sierra,Superior universitaria,14,45.0,60.0,Empleado,Servicios,Mas de 50 trabajadores,No,4,2676.0
25,Hombre,Urbana,Sierra,Secundaria,7,10.0,67.0,Empleador,"Administracion publica, educacion y salud",1 a 10 trabajadores,No,4,1517.0
38,Mujer,Rural,Sierra,Secundaria,7,24.0,26.0,Empleado,Agropecuario,1 a 10 trabajadores,No,4,160.0
44,Mujer,Rural,Sierra,Secundaria,11,,46.0,Trabajador independiente,Agropecuario,1 a 10 trabajadores,No,1,444.0
48,Hombre,Urbana,Lima Metropolitana,Posgrado,19,25.0,,Empleado,Comercio,1 a 10 trabajadores,Si,4,8222.0
50,Hombre,Urbana,Costa,Secundaria,11,33.0,45.0,Empleado,"Administracion publica, educacion y salud",11 a 50 trabajadores,No,8,1716.0
55,Hombre,Urbana,Lima Metropolitana,Superior universitaria,17,31.0,35.0,Empleado,Servicios,1 a 10 trabajadores,No,4,2926.0
63,Hombre,Rural,Selva,Primaria o menos,2,45.0,39.0,Trabajador independiente,Agropecuario,11 a 50 trabajadores,No,4,150.0
21,Hombre,Urbana,Selva,Secundaria,11,7.0,34.0,Obrero,Servicios,Mas de 50 trabajadores,Si,3,1544.0
18,Hombre,Rural,Sierra,Primaria o menos,2,12.0,40.0,Trabajador independiente,Agropecuario,1 a 10 trabajadores,No,5,252.0
55,Hombre,Rural,Sierra,Secundaria,7,43.0,19.0,Obrero,Agropecuario,11 a 50 trabajadores,No,4,199.0
53,Hombre,Urbana,Sierra,Superior universitaria,15,33.0,42.0,Empleado,Comercio,Mas de 50 trabajadores,Si,6,2379.0
39,Mujer,Urbana,Costa,Superior universitaria,16,21.0,43.0,Trabajador independiente,"Administracion publica, educacion y salud",1 a 10 trabajadores,No,2,3157.0
41,Hombre,Urbana,Lima Metropolitana,Posgrado,19,16.0,56.0,Empleado,Servicios,Mas de 50 trabajadores,Si,2,15000.0
53,Hombre,Urbana,Costa,Secundaria,8,41.0,15.0,Empleado,"Administracion publica, educacion y salud",11 a 50 trabajadores,No,7,1710.0
43,Hombre,Urbana,Lima Metropolitana,Superior no universitaria,13,23.0,57.0,Empleado,Manufactura,Mas de 50 trabajadores,No,3,4456.0
33,Hombre,Rural,Selva,Secundaria,10,20.0,31.0,Trabajador independiente,Agropecuario,1 a 10 trabajadores,No,6,339.0
52,Hombre,Rural,Selva,Secundaria,11,34.0,38.0,Trabajador independiente,Agropecuario,1 a 10 trabajadores,No,3,585.0
45,Hombre,Rural,Sierra,Superior universitaria,14,26.0,40.0,Trabajador independiente,Construccion,1 a 10 trabajadores,No,3,862.0
51,Mujer,Urbana,Lima Metropolitana,Secundaria,11,31.0,22.0,Empleado,Servicios,11 a 50 trabajadores,No,3,2023.0
36,Mujer,Urbana,Lima Metropolitana,Superior universitaria,14,15.0,48.0,Trabajador independiente,Servicios,1 a 10 trabajadores,No,3,2881.0
27,Mujer,Urbana,Lima Metropolitana,Superior no universitaria,13,6.0,41.0,Trabajador independiente,Servicios,Mas de 50 trabajadores,Si,6,2186.0
31,Hombre,Urbana,Lima Metropolitana,Secundaria,10,19.0,59.0,Trabajador independiente,Comercio,1 a 10 trabajadores,No,5,1554.0
55,Hombre,Rural,Sierra,Secundaria,11,38.0,37.0,Trabajador independiente,Agropecuario,1 a 10 trabajadores,No,4,298.0
30,Mujer,Urbana,Sierra,Superior universitaria,15,8.0,17.0,Empleado,Comercio,11 a 50 trabajadores,Si,8,1392.0
42,Mujer,Urbana,Lima Metropolitana,Secundaria,11,27.0,48.0,Trabajador independiente,Comercio,1 a 10 trabajadores,No,5,691.0
65,Hombre,Rural,Sierra,Secundaria,10,45.0,45.0,Trabajador independiente,Agropecuario,1 a 10 trabajadores,No,4,197.0
55,Mujer,Urbana,Lima Metropolitana,Secundaria,10,43.0,40.0,Trabajador independiente,Comercio,1 a 10 trabajadores,No,8,1051.0
50,Mujer,Rural,Sierra,Superior no universitaria,12,35.0,57.0,Empleado,Construccion,Mas de 50 trabajadores,Si,5,1247.0
41,Hombre,Rural,Sierra,Superior no universitaria,13,26.0,43.0,Empleador,Agropecuario,Mas de 50 trabajadores,Si,2,1200.0
45,Hombre,Urbana,Costa,Superior universitaria,16,18.0,54.0,Empleado,"Administracion publica, educacion y salud",Mas de 50 trabajadores,Si,3,4209.0
29,Hombre,Urbana,Sierra,Primaria o menos,2,20.0,45.0,Empleado,Construccion,Mas de 50 trabajadores,Si,6,1627.0
47,Mujer,Rural,Sierra,Secundaria,11,29.0,50.0,Trabajador independiente,Manufactura,1 a 10 trabajadores,No,2,433.0
44,Hombre,Urbana,Lima Metropolitana,Superior universitaria,17,20.0,39.0,Empleado,"Administracion publica, educacion y salud",Mas de 50 trabajadores,Si,4,11476.0
48,Hombre,Urbana,Sierra,Superior universitaria,17,23.0,54.0,Trabajador independiente,Construccion,1 a 10 trabajadores,No,4,2412.0
25,Hombre,Urbana,Sierra,Primaria o menos,3,17.0,43.0,Obrero,Servicios,11 a 50 trabajadores,No,9,536.0
48,Hombre,Rural,Sierra,Primaria o menos,5,38.0,43.0,Trabajador independiente,Agropecuario,1 a 10 trabajadores,No,4,397.0
42,Mujer,Urbana,Sierra,Secundaria,11,28.0,53.0,Empleado,Servicios,1 a 10 trabajadores,No,2,862.0
19,Mujer,Urbana,Sierra,Superior universitaria,17,0.0,53.0,Empleado,Servicios,Mas de 50 trabajadores,No,1,3053.0
41,Hombre,Urbana,Costa,Superior universitaria,15,23.0,33.0,Obrero,Servicios,Mas de 50 trabajadores,Si,2,4493.0
18,Hombre,Rural,Sierra,Superior no universitaria,12,2.0,40.0,Empleado,Construccion,11 a 50 trabajadores,Si,4,680.0
39,Hombre,Urbana,Selva,Primaria o menos,5,27.0,62.0,Trabajador independiente,Servicios,1 a 10 trabajadores,No,3,411.0
43,Mujer,Urbana,Lima Metropolitana,Primaria o menos,3,33.0,50.0,Empleado,Construccion,11 a 50 trabajadores,No,1,567.0
21,Mujer,Urbana,Sierra,Superior no universitaria,14,4.0,61.0,Obrero,Comercio,Mas de 50 trabajadores,Si,6,2503.0
32,Hombre,Urbana,Selva,Secundaria,10,15.0,30.0,Empleado,Servicios,1 a 10 trabajadores,Si,5,962.0
55,Hombre,Urbana,Costa,Superior no universitaria,12,39.0,74.0,Trabajador independiente,Comercio,1 a 10 trabajadores,No,8,1620.0
44,Mujer,Urbana,Costa,Secundaria,7,34.0,47.0,Empleado,"Administracion publica, educacion y salud",Mas de 50 trabajadores,Si,2,1661.0
47,Hombre,Urbana,Sierra,Secundaria,8,36.0,53.0,Empleador,Manufactura,1 a 10 trabajadores,No,1,1937.0
52,Mujer,Urbana,Lima Metropolitana,Superior universitaria,16,32.0,46.0,Empleado,Comercio,1 a 10 trabajadores,Si,3,4288.0
44,Mujer,Urbana,Sierra,Primaria o menos,6,33.0,36.0,Obrero,Manufactura,1 a 10 trabajadores,No,4,624.0
37,Mujer,Urbana,Lima Metropolitana,Posgrado,18,16.0,22.0,Trabajador independiente,Construccion,1 a 10 trabajadores,No,3,3719.0
36,Hombre,Urbana,Lima Metropolitana,Superior no universitaria,13,13.0,45.0,Trabajador independiente,Comercio,1 a 10 trabajadores,No,4,2485.0
40,Mujer,Urbana,Costa,Superior no universitaria,15,20.0,24.0,Trabajador independiente,Comercio,1 a 10 trabajadores,No,9,1214.0
27,Hombre,Urbana,Selva,Secundaria,8,12.0,72.0,Trabajador independiente,Servicios,1 a 10 trabajadores,No,5,786.0
43,Hombre,Rural,Sierra,Secundaria,10,25.0,34.0,Trabajador independiente,Agropecuario,1 a 10 trabajadores,No,4,327.0
41,Hombre,Urbana,Lima Metropolitana,Superior no universitaria,12,26.0,50.0,Empleado,Servicios,1 a 10 trabajadores,No,8,3334.0
24,Hombre,Rural,Sierra,Secundaria,9,8.0,23.0,Trabajador independiente,Agropecuario,1 a 10 trabajadores,No,2,150.0
48,Hombre,Urbana,Selva,Secundaria,7,32.0,31.0,Empleador,"Administracion publica, educacion y salud",11 a 50 trabajadores,No,3,2753.0
30,Mujer,Rural,Sierra,Secundaria,10,14.0,11.0,Trabajador independiente,"Administracion publica, educacion y salud",1 a 10 trabajadores,No,4,236.0
26,Mujer,Urbana,Lima Metropolitana,Superior no universitaria,12,11.0,46.0,Empleado,Comercio,Mas de 50 trabajadores,Si,3,2456.0
25,Mujer,Urbana,Selva,Secundaria,8,11.0,,Empleado,Manufactura,11 a 50 trabajadores,Si,5,1124.0
43,Mujer,Urbana,Lima Metropolitana,Superior no universitaria,13,23.0,42.0,Empleado,Comercio,Mas de 50 trabajadores,Si,2,4327.0
47,Mujer,Rural,Sierra,Primaria o menos,2,40.0,47.0,Trabajador independiente,Agropecuario,1 a 10 trabajadores,No,5,225.0
42,Hombre,Urbana,Costa,Secundaria,11,23.0,32.0,Trabajador independiente,Servicios,1 a 10 trabajadores,No,5,2081.0
28,Hombre,Urbana,Costa,Primaria o menos,6,15.0,77.0,Empleado,Comercio,1 a 10 trabajadores,No,2,1001.0
18,Mujer,Rural,Sierra,Posgrado,17,0.0,20.0,Empleado,Agropecuario,1 a 10 trabajadores,No,7,672.0
39,Hombre,Urbana,Costa,Superior no universitaria,15,20.0,35.0,Empleado,Servicios,Mas de 50 trabajadores,Si,5,4054.0
33,Mujer,Rural,Sierra,Primaria o menos,2,23.0,57.0,Empleado,Agropecuario,Mas de 50 trabajadores,Si,6,398.0
55,Mujer,Urbana,Costa,Superior no universitaria,15,35.0,22.0,Empleado,Servicios,1 a 10 trabajadores,No,6,1340.0
65,Hombre,Rural,Selva,Primaria o menos,2,45.0,17.0,Trabajador independiente,Agropecuario,1 a 10 trabajadores,No,5,150.0
37,Hombre,Urbana,Selva,Superior universitaria,15,15.0,60.0,Trabajador independiente,Servicios,1 a 10 trabajadores,No,6,1760.0
46,Hombre,Rural,Sierra,Primaria o menos,3,34.0,32.0,Trabajador independiente,Manufactura,1 a 10 trabajadores,No,4,222.0
37,Hombre,Urbana,Sierra,Superior no universitaria,15,14.0,31.0,Trabajador independiente,"Administracion publica, educacion y salud",1 a 10 trabajadores,No,7,3328.0
52,Hombre,Urbana,Selva,Superior universitaria,14,31.0,40.0,Empleado,Construccion,Mas de 50 trabajadores,Si,6,3615.0
41,Hombre,Rural,Sierra,Secundaria,11,21.0,35.0,Trabajador independiente,Agropecuario,1 a 10 trabajadores,No,1,150.0
52,Mujer,Urbana,Lima Metropolitana,Secundaria,9,38.0,57.0,Empleado,Comercio,1 a 10 trabajadores,No,2,1278.0
36,Mujer,Urbana,Costa,Superior universitaria,14,17.0,42.0,Empleado,Servicios,11 a 50 trabajadores,Si,3,2371.0
49,Hombre,Urbana,Sierra,Superior universitaria,14,29.0,40.0,Empleado,Manufactura,Mas de 50 trabajadores,Si,6,2399.0
56,Mujer,Urbana,Costa,Superior no universitaria,12,38.0,65.0,Trabajador independiente,Manufactura,1 a 10 trabajadores,No,7,1813.0
49,Hombre,Urbana,Costa,Secundaria,10,32.0,43.0,Empleador,"Administracion publica, educacion y salud",1 a 10 trabajadores,Si,6,2467.0
46,Mujer,Urbana,Lima Metropolitana,Secundaria,11,26.0,50.0,Obrero,Servicios,1 a 10 trabajadores,No,4,2019.0
42,Mujer,Urbana,Lima Metropolitana,Superior no universitaria,13,18.0,21.0,Obrero,Comercio,1 a 10 trabajadores,Si,2,1332.0
41,Hombre,Urbana,Lima Metropolitana,Superior universitaria,14,19.0,36.0,Empleado,"Administracion publica, educacion y salud",1 a 10 trabajadores,Si,2,5002.0
43,Hombre,Urbana,Costa,Secundaria,7,29.0,42.0,Empleado,Servicios,Mas de 50 trabajadores,Si,4,1120.0
39,Hombre,Urbana,Lima Metropolitana,Superior no universitaria,15,16.0,50.0,Obrero,Manufactura,Mas de 50 trabajadores,Si,3,4572.0
34,Hombre,Urbana,Selva,Superior universitaria,14,16.0,58.0,Empleado,Servicios,11 a 50 trabajadores,Si,6,2673.0
43,Mujer,Urbana,Sierra,Secundaria,10,29.0,51.0,Empleado,Servicios,11 a 50 trabajadores,No,4,1895.0
41,Mujer,Urbana,Costa,Superior universitaria,15,19.0,39.0,Trabajador independiente,Construccion,11 a 50 trabajadores,No,3,4385.0
33,Mujer,Urbana,Sierra,Secundaria,11,19.0,52.0,Trabajador independiente,Servicios,1 a 10 trabajadores,No,3,866.0
61,Mujer,Urbana,Costa,Superior universitaria,15,40.0,56.0,Trabajador independiente,Manufactura,1 a 10 trabajadores,No,3,1474.0
30,Mujer,Urbana,Costa,Posgrado,17,6.0,58.0,Empleado,Manufactura,1 a 10 trabajadores,No,1,1923.0
23,Mujer,Urbana,Sierra,Secundaria,11,6.0,44.0,Empleado,"Administracion publica, educacion y salud",1 a 10 trabajadores,No,3,2063.0
47,Hombre,Urbana,Lima Metropolitana,Primaria o menos,6,34.0,69.0,Trabajador independiente,Comercio,1 a 10 trabajadores,No,4,704.0
28,Hombre,Urbana,Costa,Superior universitaria,14,9.0,62.0,Empleado,Manufactura,Mas de 50 trabajadores,Si,3,4426.0
28,Hombre,Urbana,Costa,Superior universitaria,14,5.0,46.0,Empleado,Comercio,1 a 10 trabajadores,No,3,1384.0
50,Mujer,Urbana,Selva,Secundaria,7,34.0,49.0,Empleado,"Administracion publica, educacion y salud",11 a 50 trabajadores,No,4,1844.0
45,Hombre,Urbana,Costa,Secundaria,10,29.0,48.0,Trabajador independiente,Manufactura,1 a 10 trabajadores,No,2,1139.0
35,Mujer,Urbana,Lima Metropolitana,Secundaria,11,21.0,44.0,Empleado,Servicios,1 a 10 trabajadores,No,3,1598.0
18,Hombre,Urbana,Lima Metropolitana,Superior no universitaria,12,0.0,55.0,Trabajador independiente,Servicios,1 a 10 trabajadores,No,1,1297.0
30,Mujer,Urbana,Costa,Primaria o menos,3,22.0,50.0,Empleado,Comercio,1 a 10 trabajadores,No,2,484.0
27,Hombre,Urbana,Sierra,Secundaria,10,11.0,59.0,Trabajador independiente,Comercio,1 a 10 trabajadores,No,8,850.0
18,Hombre,Rural,Costa,Primaria o menos,4,7.0,33.0,Trabajador independiente,Comercio,1 a 10 trabajadores,No,4,280.0
56,Hombre,Urbana,Lima Metropolitana,Secundaria,7,45.0,57.0,Empleado,Comercio,Mas de 50 trabajadores,No,3,1981.0
40,Hombre,Urbana,Sierra,Secundaria,9,24.0,35.0,Obrero,Servicios,Mas de 50 trabajadores,Si,5,1019.0
33,Hombre,Urbana,Lima Metropolitana,Secundaria,7,17.0,41.0,Obrero,Comercio,Mas de 50 trabajadores,Si,2,1493.0
42,Mujer,Urbana,Costa,Posgrado,17,20.0,58.0,Empleado,Manufactura,1 a 10 trabajadores,No,2,3573.0
38,Mujer,Urbana,Sierra,Superior universitaria,16,18.0,42.0,Trabajador independiente,Comercio,1 a 10 trabajadores,No,4,1367.0
39,Mujer,Urbana,Lima Metropolitana,Secundaria,9,24.0,53.0,Trabajador independiente,Servicios,1 a 10 trabajadores,No,3,1048.0
36,Hombre,Rural,Sierra,Secundaria,8,22.0,28.0,Trabajador independiente,Agropecuario,1 a 10 trabajadores,No,2,150.0
26,Mujer,Rural,Sierra,Primaria o menos,4,13.0,22.0,Empleado,Servicios,Mas de 50 trabajadores,Si,5,448.0
41,Hombre,Urbana,Lima Metropolitana,Superior universitaria,14,21.0,48.0,Trabajador independiente,Comercio,1 a 10 trabajadores,No,4,1919.0
46,Mujer,Urbana,Costa,Secundaria,9,29.0,55.0,Trabajador independiente,Comercio,1 a 10 trabajadores,No,6,769.0
50,Hombre,Urbana,Sierra,Superior universitaria,16,28.0,42.0,Empleado,Comercio,Mas de 50 trabajadores,Si,2,3562.0
36,Hombre,Urbana,Costa,Secundaria,10,22.0,43.0,Empleado,Manufactura,Mas de 50 trabajadores,Si,3,1337.0
19,Hombre,Rural,Sierra,Secundaria,8,2.0,47.0,Trabajador independiente,Comercio,1 a 10 trabajadores,No,3,259.0
42,Hombre,Rural,Sierra,Primaria o menos,3,33.0,42.0,Empleado,Agropecuario,11 a 50 trabajadores,No,3,560.0
44,Hombre,Rural,Sierra,Secundaria,11,26.0,35.0,Trabajador independiente,Manufactura,11 a 50 trabajadores,No,4,521.0
34,Hombre,Urbana,Costa,Superior no universitaria,14,15.0,36.0,Trabajador independiente,"Administracion publica, educacion y salud",1 a 10 trabajadores,No,2,1739.0
39,Hombre,Urbana,Costa,Secundaria,7,26.0,51.0,Empleado,Comercio,11 a 50 trabajadores,No,4,978.0
55,Mujer,Urbana,Costa,Secundaria,8,38.0,53.0,Trabajador independiente,Comercio,11 a 50 trabajadores,No,6,1198.0
50,Mujer,Rural,Sierra,Superior no universitaria,15,28.0,43.0,Trabajador independiente,Agropecuario,1 a 10 trabajadores,No,6,641.0
42,Mujer,Urbana,Lima Metropolitana,Primaria o menos,3,34.0,55.0,Empleado,Manufactura,11 a 50 trabajadores,Si,4,1019.0
26,Mujer,Urbana,Selva,Secundaria,11,4.0,23.0,Trabajador independiente,Comercio,1 a 10 trabajadores,No,8,856.0
47,Mujer,Urbana,Lima Metropolitana,Superior universitaria,16,25.0,40.0,Empleado,Construccion,11 a 50 trabajadores,Si,1,3489.0
27,Mujer,Rural,Selva,Secundaria,9,10.0,61.0,Trabajador independiente,Agropecuario,Mas de 50 trabajadores,No,10,346.0
28,Hombre,Urbana,Lima Metropolitana,Primaria o menos,3,17.0,47.0,Obrero,Comercio,1 a 10 trabajadores,,2,292.0
39,Hombre,Urbana,Costa,Secundaria,7,26.0,59.0,Empleado,Servicios,1 a 10 trabajadores,No,5,1056.0
18,Hombre,Urbana,Lima Metropolitana,Secundaria,11,0.0,40.0,Empleador,Manufactura,11 a 50 trabajadores,No,2,1702.0
49,Mujer,Urbana,Costa,Primaria o menos,5,40.0,60.0,Empleado,Manufactura,11 a 50 trabajadores,No,3,580.0
52,Mujer,Urbana,Lima Metropolitana,Superior no universitaria,15,32.0,59.0,Empleado,"Administracion publica, educacion y salud",Mas de 50 trabajadores,Si,2,5736.0
43,Hombre,Urbana,Lima Metropolitana,Primaria o menos,5,30.0,51.0,Trabajador independiente,"Administracion publica, educacion y salud",1 a 10 trabajadores,No,5,1179.0
44,Mujer,Urbana,Costa,Superior no universitaria,14,25.0,52.0,Trabajador independiente,Comercio,1 a 10 trabajadores,No,7,1734.0
18,Hombre,Rural,Costa,Secundaria,8,2.0,32.0,Trabajador independiente,Agropecuario,1 a 10 trabajadores,No,3,264.0
56,Hombre,Urbana,Costa,Superior universitaria,14,40.0,29.0,Trabajador independiente,Construccion,1 a 10 trabajadores,No,3,1726.0
28,Hombre,Urbana,Costa,Secundaria,9,9.0,50.0,Trabajador independiente,Comercio,1 a 10 trabajadores,No,5,928.0
49,Hombre,Urbana,Selva,Primaria o menos,2,40.0,50.0,Trabajador independiente,Servicios,1 a 10 trabajadores,No,5,406.0
28,Mujer,Urbana,Selva,Superior universitaria,15,9.0,39.0,Empleado,Servicios,Mas de 50 trabajadores,Si,4,2669.0
27,Mujer,Urbana,Costa,Superior no universitaria,15,11.0,39.0,Empleado,"Administracion publica, educacion y salud",Mas de 50 trabajadores,Si,4,3578.0
45,Hombre,Urbana,Costa,Superior universitaria,16,24.0,48.0,Trabajador independiente,Construccion,1 a 10 trabajadores,No,3,3958.0
50,Hombre,Rural,Selva,Primaria o menos,3,40.0,,Trabajador independiente,Agropecuario,1 a 10 trabajadores,No,6,173.0
34,Hombre,Urbana,Costa,Superior no universitaria,13,11.0,13.0,Empleado,Servicios,11 a 50 trabajadores,Si,5,1767.0
54,Hombre,Rural,Sierra,Primaria o menos,4,45.0,32.0,Trabajador independiente,Construccion,1 a 10 trabajadores,No,4,423.0
37,Mujer,Urbana,Costa,Superior universitaria,16,19.0,47.0,Empleado,"Administracion publica, educacion y salud",Mas de 50 trabajadores,Si,6,5751.0
42,Hombre,Rural,Costa,Secundaria,9,30.0,29.0,Trabajador independiente,Agropecuario,1 a 10 trabajadores,No,4,354.0
46,Hombre,Rural,Sierra,Secundaria,7,34.0,40.0,Empleado,Agropecuario,1 a 10 trabajadores,Si,4,490.0
55,Mujer,Urbana,Lima Metropolitana,Secundaria,8,41.0,32.0,Empleado,Servicios,11 a 50 trabajadores,Si,5,1971.0
18,Mujer,Urbana,Lima Metropolitana,Primaria o menos,3,9.0,48.0,Empleado,Comercio,Mas de 50 trabajadores,No,4,727.0
24,Hombre,Urbana,Costa,Secundaria,9,6.0,40.0,Obrero,Servicios,Mas de 50 trabajadores,No,10,663.0
34,Hombre,Urbana,Sierra,Superior universitaria,17,10.0,54.0,Empleado,Comercio,11 a 50 trabajadores,No,10,3289.0
44,Hombre,Urbana,Lima Metropolitana,Superior no universitaria,12,25.0,60.0,Trabajador independiente,Servicios,1 a 10 trabajadores,No,5,1821.0
37,Hombre,Rural,Sierra,Secundaria,10,20.0,46.0,Trabajador independiente,Agropecuario,1 a 10 trabajadores,No,6,266.0
30,Hombre,Rural,Sierra,Primaria o menos,5,19.0,42.0,Trabajador independiente,Agropecuario,1 a 10 trabajadores,No,5,260.0
18,Mujer,Rural,Sierra,Superior no universitaria,12,1.0,24.0,Trabajador independiente,Agropecuario,1 a 10 trabajadores,No,3,160.0
38,Hombre,Urbana,Lima Metropolitana,Secundaria,8,25.0,54.0,Trabajador independiente,Manufactura,1 a 10 trabajadores,No,6,679.0
51,Mujer,Urbana,Lima Metropolitana,Primaria o menos,5,44.0,62.0,Trabajador independiente,Servicios,11 a 50 trabajadores,No,8,656.0
24,Mujer,Urbana,Lima Metropolitana,Superior universitaria,15,1.0,58.0,Empleado,Construccion,1 a 10 trabajadores,No,2,3254.0
34,Mujer,Urbana,Lima Metropolitana,Superior no universitaria,13,16.0,66.0,Empleador,Servicios,11 a 50 trabajadores,No,4,3316.0
27,Hombre,Rural,Sierra,Primaria o menos,6,14.0,69.0,Trabajador independiente,Agropecuario,1 a 10 trabajadores,No,4,183.0
40,Hombre,Rural,Sierra,Superior universitaria,16,14.0,39.0,Empleado,Agropecuario,1 a 10 trabajadores,No,5,550.0
51,Hombre,Urbana,Costa,Superior no universitaria,14,32.0,38.0,Obrero,Servicios,1 a 10 trabajadores,No,8,1490.0
45,Hombre,Urbana,Sierra,Secundaria,8,31.0,54.0,Trabajador independiente,Servicios,1 a 10 trabajadores,No,3,1093.0
23,Mujer,Rural,Sierra,Secundaria,11,3.0,41.0,Trabajador independiente,Agropecuario,1 a 10 trabajadores,No,6,225.0
60,Mujer,Urbana,Selva,Posgrado,17,36.0,40.0,Empleado,"Administracion publica, educacion y salud",Mas de 50 trabajadores,Si,3,4930.0
42,Hombre,Urbana,Lima Metropolitana,Superior universitaria,15,17.0,47.0,Empleado,Comercio,1 a 10 trabajadores,No,6,2582.0
18,Mujer,Urbana,Costa,Secundaria,9,4.0,34.0,Empleado,"Administracion publica, educacion y salud",1 a 10 trabajadores,Si,7,865.0
38,Hombre,Rural,Sierra,Primaria o menos,4,28.0,27.0,Trabajador independiente,Agropecuario,1 a 10 trabajadores,No,4,235.0
36,Hombre,Urbana,Lima Metropolitana,Superior no universitaria,12,16.0,57.0,Empleado,"Administracion publica, educacion y salud",Mas de 50 trabajadores,Si,6,5660.0
22,Mujer,Urbana,Lima Metropolitana,Secundaria,7,11.0,52.0,Trabajador independiente,Servicios,1 a 10 trabajadores,No,6,429.0
40,Hombre,Urbana,Selva,Secundaria,10,23.0,57.0,Empleado,Manufactura,1 a 10 trabajadores,No,6,1306.0
38,Mujer,Urbana,Costa,Secundaria,8,26.0,46.0,Empleado,Manufactura,Mas de 50 trabajadores,No,2,1608.0
41,Mujer,Urbana,Costa,Superior universitaria,15,21.0,51.0,Empleado,"Administracion publica, educacion y salud",11 a 50 trabajadores,Si,4,4539.0
36,Mujer,Rural,Selva,Primaria o menos,6,,26.0,Trabajador independiente,Comercio,1 a 10 trabajadores,No,1,209.0
32,Mujer,Urbana,Costa,Superior universitaria,15,11.0,30.0,Trabajador independiente,Comercio,1 a 10 trabajadores,No,4,1246.0
18,Hombre,Urbana,Sierra,Superior no universitaria,15,0.0,22.0,Empleado,Servicios,11 a 50 trabajadores,Si,6,977.0
41,Mujer,Urbana,Lima Metropolitana,Primaria o menos,4,32.0,55.0,Empleador,Agropecuario,1 a 10 trabajadores,No,5,636.0
18,Mujer,Urbana,Lima Metropolitana,Superior universitaria,15,0.0,34.0,Empleado,Construccion,1 a 10 trabajadores,No,2,2114.0
27,Hombre,Urbana,Lima Metropolitana,Secundaria,10,10.0,32.0,Trabajador independiente,Manufactura,1 a 10 trabajadores,No,2,879.0
54,Hombre,Urbana,Lima Metropolitana,Superior no universitaria,13,34.0,37.0,Empleado,Construccion,Mas de 50 trabajadores,Si,7,3396.0
50,Hombre,Urbana,Costa,Posgrado,20,24.0,39.0,Trabajador independiente,Manufactura,1 a 10 trabajadores,No,5,8247.0
36,Hombre,Urbana,Sierra,Superior universitaria,17,9.0,21.0,Empleado,Manufactura,Mas de 50 trabajadores,No,7,3016.0
38,Mujer,Urbana,Lima Metropolitana,Primaria o menos,3,27.0,14.0,Trabajador independiente,Servicios,1 a 10 trabajadores,No,5,373.0
65,Mujer,Urbana,Costa,Secundaria,10,45.0,43.0,Empleado,Servicios,11 a 50 trabajadores,No,4,1829.0
29,Hombre,Urbana,Lima Metropolitana,Secundaria,10,12.0,23.0,Trabajador independiente,Manufactura,11 a 50 trabajadores,No,6,1488.0
43,Hombre,Urbana,Lima Metropolitana,Superior no universitaria,12,23.0,44.0,Empleado,"Administracion publica, educacion y salud",1 a 10 trabajadores,Si,3,2769.0
40,Hombre,Urbana,Lima Metropolitana,Primaria o menos,2,33.0,56.0,Empleado,Servicios,11 a 50 trabajadores,Si,3,1181.0
21,Mujer,Urbana,Lima Metropolitana,Superior no universitaria,14,0.0,28.0,Trabajador independiente,Servicios,1 a 10 trabajadores,No,8,781.0
27,Mujer,Urbana,Costa,Primaria o menos,5,15.0,55.0,Trabajador independiente,Servicios,1 a 10 trabajadores,No,6,710.0
44,Hombre,Rural,Costa,Primaria o menos,2,38.0,48.0,Trabajador independiente,Agropecuario,1 a 10 trabajadores,No,5,358.0
32,Hombre,Rural,Selva,Superior no universitaria,15,10.0,67.0,Obrero,Agropecuario,1 a 10 trabajadores,No,6,434.0
30,Mujer,Urbana,Costa,Superior no universitaria,15,8.0,63.0,Empleado,Manufactura,Mas de 50 trabajadores,Si,5,4359.0
43,Hombre,Urbana,Sierra,Secundaria,10,29.0,38.0,Empleado,Servicios,Mas de 50 trabajadores,No,6,2014.0
41,Hombre,Urbana,Lima Metropolitana,Superior no universitaria,15,19.0,36.0,Empleado,Servicios,1 a 10 trabajadores,No,2,1696.0
30,Mujer,Urbana,Sierra,Superior no universitaria,14,10.0,30.0,Trabajador independiente,Servicios,1 a 10 trabajadores,No,3,1245.0
34,Mujer,Urbana,Lima Metropolitana,Secundaria,7,20.0,35.0,Trabajador independiente,Manufactura,1 a 10 trabajadores,No,6,791.0
35,Mujer,Urbana,Lima Metropolitana,Superior no universitaria,13,17.0,46.0,Empleado,Comercio,1 a 10 trabajadores,No,6,1621.0
31,Hombre,Urbana,Sierra,Superior no universitaria,15,12.0,41.0,Trabajador independiente,Manufactura,1 a 10 trabajadores,No,7,1674.0
36,Hombre,Urbana,Costa,Superior universitaria,14,15.0,23.0,Trabajador independiente,Comercio,1 a 10 trabajadores,No,5,1310.0
20,Mujer,Urbana,Selva,Secundaria,9,0.0,34.0,Trabajador independiente,Comercio,1 a 10 trabajadores,No,5,488.0
18,Mujer,Rural,Sierra,Primaria o menos,2,12.0,40.0,Trabajador independiente,Agropecuario,1 a 10 trabajadores,,6,250.0
25,Mujer,Urbana,Lima Metropolitana,Superior universitaria,14,4.0,51.0,Empleado,Comercio,1 a 10 trabajadores,Si,2,5968.0
28,Mujer,Rural,Selva,Secundaria,9,14.0,40.0,Empleado,Agropecuario,11 a 50 trabajadores,Si,9,387.0
40,Mujer,Urbana,Sierra,Superior no universitaria,15,21.0,64.0,Empleado,Agropecuario,1 a 10 trabajadores,Si,5,1643.0
41,Hombre,Urbana,Costa,Superior no universitaria,15,20.0,41.0,Obrero,Servicios,11 a 50 trabajadores,No,5,1683.0
45,Mujer,Urbana,Lima Metropolitana,Superior universitaria,17,20.0,47.0,Empleado,"Administracion publica, educacion y salud",Mas de 50 trabajadores,Si,3,7811.0
62,Mujer,Urbana,Sierra,Secundaria,11,45.0,63.0,Trabajador independiente,Construccion,1 a 10 trabajadores,Si,6,734.0
40,Mujer,Rural,Costa,Secundaria,9,22.0,50.0,Empleado,"Administracion publica, educacion y salud",1 a 10 trabajadores,No,2,612.0
35,Hombre,Urbana,Sierra,Secundaria,9,20.0,55.0,Obrero,Comercio,Mas de 50 trabajadores,Si,3,1236.0
43,Hombre,Urbana,Sierra,Superior universitaria,17,21.0,57.0,Empleado,Servicios,Mas de 50 trabajadores,Si,5,4207.0
36,Mujer,Urbana,Lima Metropolitana,Superior no universitaria,15,13.0,18.0,Empleado,"Administracion publica, educacion y salud",1 a 10 trabajadores,No,6,1174.0
39,Hombre,Rural,Sierra,Superior universitaria,15,18.0,38.0,Empleado,Agropecuario,1 a 10 trabajadores,Si,4,1324.0
25,Mujer,Urbana,Sierra,Superior no universitaria,14,5.0,42.0,Trabajador independiente,Comercio,Mas de 50 trabajadores,No,3,1124.0
34,Hombre,Urbana,Lima Metropolitana,Secundaria,8,20.0,49.0,Empleado,Comercio,1 a 10 trabajadores,No,6,1104.0
56,Mujer,Rural,Sierra,Primaria o menos,5,42.0,31.0,Trabajador independiente,Agropecuario,1 a 10 trabajadores,No,5,167.0
64,Mujer,Rural,Selva,Secundaria,11,45.0,38.0,Trabajador independiente,Agropecuario,1 a 10 trabajadores,No,2,352.0
37,Hombre,Urbana,Costa,Posgrado,19,11.0,30.0,Empleado,Agropecuario,11 a 50 trabajadores,No,5,4869.0
39,Mujer,Urbana,Lima Metropolitana,Secundaria,9,22.0,32.0,Trabajador independiente,"Administracion publica, educacion y salud",1 a 10 trabajadores,No,1,1181.0
55,Mujer,Urbana,Sierra,Secundaria,10,40.0,45.0,Empleado,Servicios,11 a 50 trabajadores,No,3,2009.0
22,Hombre,Urbana,Costa,Superior no universitaria,14,1.0,57.0,Obrero,Servicios,1 a 10 trabajadores,No,6,1015.0
43,Hombre,Urbana,Lima Metropolitana,Secundaria,7,29.0,29.0,Empleado,Manufactura,Mas de 50 trabajadores,No,3,947.0
49,Hombre,Urbana,Sierra,Superior universitaria,16,26.0,39.0,Trabajador independiente,Construccion,11 a 50 trabajadores,No,3,2260.0
29,Hombre,Urbana,Sierra,Superior no universitaria,12,8.0,31.0,Trabajador independiente,Servicios,1 a 10 trabajadores,No,2,532.0
34,Mujer,Urbana,Lima Metropolitana,Secundaria,7,21.0,19.0,Trabajador independiente,Comercio,1 a 10 trabajadores,No,4,832.0
45,Mujer,Rural,Sierra,Superior no universitaria,13,28.0,25.0,Obrero,Construccion,1 a 10 trabajadores,No,5,427.0
53,Hombre,Urbana,Lima Metropolitana,Secundaria,10,35.0,39.0,Empleado,Manufactura,Mas de 50 trabajadores,Si,2,2950.0
54,Hombre,Urbana,Costa,Superior no universitaria,14,36.0,25.0,Trabajador independiente,"Administracion publica, educacion y salud",Mas de 50 trabajadores,No,3,4241.0
43,Mujer,Urbana,Lima Metropolitana,Superior no universitaria,13,22.0,47.0,Obrero,Comercio,Mas de 50 trabajadores,No,3,2669.0
29,Mujer,Urbana,Costa,Superior universitaria,17,6.0,52.0,Trabajador independiente,Manufactura,1 a 10 trabajadores,No,3,1674.0
39,Mujer,Urbana,Lima Metropolitana,Superior universitaria,14,20.0,22.0,Empleado,Comercio,1 a 10 trabajadores,Si,2,3251.0
50,Mujer,Urbana,Costa,Primaria o menos,6,39.0,59.0,Obrero,Manufactura,1 a 10 trabajadores,No,4,1063.0
64,Mujer,Rural,Sierra,Primaria o menos,3,45.0,52.0,Empleado,Agropecuario,1 a 10 trabajadores,No,3,337.0
53,Hombre,Urbana,Sierra,Secundaria,10,37.0,30.0,Trabajador independiente,Comercio,1 a 10 trabajadores,No,6,602.0
26,Hombre,Urbana,Costa,Secundaria,9,13.0,48.0,Obrero,Servicios,Mas de 50 trabajadores,No,5,1691.0
53,Mujer,Urbana,Lima Metropolitana,Superior universitaria,17,28.0,63.0,Trabajador independiente,Servicios,1 a 10 trabajadores,No,7,2515.0
26,Hombre,Urbana,Sierra,Superior universitaria,17,3.0,56.0,Empleado,Manufactura,1 a 10 trabajadores,Si,10,1541.0
40,Mujer,Rural,Sierra,Primaria o menos,3,32.0,24.0,Trabajador independiente,Agropecuario,1 a 10 trabajadores,,4,174.0
19,Mujer,Urbana,Costa,Superior no universitaria,13,0.0,47.0,Obrero,Agropecuario,Mas de 50 trabajadores,No,5,2242.0
29,Hombre,Urbana,Costa,Superior no universitaria,12,13.0,40.0,Trabajador independiente,Comercio,1 a 10 trabajadores,Si,4,1395.0
35,Mujer,Urbana,Lima Metropolitana,Secundaria,11,16.0,55.0,Obrero,"Administracion publica, educacion y salud",Mas de 50 trabajadores,Si,9,6608.0
58,Hombre,Urbana,Costa,Secundaria,9,,44.0,Obrero,Servicios,1 a 10 trabajadores,No,5,1016.0
30,Mujer,Urbana,Sierra,Secundaria,9,20.0,35.0,Empleado,Agropecuario,11 a 50 trabajadores,No,6,727.0
39,Hombre,Urbana,Costa,Superior no universitaria,14,17.0,19.0,Empleado,Agropecuario,1 a 10 trabajadores,Si,4,1072.0
34,Mujer,Urbana,Costa,Superior universitaria,16,11.0,46.0,Trabajador independiente,Comercio,1 a 10 trabajadores,No,4,3039.0
20,Mujer,Urbana,Costa,Secundaria,10,2.0,60.0,Trabajador independiente,"Administracion publica, educacion y salud",1 a 10 trabajadores,No,2,1002.0
30,Hombre,Rural,Sierra,Primaria o menos,2,22.0,8.0,Empleado,Servicios,11 a 50 trabajadores,No,4,399.0
43,Hombre,Urbana,Lima Metropolitana,Superior no universitaria,13,25.0,47.0,Empleado,Servicios,11 a 50 trabajadores,No,3,4025.0
29,Mujer,Urbana,Costa,Secundaria,7,14.0,37.0,Empleado,Comercio,Mas de 50 trabajadores,No,3,657.0
26,Hombre,Urbana,Sierra,Primaria o menos,2,16.0,,Trabajador independiente,Construccion,1 a 10 trabajadores,Si,2,465.0
36,Hombre,Urbana,Sierra,Superior universitaria,15,14.0,59.0,Empleado,Manufactura,11 a 50 trabajadores,Si,4,4554.0
18,Hombre,Urbana,Lima Metropolitana,Secundaria,7,5.0,47.0,Empleado,Manufactura,Mas de 50 trabajadores,Si,5,2215.0
39,Hombre,Urbana,Lima Metropolitana,Primaria o menos,6,31.0,35.0,Trabajador independiente,"Administracion publica, educacion y salud",1 a 10 trabajadores,No,5,1513.0
52,Hombre,Urbana,Lima Metropolitana,Secundaria,9,34.0,49.0,Empleado,Comercio,11 a 50 trabajadores,Si,7,1753.0
34,Hombre,Urbana,Selva,Superior no universitaria,14,13.0,22.0,Empleado,Construccion,Mas de 50 trabajadores,No,5,1932.0
18,Hombre,Urbana,Lima Metropolitana,Superior universitaria,14,0.0,40.0,Trabajador independiente,"Administracion publica, educacion y salud",1 a 10 trabajadores,No,3,1171.0
44,Hombre,Urbana,Lima Metropolitana,Superior universitaria,16,20.0,54.0,Empleado,Comercio,1 a 10 trabajadores,No,3,4394.0
50,Hombre,Urbana,Lima Metropolitana,Superior no universitaria,12,,27.0,Empleado,Servicios,Mas de 50 trabajadores,Si,4,4320.0
24,Mujer,Urbana,Selva,Superior no universitaria,12,7.0,29.0,Trabajador independiente,"Administracion publica, educacion y salud",1 a 10 trabajadores,No,6,1103.0
62,Hombre,Rural,Sierra,Superior no universitaria,14,43.0,57.0,Trabajador independiente,Agropecuario,1 a 10 trabajadores,No,6,434.0
43,Hombre,Urbana,Sierra,Posgrado,18,,46.0,Empleado,Comercio,Mas de 50 trabajadores,Si,4,7839.0
33,Hombre,Rural,Sierra,Secundaria,11,16.0,,Trabajador independiente,Comercio,1 a 10 trabajadores,No,5,224.0
38,Mujer,Urbana,Costa,Secundaria,10,21.0,36.0,Trabajador independiente,Comercio,1 a 10 trabajadores,No,6,741.0
18,Hombre,Rural,Sierra,Secundaria,11,0.0,46.0,Trabajador independiente,Agropecuario,1 a 10 trabajadores,No,6,320.0
27,Mujer,Rural,Sierra,Secundaria,9,15.0,59.0,Empleado,"Administracion publica, educacion y salud",1 a 10 trabajadores,No,5,625.0
45,Hombre,Urbana,Lima Metropolitana,Secundaria,11,24.0,19.0,Trabajador independiente,"Administracion publica, educacion y salud",1 a 10 trabajadores,No,4,1137.0
32,Hombre,Urbana,Sierra,Secundaria,11,16.0,37.0,Trabajador independiente,"Administracion publica, educacion y salud",1 a 10 trabajadores,No,3,1769.0
40,Mujer,Urbana,Lima Metropolitana,Superior no universitaria,12,23.0,53.0,Empleado,Comercio,11 a 50 trabajadores,Si,2,3008.0
40,Hombre,Urbana,Sierra,Primaria o menos,5,32.0,38.0,Empleado,Comercio,Mas de 50 trabajadores,Si,3,825.0
55,Hombre,Urbana,Lima Metropolitana,Secundaria,10,34.0,23.0,Empleado,"Administracion publica, educacion y salud",Mas de 50 trabajadores,No,1,2048.0
18,Hombre,Rural,Selva,Primaria o menos,5,9.0,46.0,Obrero,Agropecuario,1 a 10 trabajadores,No,4,361.0
65,Hombre,Rural,Selva,Secundaria,7,45.0,37.0,Trabajador independiente,Agropecuario,1 a 10 trabajadores,No,6,267.0
30,Hombre,Urbana,Selva,Secundaria,8,14.0,53.0,Obrero,Servicios,11 a 50 trabajadores,Si,8,1165.0
49,Mujer,Urbana,Lima Metropolitana,Secundaria,11,34.0,52.0,Empleado,Manufactura,Mas de 50 trabajadores,No,5,2409.0
46,Mujer,Urbana,Costa,Superior no universitaria,14,27.0,43.0,Trabajador independiente,Comercio,1 a 10 trabajadores,No,7,1266.0
51,Hombre,Urbana,Costa,Secundaria,7,36.0,39.0,Trabajador independiente,Servicios,1 a 10 trabajadores,No,5,575.0
51,Hombre,Urbana,Costa,Superior no universitaria,15,33.0,32.0,Obrero,Construccion,11 a 50 trabajadores,Si,3,3371.0
40,Mujer,Urbana,Lima Metropolitana,Secundaria,9,25.0,51.0,Empleador,"Administracion publica, educacion y salud",1 a 10 trabajadores,Si,4,1621.0
20,Mujer,Urbana,Selva,Secundaria,10,2.0,51.0,Trabajador independiente,"Administracion publica, educacion y salud",1 a 10 trabajadores,No,3,933.0
18,Hombre,Urbana,Lima Metropolitana,Superior universitaria,14,0.0,68.0,Trabajador independiente,Comercio,1 a 10 trabajadores,No,3,2437.0
36,Mujer,Urbana,Lima Metropolitana,Posgrado,17,14.0,42.0,Empleado,Servicios,Mas de 50 trabajadores,Si,1,7376.0
43,Hombre,Urbana,Lima Metropolitana,Superior no universitaria,12,23.0,27.0,Empleado,Comercio,1 a 10 trabajadores,Si,2,1944.0
31,Hombre,Rural,Sierra,Secundaria,9,13.0,39.0,Trabajador independiente,Agropecuario,1 a 10 trabajadores,No,4,288.0
37,Hombre,Rural,Selva,Primaria o menos,2,27.0,24.0,Trabajador independiente,Agropecuario,1 a 10 trabajadores,No,3,324.0
30,Hombre,Urbana,Costa,Secundaria,10,11.0,52.0,Empleado,Construccion,Mas de 50 trabajadores,Si,5,2173.0
49,Mujer,Rural,Selva,Secundaria,11,28.0,27.0,Trabajador independiente,Agropecuario,1 a 10 trabajadores,No,5,176.0
29,Hombre,Rural,Sierra,Primaria o menos,2,20.0,36.0,Empleado,Agropecuario,1 a 10 trabajadores,Si,5,175.0
31,Hombre,Urbana,Lima Metropolitana,Superior universitaria,14,14.0,39.0,Empleado,Construccion,1 a 10 trabajadores,No,2,1443.0
43,Hombre,Urbana,Lima Metropolitana,Secundaria,7,34.0,50.0,Empleado,Manufactura,Mas de 50 trabajadores,No,5,2601.0
55,Mujer,Urbana,Sierra,Superior no universitaria,15,36.0,46.0,Trabajador independiente,"Administracion publica, educacion y salud",1 a 10 trabajadores,Si,5,1194.0
54,Hombre,Urbana,Costa,Secundaria,7,44.0,34.0,Empleado,Comercio,1 a 10 trabajadores,No,3,780.0
33,Hombre,Urbana,Lima Metropolitana,Superior universitaria,15,14.0,44.0,Empleado,Servicios,1 a 10 trabajadores,No,7,4467.0
36,Hombre,Urbana,Costa,Superior no universitaria,14,17.0,50.0,Trabajador independiente,Manufactura,1 a 10 trabajadores,No,3,1682.0
41,Hombre,Urbana,Lima Metropolitana,Secundaria,7,27.0,54.0,Obrero,Comercio,11 a 50 trabajadores,No,2,1532.0
50,Mujer,Urbana,Lima Metropolitana,Superior no universitaria,14,31.0,53.0,Empleado,"Administracion publica, educacion y salud",1 a 10 trabajadores,Si,6,9636.0
31,Hombre,Urbana,Selva,Superior universitaria,17,10.0,19.0,Empleado,Comercio,11 a 50 trabajadores,Si,1,2009.0
39,Hombre,Urbana,Costa,Superior universitaria,14,21.0,62.0,Empleado,Servicios,Mas de 50 trabajadores,Si,10,2996.0
36,Hombre,Urbana,Lima Metropolitana,Secundaria,10,20.0,44.0,Trabajador independiente,Servicios,1 a 10 trabajadores,No,6,1815.0
28,Mujer,Urbana,Lima Metropolitana,Secundaria,7,19.0,35.0,Empleado,Comercio,1 a 10 trabajadores,No,1,750.0
47,Mujer,Urbana,Lima Metropolitana,Secundaria,9,31.0,40.0,Trabajador independiente,"Administracion publica, educacion y salud",1 a 10 trabajadores,No,4,889.0
36,Hombre,Urbana,Costa,Secundaria,8,24.0,82.0,Empleado,Construccion,11 a 50 trabajadores,Si,4,1981.0
39,Mujer,Urbana,Costa,Secundaria,11,20.0,40.0,Empleador,Servicios,11 a 50 trabajadores,No,4,1778.0
43,Mujer,Urbana,Sierra,Primaria o menos,4,30.0,50.0,Empleado,Comercio,1 a 10 trabajadores,Si,5,536.0
64,Hombre,Urbana,Costa,Superior no universitaria,12,45.0,24.0,Trabajador independiente,Comercio,1 a 10 trabajadores,No,9,1027.0
25,Hombre,Urbana,Lima Metropolitana,Secundaria,11,7.0,50.0,Trabajador independiente,Servicios,11 a 50 trabajadores,No,3,1654.0
22,Mujer,Rural,Costa,Secundaria,7,12.0,9.0,Trabajador independiente,Agropecuario,1 a 10 trabajadores,No,4,176.0
33,Hombre,Rural,Selva,Secundaria,10,17.0,36.0,Trabajador independiente,Agropecuario,11 a 50 trabajadores,No,5,329.0
63,Mujer,Urbana,Sierra,Superior no universitaria,13,43.0,47.0,Empleado,"Administracion publica, educacion y salud",Mas de 50 trabajadores,Si,6,2227.0
52,Hombre,Urbana,Costa,Superior no universitaria,14,33.0,30.0,Trabajador independiente,Construccion,1 a 10 trabajadores,No,2,993.0
38,Hombre,Urbana,Lima Metropolitana,Posgrado,18,14.0,40.0,Empleado,Servicios,1 a 10 trabajadores,Si,5,6662.0
29,Mujer,Urbana,Lima Metropolitana,Superior no universitaria,14,8.0,33.0,Obrero,"Administracion publica, educacion y salud",1 a 10 trabajadores,No,7,1290.0
41,Hombre,Urbana,Lima Metropolitana,Secundaria,11,22.0,41.0,Empleador,Servicios,11 a 50 trabajadores,No,7,3148.0
28,Hombre,Urbana,Costa,Primaria o menos,6,18.0,33.0,Empleado,"Administracion publica, educacion y salud",11 a 50 trabajadores,Si,3,3278.0
23,Mujer,Rural,Sierra,Secundaria,11,6.0,46.0,Trabajador independiente,Agropecuario,1 a 10 trabajadores,Si,4,236.0
37,Mujer,Urbana,Costa,Secundaria,9,,38.0,Trabajador independiente,Comercio,1 a 10 trabajadores,No,4,890.0
28,Hombre,Urbana,Sierra,Superior no universitaria,15,6.0,46.0,Trabajador independiente,Comercio,1 a 10 trabajadores,No,4,826.0
37,Mujer,Urbana,Selva,Secundaria,7,25.0,41.0,Empleado,"Administracion publica, educacion y salud",Mas de 50 trabajadores,Si,3,4113.0
33,Hombre,Urbana,Lima Metropolitana,Secundaria,11,12.0,64.0,Trabajador independiente,Comercio,1 a 10 trabajadores,No,4,1322.0
18,Hombre,Rural,Costa,Secundaria,7,6.0,41.0,Trabajador independiente,Agropecuario,1 a 10 trabajadores,No,5,193.0
46,Hombre,Urbana,Sierra,Superior universitaria,16,21.0,,Empleado,Servicios,1 a 10 trabajadores,No,3,1586.0
32,Mujer,Rural,Sierra,Secundaria,10,11.0,37.0,Trabajador independiente,Agropecuario,1 a 10 trabajadores,No,5,335.0
24,Mujer,Urbana,Lima Metropolitana,Secundaria,10,9.0,62.0,Empleado,Construccion,Mas de 50 trabajadores,No,6,2453.0
39,Hombre,Urbana,Sierra,Secundaria,9,26.0,47.0,Obrero,Servicios,11 a 50 trabajadores,No,3,1678.0
41,Hombre,Urbana,Costa,Superior no universitaria,15,17.0,24.0,Empleado,Servicios,1 a 10 trabajadores,Si,7,2279.0
46,Mujer,Rural,Sierra,Secundaria,10,31.0,48.0,Trabajador independiente,Agropecuario,1 a 10 trabajadores,No,4,225.0
34,Hombre,Rural,Sierra,Secundaria,9,19.0,30.0,Trabajador independiente,Agropecuario,1 a 10 trabajadores,,5,262.0
33,Hombre,Urbana,Costa,Superior no universitaria,13,15.0,33.0,Empleado,Manufactura,11 a 50 trabajadores,Si,3,1981.0
39,Hombre,Rural,Selva,Secundaria,10,24.0,33.0,Trabajador independiente,Comercio,1 a 10 trabajadores,No,3,417.0
38,Hombre,Urbana,Costa,Superior universitaria,14,19.0,55.0,Trabajador independiente,"Administracion publica, educacion y salud",1 a 10 trabajadores,No,4,2095.0
28,Mujer,Rural,Selva,Primaria o menos,4,22.0,43.0,Trabajador independiente,Agropecuario,1 a 10 trabajadores,No,3,233.0
26,Hombre,Urbana,Lima Metropolitana,Superior universitaria,16,3.0,40.0,Empleado,Servicios,11 a 50 trabajadores,Si,5,3667.0
61,Hombre,Urbana,Sierra,Superior universitaria,15,41.0,46.0,Empleado,Comercio,Mas de 50 trabajadores,Si,3,3405.0
39,Mujer,Rural,Costa,Primaria o menos,4,28.0,33.0,Trabajador independiente,Agropecuario,1 a 10 trabajadores,No,4,300.0
26,Mujer,Urbana,Lima Metropolitana,Secundaria,7,11.0,48.0,Trabajador independiente,Agropecuario,1 a 10 trabajadores,No,4,387.0
30,Hombre,Urbana,Sierra,Superior universitaria,14,11.0,41.0,Empleado,"Administracion publica, educacion y salud",Mas de 50 trabajadores,Si,2,3865.0
29,Mujer,Urbana,Sierra,Secundaria,9,16.0,47.0,Obrero,"Administracion publica, educacion y salud",1 a 10 trabajadores,No,4,1365.0
29,Hombre,Rural,Selva,Secundaria,11,14.0,24.0,Trabajador independiente,Agropecuario,11 a 50 trabajadores,No,2,343.0
21,Hombre,Urbana,Sierra,Superior universitaria,17,0.0,63.0,Trabajador independiente,Servicios,1 a 10 trabajadores,No,4,1189.0
52,Hombre,Urbana,Sierra,Superior universitaria,16,29.0,41.0,Empleado,Construccion,1 a 10 trabajadores,Si,1,2656.0
57,Mujer,Urbana,Costa,Superior no universitaria,12,40.0,50.0,Trabajador independiente,Comercio,1 a 10 trabajadores,No,3,1126.0
41,Hombre,Rural,Sierra,Secundaria,9,29.0,18.0,Trabajador independiente,Comercio,1 a 10 trabajadores,No,2,181.0
43,Mujer,Rural,Sierra,Primaria o menos,6,34.0,39.0,Obrero,Agropecuario,1 a 10 trabajadores,No,5,159.0
28,Mujer,Urbana,Lima Metropolitana,Superior no universitaria,13,11.0,44.0,Empleado,"Administracion publica, educacion y salud",1 a 10 trabajadores,No,5,2646.0
41,Mujer,Urbana,Lima Metropolitana,Superior no universitaria,15,24.0,42.0,Empleado,"Administracion publica, educacion y salud",Mas de 50 trabajadores,No,10,3932.0
55,Mujer,Urbana,Costa,Superior no universitaria,14,37.0,35.0,Trabajador independiente,"Administracion publica, educacion y salud",1 a 10 trabajadores,No,4,2431.0
42,Mujer,Rural,Sierra,Secundaria,9,26.0,34.0,Trabajador independiente,Manufactura,1 a 10 trabajadores,No,6,347.0
28,Hombre,Urbana,Lima Metropolitana,Superior no universitaria,15,6.0,51.0,Obrero,"Administracion publica, educacion y salud",1 a 10 trabajadores,No,7,1520.0
48,Hombre,Rural,Sierra,Primaria o menos,3,38.0,58.0,Trabajador independiente,"Administracion publica, educacion y salud",1 a 10 trabajadores,No,8,478.0
18,Mujer,Urbana,Sierra,Superior universitaria,16,0.0,54.0,Trabajador independiente,Servicios,1 a 10 trabajadores,No,2,1689.0
43,Hombre,Urbana,Costa,Superior no universitaria,12,21.0,28.0,Empleado,Comercio,1 a 10 trabajadores,Si,3,1526.0
38,Mujer,Rural,Sierra,Primaria o menos,5,25.0,58.0,Trabajador independiente,Agropecuario,1 a 10 trabajadores,No,4,150.0
56,Mujer,Urbana,Lima Metropolitana,Superior no universitaria,14,37.0,19.0,Trabajador independiente,Servicios,1 a 10 trabajadores,No,6,1104.0
48,Mujer,Urbana,Lima Metropolitana,Secundaria,10,33.0,46.0,Trabajador independiente,"Administracion publica, educacion y salud",1 a 10 trabajadores,No,8,996.0
65,Mujer,Urbana,Sierra,Secundaria,8,45.0,48.0,Trabajador independiente,Manufactura,1 a 10 trabajadores,No,4,444.0
38,Mujer,Rural,Sierra,Primaria o menos,2,31.0,29.0,Trabajador independiente,"Administracion publica, educacion y salud",1 a 10 trabajadores,No,3,170.0
51,Hombre,Rural,Sierra,Primaria o menos,3,40.0,53.0,Trabajador independiente,Manufactura,1 a 10 trabajadores,No,2,364.0
23,Hombre,Urbana,Sierra,Superior no universitaria,15,4.0,43.0,Trabajador independiente,Manufactura,1 a 10 trabajadores,No,5,1161.0
28,Hombre,Rural,Selva,Primaria o menos,2,18.0,40.0,Obrero,Agropecuario,Mas de 50 trabajadores,No,4,379.0
31,Hombre,Rural,Sierra,Primaria o menos,5,20.0,30.0,Trabajador independiente,Agropecuario,1 a 10 trabajadores,No,2,284.0
38,Hombre,Urbana,Lima Metropolitana,Superior universitaria,14,17.0,36.0,Trabajador independiente,Comercio,1 a 10 trabajadores,No,8,1717.0
18,Mujer,Urbana,Lima Metropolitana,Secundaria,10,3.0,43.0,Empleado,Servicios,Mas de 50 trabajadores,Si,1,3720.0
42,Mujer,Rural,Selva,Secundaria,9,26.0,45.0,Trabajador independiente,Agropecuario,1 a 10 trabajadores,No,4,213.0
40,Hombre,Rural,Sierra,Primaria o menos,4,28.0,47.0,Trabajador independiente,Agropecuario,1 a 10 trabajadores,No,4,186.0
35,Mujer,Urbana,Lima Metropolitana,Superior universitaria,16,10.0,56.0,Empleado,Manufactura,11 a 50 trabajadores,No,3,3962.0
32,Mujer,Urbana,Costa,Superior no universitaria,15,12.0,54.0,Empleado,Comercio,Mas de 50 trabajadores,Si,7,6017.0
38,Mujer,Urbana,Selva,Superior no universitaria,13,18.0,44.0,Obrero,"Administracion publica, educacion y salud",1 a 10 trabajadores,No,4,1467.0
42,Hombre,Urbana,Selva,Secundaria,8,30.0,50.0,Empleado,"Administracion publica, educacion y salud",1 a 10 trabajadores,Si,2,1434.0
29,Mujer,Urbana,Sierra,Secundaria,8,12.0,66.0,Empleado,Servicios,Mas de 50 trabajadores,Si,5,917.0
24,Mujer,Urbana,Costa,Superior universitaria,14,5.0,32.0,Empleado,Servicios,11 a 50 trabajadores,Si,5,1788.0
62,Hombre,Urbana,Lima Metropolitana,Secundaria,11,45.0,51.0,Empleado,Servicios,1 a 10 trabajadores,No,3,1294.0
42,Hombre,Rural,Selva,Primaria o menos,5,30.0,17.0,Obrero,Agropecuario,1 a 10 trabajadores,No,6,150.0
40,Hombre,Urbana,Lima Metropolitana,Superior universitaria,16,17.0,33.0,Empleado,Manufactura,1 a 10 trabajadores,Si,7,5388.0
32,Mujer,Urbana,Selva,Superior universitaria,15,14.0,40.0,Trabajador independiente,Construccion,1 a 10 trabajadores,No,4,2682.0
30,Mujer,Urbana,Costa,Superior no universitaria,13,11.0,59.0,Obrero,Manufactura,Mas de 50 trabajadores,No,5,2434.0
47,Mujer,Urbana,Sierra,Secundaria,7,33.0,44.0,Trabajador independiente,Servicios,1 a 10 trabajadores,No,3,545.0
35,Hombre,Urbana,Sierra,Superior universitaria,15,16.0,33.0,Trabajador independiente,Servicios,1 a 10 trabajadores,No,3,1472.0
26,Hombre,Urbana,Lima Metropolitana,Superior no universitaria,12,9.0,,Trabajador independiente,Comercio,1 a 10 trabajadores,No,4,1323.0
18,Mujer,Rural,Selva,Primaria o menos,4,9.0,29.0,Trabajador independiente,Agropecuario,1 a 10 trabajadores,No,4,150.0
37,Mujer,Urbana,Lima Metropolitana,Superior universitaria,16,18.0,53.0,Empleado,"Administracion publica, educacion y salud",1 a 10 trabajadores,No,5,4397.0
57,Hombre,Rural,Sierra,Primaria o menos,3,45.0,,Trabajador independiente,Agropecuario,11 a 50 trabajadores,No,8,174.0
36,Hombre,Urbana,Sierra,Secundaria,9,23.0,45.0,Empleador,Comercio,1 a 10 trabajadores,No,3,1832.0
33,Mujer,Urbana,Lima Metropolitana,Secundaria,9,19.0,32.0,Trabajador independiente,Servicios,1 a 10 trabajadores,No,6,1216.0
51,Hombre,Urbana,Costa,Superior universitaria,14,30.0,69.0,Trabajador independiente,Comercio,1 a 10 trabajadores,No,1,2509.0
44,Hombre,Urbana,Lima Metropolitana,Superior universitaria,16,25.0,57.0,Empleado,Comercio,Mas de 50 trabajadores,Si,3,11284.0
28,Hombre,Urbana,Sierra,Secundaria,8,12.0,60.0,Empleado,Servicios,Mas de 50 trabajadores,Si,3,3493.0
50,Mujer,Urbana,Lima Metropolitana,Secundaria,10,29.0,58.0,Trabajador independiente,Servicios,1 a 10 trabajadores,No,4,908.0
36,Hombre,Urbana,Lima Metropolitana,Secundaria,11,18.0,53.0,Obrero,"Administracion publica, educacion y salud",Mas de 50 trabajadores,Si,2,3792.0
21,Mujer,Urbana,Costa,Secundaria,11,3.0,25.0,Empleado,Construccion,Mas de 50 trabajadores,No,3,887.0
37,Hombre,Urbana,Selva,Secundaria,10,22.0,47.0,Empleado,Servicios,Mas de 50 trabajadores,Si,5,2633.0
24,Mujer,Rural,Selva,Primaria o menos,4,15.0,36.0,Empleado,Servicios,Mas de 50 trabajadores,No,5,452.0
37,Mujer,Urbana,Lima Metropolitana,Secundaria,9,22.0,60.0,Trabajador independiente,Comercio,1 a 10 trabajadores,No,8,1600.0
42,Mujer,Rural,Sierra,Superior no universitaria,15,17.0,30.0,Trabajador independiente,Agropecuario,1 a 10 trabajadores,No,3,307.0
38,Hombre,Urbana,Lima Metropolitana,Superior no universitaria,14,18.0,67.0,Trabajador independiente,Manufactura,1 a 10 trabajadores,Si,6,2768.0
43,Hombre,Urbana,Sierra,Secundaria,11,26.0,47.0,Empleado,Comercio,Mas de 50 trabajadores,Si,1,2692.0
43,Hombre,Urbana,Lima Metropolitana,Secundaria,11,25.0,35.0,Obrero,Construccion,1 a 10 trabajadores,No,1,1950.0
28,Mujer,Rural,Costa,Secundaria,11,10.0,60.0,Trabajador independiente,Agropecuario,1 a 10 trabajadores,No,4,263.0
46,Mujer,Rural,Sierra,Superior no universitaria,14,28.0,76.0,Trabajador independiente,Agropecuario,11 a 50 trabajadores,No,4,361.0
37,Mujer,Urbana,Lima Metropolitana,Superior no universitaria,13,15.0,46.0,Trabajador independiente,Servicios,1 a 10 trabajadores,No,3,2014.0
35,Mujer,Urbana,Lima Metropolitana,Secundaria,10,20.0,49.0,Empleado,"Administracion publica, educacion y salud",1 a 10 trabajadores,Si,1,2146.0
56,Hombre,Urbana,Costa,Superior universitaria,14,37.0,39.0,Empleado,Comercio,11 a 50 trabajadores,Si,3,1833.0
36,Hombre,Urbana,Selva,Secundaria,9,22.0,30.0,Empleado,Comercio,Mas de 50 trabajadores,Si,5,2343.0
65,Hombre,Urbana,Lima Metropolitana,Secundaria,9,45.0,59.0,Empleado,Manufactura,1 a 10 trabajadores,No,5,2005.0
44,Hombre,Urbana,Sierra,Primaria o menos,2,36.0,57.0,Trabajador independiente,"Administracion publica, educacion y salud",1 a 10 trabajadores,No,7,540.0
43,Hombre,Urbana,Lima Metropolitana,Superior no universitaria,13,22.0,38.0,Empleado,Servicios,1 a 10 trabajadores,No,6,1771.0
48,Hombre,Urbana,Sierra,Secundaria,8,33.0,32.0,Empleado,Construccion,1 a 10 trabajadores,No,5,1400.0
49,Hombre,Urbana,Sierra,Secundaria,11,34.0,47.0,Empleado,Servicios,Mas de 50 trabajadores,Si,5,3719.0
30,Hombre,Urbana,Costa,Secundaria,9,17.0,33.0,Trabajador independiente,Comercio,1 a 10 trabajadores,No,6,780.0
45,Hombre,Rural,Selva,Primaria o menos,2,37.0,38.0,Trabajador independiente,Agropecuario,1 a 10 trabajadores,No,3,150.0
34,Hombre,Urbana,Lima Metropolitana,Secundaria,8,20.0,79.0,Trabajador independiente,"Administracion publica, educacion y salud",1 a 10 trabajadores,No,4,1518.0
18,Mujer,Urbana,Costa,Superior no universitaria,12,0.0,36.0,Empleado,Servicios,11 a 50 trabajadores,No,5,1103.0
19,Mujer,Urbana,Costa,Secundaria,8,7.0,56.0,Trabajador independiente,Servicios,11 a 50 trabajadores,No,4,772.0
35,Mujer,Urbana,Lima Metropolitana,Superior universitaria,16,12.0,41.0,Empleado,Servicios,1 a 10 trabajadores,No,4,3223.0
40,Hombre,Urbana,Lima Metropolitana,Primaria o menos,2,33.0,50.0,Trabajador independiente,Comercio,11 a 50 trabajadores,No,2,468.0
40,Hombre,Urbana,Sierra,Superior no universitaria,13,24.0,62.0,Trabajador independiente,"Administracion publica, educacion y salud",1 a 10 trabajadores,No,3,1486.0
47,Hombre,Urbana,Lima Metropolitana,Superior no universitaria,12,29.0,50.0,Empleador,Comercio,1 a 10 trabajadores,No,3,2646.0
45,Mujer,Urbana,Sierra,Superior universitaria,14,25.0,53.0,Trabajador independiente,Servicios,1 a 10 trabajadores,Si,7,1789.0
46,Mujer,Urbana,Costa,Secundaria,11,29.0,43.0,Empleado,Manufactura,Mas de 50 trabajadores,Si,2,2489.0
60,Hombre,Urbana,Sierra,Secundaria,8,45.0,58.0,Trabajador independiente,"Administracion publica, educacion y salud",1 a 10 trabajadores,No,6,916.0
25,Hombre,Rural,Sierra,Superior no universitaria,13,7.0,25.0,Empleado,Construccion,11 a 50 trabajadores,Si,5,386.0
41,Hombre,Urbana,Sierra,Primaria o menos,2,35.0,62.0,Empleador,Servicios,Mas de 50 trabajadores,Si,5,2323.0
31,Mujer,Rural,Sierra,Secundaria,7,20.0,22.0,Empleado,Construccion,Mas de 50 trabajadores,No,1,419.0
34,Hombre,Urbana,Selva,Superior universitaria,16,13.0,48.0,Empleador,Servicios,11 a 50 trabajadores,Si,3,2806.0
31,Hombre,Urbana,Costa,Secundaria,7,17.0,31.0,Trabajador independiente,Servicios,1 a 10 trabajadores,No,6,1375.0
35,Mujer,Rural,Sierra,Secundaria,7,23.0,49.0,Trabajador independiente,Servicios,1 a 10 trabajadores,No,3,313.0
53,Hombre,Urbana,Sierra,Secundaria,8,37.0,40.0,Empleado,Servicios,11 a 50 trabajadores,No,9,719.0
62,Hombre,Rural,Selva,Secundaria,7,45.0,45.0,Trabajador independiente,Servicios,1 a 10 trabajadores,No,6,426.0
21,Mujer,Urbana,Selva,Secundaria,10,6.0,49.0,Obrero,Manufactura,11 a 50 trabajadores,Si,6,641.0
25,Mujer,Rural,Sierra,Primaria o menos,2,21.0,13.0,Trabajador independiente,Agropecuario,1 a 10 trabajadores,No,5,150.0
33,Mujer,Urbana,Costa,Superior no universitaria,13,15.0,47.0,Trabajador independiente,Servicios,1 a 10 trabajadores,No,4,1072.0
43,Hombre,Urbana,Lima Metropolitana,Secundaria,10,27.0,31.0,Empleado,Comercio,Mas de 50 trabajadores,No,6,2867.0
52,Mujer,Urbana,Sierra,Superior universitaria,16,29.0,43.0,Empleado,Comercio,Mas de 50 trabajadores,Si,6,6174.0
45,Mujer,Rural,Sierra,Secundaria,11,27.0,8.0,Trabajador independiente,Agropecuario,1 a 10 trabajadores,No,3,182.0
38,Mujer,Rural,Selva,Primaria o menos,5,,58.0,Empleado,Agropecuario,1 a 10 trabajadores,No,8,290.0
35,Hombre,Urbana,Sierra,Superior universitaria,17,14.0,48.0,Obrero,Comercio,11 a 50 trabajadores,No,3,2271.0
35,Hombre,Urbana,Costa,Superior no universitaria,14,16.0,45.0,Empleador,Servicios,1 a 10 trabajadores,No,4,4045.0
57,Hombre,Urbana,Sierra,Superior no universitaria,13,37.0,63.0,Empleado,Comercio,1 a 10 trabajadores,No,3,1937.0
40,Mujer,Urbana,Lima Metropolitana,Secundaria,7,27.0,48.0,Empleado,Comercio,Mas de 50 trabajadores,No,3,1141.0
62,Hombre,Urbana,Costa,Superior universitaria,16,42.0,55.0,Empleado,"Administracion publica, educacion y salud",Mas de 50 trabajadores,Si,3,6873.0
30,Hombre,Urbana,Selva,Superior universitaria,17,6.0,47.0,Empleado,Comercio,11 a 50 trabajadores,Si,7,2783.0
52,Mujer,Urbana,Costa,Secundaria,8,37.0,28.0,Empleado,Servicios,1 a 10 trabajadores,No,3,756.0
49,Mujer,Urbana,Lima Metropolitana,Superior no universitaria,13,28.0,52.0,Empleado,"Administracion publica, educacion y salud",Mas de 50 trabajadores,Si,6,5740.0
60,Mujer,Urbana,Lima Metropolitana,Superior no universitaria,14,39.0,50.0,Empleado,"Administracion publica, educacion y salud",1 a 10 trabajadores,Si,3,3768.0
42,Mujer,Urbana,Lima Metropolitana,Superior no universitaria,15,22.0,36.0,Trabajador independiente,"Administracion publica, educacion y salud",1 a 10 trabajadores,No,4,2015.0
35,Hombre,Rural,Sierra,Primaria o menos,2,25.0,55.0,Trabajador independiente,Agropecuario,1 a 10 trabajadores,No,3,249.0
47,Hombre,Urbana,Costa,Primaria o menos,2,42.0,44.0,Empleado,Comercio,1 a 10 trabajadores,No,5,363.0
48,Hombre,Urbana,Costa,Superior no universitaria,14,28.0,23.0,Empleado,Manufactura,1 a 10 trabajadores,No,2,3086.0
40,Hombre,Urbana,Costa,Secundaria,8,25.0,38.0,Trabajador independiente,"Administracion publica, educacion y salud",1 a 10 trabajadores,No,5,711.0
39,Mujer,Urbana,Sierra,Secundaria,9,23.0,39.0,Empleador,Construccion,Mas de 50 trabajadores,No,5,2841.0
37,Hombre,Urbana,Costa,Secundaria,8,21.0,36.0,Trabajador independiente,Servicios,1 a 10 trabajadores,No,5,763.0
46,Hombre,Urbana,Lima Metropolitana,Secundaria,8,31.0,18.0,Empleado,Manufactura,11 a 50 trabajadores,Si,5,1565.0
50,Mujer,Urbana,Lima Metropolitana,Superior universitaria,15,31.0,43.0,Empleado,Servicios,11 a 50 trabajadores,Si,5,4881.0
30,Mujer,Urbana,Selva,Secundaria,9,13.0,28.0,Empleado,Manufactura,1 a 10 trabajadores,No,3,1357.0
42,Hombre,Urbana,Lima Metropolitana,Primaria o menos,2,35.0,79.0,Trabajador independiente,Comercio,1 a 10 trabajadores,No,9,621.0
36,Mujer,Urbana,Selva,Superior no universitaria,12,16.0,48.0,Trabajador independiente,Comercio,1 a 10 trabajadores,No,5,1190.0
50,Hombre,Rural,Sierra,Primaria o menos,5,41.0,36.0,Trabajador independiente,Agropecuario,1 a 10 trabajadores,No,5,187.0
30,Mujer,Urbana,Sierra,Secundaria,9,16.0,8.0,Trabajador independiente,Servicios,1 a 10 trabajadores,No,6,631.0
35,Mujer,Rural,Sierra,Secundaria,8,19.0,49.0,Trabajador independiente,Agropecuario,11 a 50 trabajadores,No,5,246.0
30,Mujer,Urbana,Sierra,Secundaria,7,18.0,38.0,Empleado,Comercio,Mas de 50 trabajadores,No,4,1371.0
31,Mujer,Urbana,Costa,Superior no universitaria,14,11.0,43.0,Obrero,Servicios,Mas de 50 trabajadores,Si,4,2397.0
46,Hombre,Rural,Sierra,Secundaria,8,36.0,37.0,Obrero,Construccion,Mas de 50 trabajadores,No,2,694.0
54,Mujer,Urbana,Selva,Secundaria,9,37.0,45.0,Empleador,"Administracion publica, educacion y salud",1 a 10 trabajadores,No,2,1273.0
26,Mujer,Urbana,Sierra,Posgrado,19,2.0,28.0,Empleado,Servicios,1 a 10 trabajadores,No,5,1494.0
35,Mujer,Rural,Selva,Secundaria,7,20.0,43.0,Trabajador independiente,Agropecuario,1 a 10 trabajadores,No,4,179.0
38,Hombre,Urbana,Sierra,Superior no universitaria,15,16.0,46.0,Empleado,"Administracion publica, educacion y salud",Mas de 50 trabajadores,Si,3,3385.0
52,Hombre,Urbana,Costa,Superior universitaria,17,29.0,38.0,Empleado,Manufactura,1 a 10 trabajadores,No,6,2782.0
59,Mujer,Rural,Costa,Secundaria,8,45.0,57.0,Empleado,Agropecuario,1 a 10 trabajadores,Si,6,802.0
36,Hombre,Urbana,Sierra,Superior no universitaria,13,16.0,51.0,Trabajador independiente,"Administracion publica, educacion y salud",1 a 10 trabajadores,No,6,1484.0
27,Hombre,Urbana,Lima Metropolitana,Secundaria,9,15.0,53.0,Empleado,Manufactura,11 a 50 trabajadores,Si,2,2296.0
34,Hombre,Rural,Sierra,Secundaria,10,16.0,13.0,Trabajador independiente,Agropecuario,1 a 10 trabajadores,No,7,150.0
43,Hombre,Rural,Sierra,Secundaria,11,26.0,50.0,Trabajador independiente,Comercio,1 a 10 trabajadores,No,4,294.0
49,Mujer,Urbana,Selva,Superior universitaria,17,26.0,54.0,Empleado,Comercio,1 a 10 trabajadores,No,5,3630.0
57,Mujer,Urbana,Lima Metropolitana,Primaria o menos,5,45.0,26.0,Empleado,Servicios,Mas de 50 trabajadores,No,2,864.0
23,Mujer,Urbana,Lima Metropolitana,Superior no universitaria,15,1.0,43.0,Trabajador independiente,Comercio,1 a 10 trabajadores,No,3,1235.0
53,Mujer,Urbana,Lima Metropolitana,Secundaria,11,38.0,35.0,Trabajador independiente,Manufactura,1 a 10 trabajadores,No,5,1075.0
19,Mujer,Urbana,Lima Metropolitana,Superior no universitaria,13,0.0,39.0,Empleado,Manufactura,1 a 10 trabajadores,No,6,1023.0
18,Hombre,Urbana,Lima Metropolitana,Secundaria,9,1.0,54.0,Empleado,Servicios,Mas de 50 trabajadores,Si,4,2318.0
34,Hombre,Rural,Sierra,Secundaria,7,23.0,39.0,Trabajador independiente,Agropecuario,1 a 10 trabajadores,No,6,405.0
38,Mujer,Rural,Costa,Primaria o menos,3,31.0,45.0,Trabajador independiente,Agropecuario,1 a 10 trabajadores,No,2,216.0
23,Hombre,Urbana,Lima Metropolitana,Secundaria,11,3.0,61.0,Empleado,Servicios,Mas de 50 trabajadores,Si,7,2662.0
39,Hombre,Urbana,Sierra,Primaria o menos,4,26.0,10.0,Empleado,"Administracion publica, educacion y salud",Mas de 50 trabajadores,Si,4,1127.0
65,Hombre,Urbana,Sierra,Primaria o menos,6,45.0,42.0,Obrero,Comercio,Mas de 50 trabajadores,No,4,923.0
45,Hombre,Rural,Sierra,Primaria o menos,2,38.0,32.0,Trabajador independiente,Agropecuario,1 a 10 trabajadores,No,4,195.0
18,Hombre,Urbana,Costa,Superior universitaria,15,0.0,35.0,Empleado,Comercio,1 a 10 trabajadores,Si,7,1878.0
45,Mujer,Urbana,Costa,Superior no universitaria,12,30.0,50.0,Empleador,Servicios,Mas de 50 trabajadores,Si,6,4100.0
51,Hombre,Urbana,Costa,Superior universitaria,16,31.0,56.0,Trabajador independiente,Servicios,1 a 10 trabajadores,No,4,2989.0
51,Mujer,Urbana,Costa,Secundaria,7,37.0,46.0,Empleado,Servicios,1 a 10 trabajadores,No,6,639.0
38,Hombre,Urbana,Lima Metropolitana,Secundaria,11,22.0,60.0,Empleado,Construccion,11 a 50 trabajadores,Si,4,3147.0
36,Mujer,Urbana,Sierra,Superior universitaria,17,13.0,37.0,Trabajador independiente,Agropecuario,1 a 10 trabajadores,No,3,1630.0
45,Hombre,Urbana,Lima Metropolitana,Superior universitaria,17,21.0,16.0,Trabajador independiente,Comercio,1 a 10 trabajadores,No,9,1949.0
38,Mujer,Urbana,Lima Metropolitana,Superior universitaria,14,17.0,38.0,Trabajador independiente,Construccion,1 a 10 trabajadores,No,3,2814.0
48,Hombre,Urbana,Lima Metropolitana,Superior universitaria,14,30.0,46.0,Empleado,Comercio,Mas de 50 trabajadores,Si,7,5334.0
23,Mujer,Urbana,Lima Metropolitana,Secundaria,8,11.0,52.0,Trabajador independiente,"Administracion publica, educacion y salud",1 a 10 trabajadores,No,2,1204.0
52,Hombre,Urbana,Lima Metropolitana,Secundaria,11,38.0,27.0,Empleado,Manufactura,11 a 50 trabajadores,Si,4,1903.0
43,Hombre,Urbana,Sierra,Secundaria,8,29.0,35.0,Trabajador independiente,Servicios,1 a 10 trabajadores,No,5,755.0
44,Mujer,Urbana,Lima Metropolitana,Superior universitaria,17,20.0,43.0,Empleado,Manufactura,1 a 10 trabajadores,No,7,3381.0
51,Mujer,Urbana,Lima Metropolitana,Posgrado,18,26.0,,Empleado,Comercio,11 a 50 trabajadores,No,7,3085.0
59,Hombre,Rural,Selva,Secundaria,8,44.0,26.0,Empleado,Agropecuario,1 a 10 trabajadores,No,5,347.0
43,Hombre,Urbana,Costa,Superior universitaria,17,19.0,51.0,Empleado,Manufactura,1 a 10 trabajadores,Si,2,4684.0
65,Hombre,Urbana,Lima Metropolitana,Secundaria,8,45.0,44.0,Trabajador independiente,Manufactura,1 a 10 trabajadores,No,3,850.0
56,Hombre,Rural,Selva,Secundaria,10,40.0,48.0,Trabajador independiente,Agropecuario,1 a 10 trabajadores,No,4,352.0
24,Hombre,Urbana,Sierra,Superior universitaria,16,6.0,33.0,Empleado,"Administracion publica, educacion y salud",11 a 50 trabajadores,Si,8,3970.0
39,Hombre,Rural,Sierra,Secundaria,7,28.0,51.0,Trabajador independiente,Agropecuario,1 a 10 trabajadores,No,4,386.0
52,Mujer,Rural,Selva,Secundaria,10,37.0,42.0,Trabajador independiente,Servicios,1 a 10 trabajadores,No,4,268.0
36,Mujer,Urbana,Sierra,Posgrado,17,14.0,32.0,Empleado,Construccion,1 a 10 trabajadores,No,5,2444.0
26,Mujer,Rural,Sierra,Primaria o menos,2,21.0,29.0,Trabajador independiente,"Administracion publica, educacion y salud",1 a 10 trabajadores,No,3,544.0
28,Mujer,Urbana,Lima Metropolitana,Secundaria,9,16.0,26.0,Trabajador independiente,Comercio,1 a 10 trabajadores,No,5,1022.0
44,Hombre,Urbana,Sierra,Secundaria,10,28.0,39.0,Obrero,Servicios,1 a 10 trabajadores,,2,914.0
25,Hombre,Urbana,Selva,Superior no universitaria,13,6.0,48.0,Empleado,Comercio,Mas de 50 trabajadores,Si,1,3324.0
19,Hombre,Urbana,Lima Metropolitana,Superior no universitaria,14,0.0,63.0,Trabajador independiente,"Administracion publica, educacion y salud",1 a 10 trabajadores,No,5,2177.0
31,Hombre,Urbana,Sierra,Primaria o menos,3,20.0,32.0,Obrero,Comercio,Mas de 50 trabajadores,Si,6,590.0
39,Mujer,Rural,Sierra,Primaria o menos,2,30.0,36.0,Obrero,Construccion,Mas de 50 trabajadores,No,1,236.0
30,Hombre,Urbana,Lima Metropolitana,Superior universitaria,16,8.0,49.0,Trabajador independiente,Servicios,Mas de 50 trabajadores,Si,5,5187.0
36,Mujer,Urbana,Costa,Superior no universitaria,12,19.0,36.0,Trabajador independiente,Servicios,1 a 10 trabajadores,No,6,794.0
31,Hombre,Rural,Sierra,Superior no universitaria,12,13.0,32.0,Trabajador independiente,Manufactura,1 a 10 trabajadores,No,2,350.0
56,Mujer,Rural,Sierra,Secundaria,8,39.0,37.0,Trabajador independiente,Servicios,1 a 10 trabajadores,No,1,512.0
54,Mujer,Urbana,Costa,Superior universitaria,16,35.0,62.0,Empleado,Servicios,11 a 50 trabajadores,No,5,3447.0
51,Hombre,Urbana,Sierra,Secundaria,9,34.0,63.0,Obrero,Manufactura,11 a 50 trabajadores,Si,3,1014.0
39,Mujer,Rural,Sierra,Primaria o menos,5,28.0,43.0,Empleado,Agropecuario,1 a 10 trabajadores,No,6,302.0
65,Hombre,Rural,Sierra,Primaria o menos,2,45.0,38.0,Trabajador independiente,Agropecuario,Mas de 50 trabajadores,No,2,184.0
28,Mujer,Urbana,Costa,Primaria o menos,5,16.0,44.0,Trabajador independiente,"Administracion publica, educacion y salud",1 a 10 trabajadores,No,4,803.0
32,Mujer,Urbana,Selva,Superior no universitaria,14,14.0,44.0,Empleado,Servicios,Mas de 50 trabajadores,No,4,2996.0
36,Hombre,Urbana,Sierra,Superior no universitaria,15,14.0,63.0,Trabajador independiente,Manufactura,1 a 10 trabajadores,No,4,1058.0
21,Mujer,Rural,Selva,Secundaria,8,9.0,43.0,Trabajador independiente,Agropecuario,1 a 10 trabajadores,No,5,366.0
54,Mujer,Urbana,Lima Metropolitana,Secundaria,8,42.0,59.0,Trabajador independiente,Comercio,1 a 10 trabajadores,No,4,617.0
51,Hombre,Urbana,Selva,Secundaria,10,34.0,37.0,Trabajador independiente,"Administracion publica, educacion y salud",1 a 10 trabajadores,No,4,1019.0
20,Mujer,Rural,Sierra,Secundaria,7,11.0,32.0,Trabajador independiente,Agropecuario,1 a 10 trabajadores,No,1,199.0
42,Mujer,Rural,Sierra,Primaria o menos,6,28.0,52.0,Trabajador independiente,Agropecuario,11 a 50 trabajadores,No,7,327.0
34,Hombre,Urbana,Sierra,Primaria o menos,2,24.0,40.0,Trabajador independiente,Servicios,1 a 10 trabajadores,No,7,584.0
37,Mujer,Urbana,Costa,Primaria o menos,5,26.0,20.0,Trabajador independiente,Comercio,1 a 10 trabajadores,No,6,412.0
40,Hombre,Urbana,Sierra,Secundaria,7,27.0,31.0,Empleado,Servicios,1 a 10 trabajadores,No,5,897.0
18,Hombre,Urbana,Costa,Superior universitaria,14,0.0,32.0,Empleado,Construccion,Mas de 50 trabajadores,Si,2,3503.0
38,Mujer,Urbana,Lima Metropolitana,Secundaria,7,24.0,27.0,Empleado,"Administracion publica, educacion y salud",Mas de 50 trabajadores,Si,3,1777.0
58,Hombre,Rural,Selva,Secundaria,11,40.0,50.0,Trabajador independiente,Agropecuario,1 a 10 trabajadores,No,6,257.0
34,Hombre,Urbana,Costa,Superior universitaria,16,13.0,44.0,Empleado,Manufactura,11 a 50 trabajadores,,7,3636.0
47,Hombre,Urbana,Lima Metropolitana,Superior universitaria,16,24.0,41.0,Trabajador independiente,Comercio,11 a 50 trabajadores,Si,7,4523.0
41,Hombre,Urbana,Lima Metropolitana,Superior universitaria,16,19.0,39.0,Empleado,Servicios,Mas de 50 trabajadores,Si,5,7439.0
29,Hombre,Rural,Costa,Primaria o menos,6,18.0,14.0,Trabajador independiente,Agropecuario,1 a 10 trabajadores,No,3,163.0
34,Hombre,Rural,Selva,Superior universitaria,15,13.0,22.0,Trabajador independiente,Agropecuario,1 a 10 trabajadores,No,7,438.0
45,Hombre,Rural,Sierra,Primaria o menos,6,32.0,39.0,Empleado,Agropecuario,Mas de 50 trabajadores,Si,3,530.0
40,Mujer,Urbana,Lima Metropolitana,Superior universitaria,16,17.0,55.0,Empleado,Comercio,Mas de 50 trabajadores,Si,7,3119.0
38,Hombre,Urbana,Lima Metropolitana,Superior universitaria,16,17.0,31.0,Empleado,Comercio,1 a 10 trabajadores,Si,5,7617.0
48,Hombre,Urbana,Lima Metropolitana,Superior universitaria,16,24.0,34.0,Empleado,Agropecuario,1 a 10 trabajadores,No,4,6465.0
37,Hombre,Urbana,Lima Metropolitana,Superior universitaria,17,14.0,40.0,Empleado,Comercio,11 a 50 trabajadores,Si,4,5812.0
26,Hombre,Urbana,Lima Metropolitana,Superior universitaria,17,6.0,65.0,Empleado,Comercio,1 a 10 trabajadores,No,5,2690.0
43,Hombre,Urbana,Sierra,Secundaria,9,29.0,33.0,Empleado,"Administracion publica, educacion y salud",Mas de 50 trabajadores,Si,3,2345.0
42,Hombre,Urbana,Costa,Secundaria,10,30.0,45.0,Empleado,Comercio,1 a 10 trabajadores,No,7,1248.0
43,Hombre,Urbana,Costa,Primaria o menos,3,31.0,67.0,Empleado,Servicios,Mas de 50 trabajadores,Si,3,1794.0
38,Hombre,Urbana,Lima Metropolitana,Superior universitaria,17,16.0,23.0,Empleado,Comercio,Mas de 50 trabajadores,Si,8,3626.0
48,Hombre,Urbana,Selva,Superior no universitaria,12,28.0,44.0,Empleado,"Administracion publica, educacion y salud",1 a 10 trabajadores,No,2,1452.0
36,Hombre,Urbana,Selva,Primaria o menos,6,26.0,56.0,Empleado,Servicios,1 a 10 trabajadores,Si,5,1293.0
23,Hombre,Rural,Sierra,Posgrado,17,0.0,54.0,Empleado,Agropecuario,1 a 10 trabajadores,No,4,680.0
35,Hombre,Urbana,Sierra,Secundaria,11,20.0,33.0,Empleado,Comercio,11 a 50 trabajadores,Si,5,1120.0
54,Mujer,Rural,Selva,Primaria o menos,6,41.0,24.0,Trabajador independiente,Agropecuario,1 a 10 trabajadores,No,4,268.0
42,Mujer,Urbana,Lima Metropolitana,Primaria o menos,4,31.0,29.0,Trabajador independiente,Manufactura,11 a 50 trabajadores,No,3,550.0
31,Mujer,Rural,Sierra,Secundaria,11,15.0,49.0,Obrero,Agropecuario,Mas de 50 trabajadores,No,4,383.0
48,Hombre,Rural,Sierra,Secundaria,10,32.0,59.0,Trabajador independiente,Agropecuario,1 a 10 trabajadores,No,4,363.0
35,Hombre,Urbana,Lima Metropolitana,Primaria o menos,2,26.0,43.0,Obrero,Servicios,Mas de 50 trabajadores,Si,5,915.0
33,Hombre,Urbana,Sierra,Superior universitaria,15,12.0,52.0,Empleado,"Administracion publica, educacion y salud",Mas de 50 trabajadores,Si,6,5483.0
19,Mujer,Rural,Selva,Secundaria,10,0.0,46.0,Trabajador independiente,Agropecuario,1 a 10 trabajadores,No,4,150.0
18,Hombre,Urbana,Costa,Superior universitaria,17,0.0,62.0,Trabajador independiente,"Administracion publica, educacion y salud",1 a 10 trabajadores,No,5,3400.0
33,Mujer,Urbana,Selva,Superior no universitaria,14,11.0,48.0,Trabajador independiente,Servicios,1 a 10 trabajadores,No,4,1116.0
35,Mujer,Urbana,Lima Metropolitana,Posgrado,20,7.0,49.0,Empleado,Manufactura,Mas de 50 trabajadores,Si,5,3826.0
18,Mujer,Rural,Sierra,Primaria o menos,4,8.0,34.0,Trabajador independiente,Agropecuario,1 a 10 trabajadores,No,5,150.0
48,Mujer,Urbana,Selva,Superior universitaria,15,25.0,37.0,Empleado,Comercio,Mas de 50 trabajadores,Si,3,4113.0
45,Mujer,Urbana,Selva,Superior no universitaria,15,24.0,38.0,Trabajador independiente,Servicios,1 a 10 trabajadores,No,5,1960.0
52,Hombre,Urbana,Lima Metropolitana,Secundaria,7,44.0,59.0,Empleado,Servicios,11 a 50 trabajadores,Si,3,1911.0
25,Mujer,Urbana,Costa,Secundaria,7,14.0,31.0,Trabajador independiente,Comercio,1 a 10 trabajadores,No,6,449.0
40,Mujer,Rural,Selva,Superior no universitaria,14,19.0,,Trabajador independiente,Agropecuario,1 a 10 trabajadores,No,5,455.0
52,Mujer,Urbana,Sierra,Superior universitaria,16,32.0,26.0,Empleado,Comercio,Mas de 50 trabajadores,Si,2,4289.0
25,Mujer,Urbana,Lima Metropolitana,Superior no universitaria,14,6.0,42.0,Trabajador independiente,Manufactura,1 a 10 trabajadores,No,3,1141.0
39,Mujer,Urbana,Lima Metropolitana,Secundaria,11,20.0,49.0,Trabajador independiente,"Administracion publica, educacion y salud",1 a 10 trabajadores,No,3,1670.0
48,Hombre,Urbana,Costa,Primaria o menos,5,35.0,42.0,Empleado,"Administracion publica, educacion y salud",Mas de 50 trabajadores,Si,5,1818.0
37,Hombre,Urbana,Lima Metropolitana,Secundaria,9,23.0,28.0,Empleado,Servicios,11 a 50 trabajadores,No,8,855.0
55,Hombre,Urbana,Selva,Secundaria,8,40.0,54.0,Obrero,Construccion,1 a 10 trabajadores,No,5,664.0
45,Hombre,Urbana,Costa,Secundaria,7,31.0,50.0,Trabajador independiente,Manufactura,1 a 10 trabajadores,Si,5,1120.0
37,Mujer,Urbana,Lima Metropolitana,Secundaria,11,25.0,52.0,Trabajador independiente,Manufactura,1 a 10 trabajadores,No,4,796.0
29,Mujer,Urbana,Sierra,Superior no universitaria,13,6.0,56.0,Obrero,Servicios,11 a 50 trabajadores,Si,4,1331.0
41,Mujer,Rural,Sierra,Primaria o menos,2,33.0,49.0,Empleado,Agropecuario,11 a 50 trabajadores,No,5,450.0
24,Hombre,Urbana,Selva,Primaria o menos,5,12.0,46.0,Empleado,Servicios,Mas de 50 trabajadores,Si,3,1236.0
37,Hombre,Urbana,Sierra,Superior no universitaria,14,17.0,27.0,Trabajador independiente,Servicios,Mas de 50 trabajadores,Si,3,2557.0
36,Hombre,Urbana,Lima Metropolitana,Superior no universitaria,12,19.0,57.0,Empleado,Servicios,11 a 50 trabajadores,No,6,1395.0
27,Mujer,Rural,Sierra,Primaria o menos,2,19.0,22.0,Trabajador independiente,Agropecuario,1 a 10 trabajadores,No,4,159.0
56,Hombre,Urbana,Sierra,Superior universitaria,15,32.0,52.0,Empleado,Comercio,1 a 10 trabajadores,No,4,1383.0
52,Hombre,Rural,Sierra,Secundaria,8,35.0,24.0,Trabajador independiente,Comercio,1 a 10 trabajadores,No,4,283.0
44,Hombre,Urbana,Costa,Secundaria,11,28.0,,Trabajador independiente,Comercio,1 a 10 trabajadores,,2,1262.0
18,Hombre,Rural,Sierra,Secundaria,8,6.0,25.0,Trabajador independiente,Comercio,1 a 10 trabajadores,No,4,209.0
27,Hombre,Urbana,Sierra,Superior no universitaria,14,5.0,49.0,Empleado,"Administracion publica, educacion y salud",11 a 50 trabajadores,No,3,2488.0
39,Hombre,Urbana,Lima Metropolitana,Superior universitaria,14,16.0,62.0,Obrero,Construccion,Mas de 50 trabajadores,Si,2,7730.0
42,Hombre,Urbana,Costa,Superior no universitaria,15,19.0,44.0,Empleado,Comercio,11 a 50 trabajadores,No,5,1434.0
46,Mujer,Urbana,Lima Metropolitana,Secundaria,11,30.0,49.0,Empleador,Servicios,Mas de 50 trabajadores,No,5,4792.0
18,Hombre,Urbana,Lima Metropolitana,Primaria o menos,4,7.0,53.0,Trabajador independiente,Manufactura,1 a 10 trabajadores,No,3,387.0
46,Mujer,Rural,Sierra,Secundaria,11,27.0,36.0,Empleador,"Administracion publica, educacion y salud",1 a 10 trabajadores,No,3,1200.0
46,Hombre,Urbana,Lima Metropolitana,Superior universitaria,14,26.0,43.0,Trabajador independiente,Servicios,1 a 10 trabajadores,No,1,2422.0
48,Mujer,Urbana,Lima Metropolitana,Secundaria,11,33.0,47.0,Trabajador independiente,Construccion,1 a 10 trabajadores,No,7,1722.0
44,Hombre,Urbana,Selva,Secundaria,11,28.0,53.0,Empleado,Servicios,Mas de 50 trabajadores,No,3,2816.0
29,Hombre,Urbana,Sierra,Superior no universitaria,13,13.0,46.0,Empleador,Comercio,1 a 10 trabajadores,No,2,2476.0
43,Hombre,Urbana,Lima Metropolitana,Primaria o menos,2,39.0,60.0,Empleado,Servicios,Mas de 50 trabajadores,Si,6,898.0
21,Mujer,Urbana,Selva,Superior universitaria,17,0.0,33.0,Empleado,Comercio,1 a 10 trabajadores,No,2,1623.0
39,Hombre,Urbana,Sierra,Secundaria,11,22.0,51.0,Trabajador independiente,Servicios,1 a 10 trabajadores,No,5,1670.0
37,Hombre,Urbana,Lima Metropolitana,Superior universitaria,15,20.0,33.0,Empleado,Comercio,11 a 50 trabajadores,Si,4,4179.0
18,Mujer,Urbana,Sierra,Secundaria,11,2.0,35.0,Trabajador independiente,Manufactura,1 a 10 trabajadores,No,4,516.0
44,Hombre,Urbana,Lima Metropolitana,Secundaria,11,30.0,48.0,Trabajador independiente,Comercio,1 a 10 trabajadores,No,4,1870.0
33,Hombre,Urbana,Sierra,Superior universitaria,17,10.0,36.0,Trabajador independiente,Servicios,1 a 10 trabajadores,No,2,1348.0
36,Mujer,Urbana,Lima Metropolitana,Superior universitaria,17,14.0,28.0,Trabajador independiente,"Administracion publica, educacion y salud",1 a 10 trabajadores,No,8,2896.0
32,Hombre,Urbana,Lima Metropolitana,Secundaria,11,13.0,38.0,Trabajador independiente,Comercio,1 a 10 trabajadores,No,4,1164.0
42,Mujer,Rural,Sierra,Secundaria,8,29.0,54.0,Trabajador independiente,Comercio,1 a 10 trabajadores,No,6,230.0
44,Mujer,Urbana,Costa,Primaria o menos,5,35.0,25.0,Trabajador independiente,Construccion,1 a 10 trabajadores,No,5,368.0
55,Mujer,Urbana,Sierra,Superior no universitaria,14,34.0,83.0,Empleado,Comercio,1 a 10 trabajadores,No,6,1988.0
18,Hombre,Urbana,Costa,Primaria o menos,6,8.0,49.0,Empleado,Comercio,11 a 50 trabajadores,No,5,587.0
34,Mujer,Urbana,Lima Metropolitana,Secundaria,8,22.0,45.0,Trabajador independiente,Manufactura,1 a 10 trabajadores,No,9,715.0
37,Mujer,Urbana,Lima Metropolitana,Superior no universitaria,15,18.0,39.0,Empleado,Servicios,11 a 50 trabajadores,No,3,1839.0
40,Mujer,Urbana,Selva,Superior universitaria,16,15.0,37.0,Empleado,Comercio,1 a 10 trabajadores,No,2,1190.0
65,Mujer,Urbana,Costa,Posgrado,19,37.0,47.0,Empleado,Agropecuario,1 a 10 trabajadores,No,1,3807.0
30,Mujer,Rural,Costa,Superior no universitaria,13,12.0,45.0,Trabajador independiente,Construccion,1 a 10 trabajadores,No,7,355.0
40,Mujer,Rural,Sierra,Primaria o menos,3,31.0,41.0,Trabajador independiente,Comercio,1 a 10 trabajadores,No,5,220.0
40,Mujer,Urbana,Sierra,Superior no universitaria,14,20.0,35.0,Obrero,Servicios,Mas de 50 trabajadores,Si,3,1610.0
51,Mujer,Rural,Sierra,Secundaria,10,36.0,34.0,Trabajador independiente,Comercio,1 a 10 trabajadores,No,9,315.0
48,Mujer,Urbana,Selva,Superior no universitaria,14,26.0,36.0,Empleado,Servicios,1 a 10 trabajadores,Si,3,1200.0
19,Hombre,Urbana,Lima Metropolitana,Primaria o menos,4,9.0,48.0,Empleado,Comercio,11 a 50 trabajadores,Si,3,943.0
59,Mujer,Urbana,Lima Metropolitana,Superior universitaria,17,38.0,26.0,Empleado,Comercio,1 a 10 trabajadores,No,4,1888.0
20,Hombre,Urbana,Costa,Secundaria,8,3.0,35.0,Empleado,Manufactura,Mas de 50 trabajadores,No,4,1779.0
38,Mujer,Urbana,Lima Metropolitana,Superior no universitaria,14,20.0,49.0,Trabajador independiente,Servicios,1 a 10 trabajadores,Si,4,2112.0
38,Hombre,Urbana,Sierra,Secundaria,8,21.0,45.0,Trabajador independiente,Servicios,1 a 10 trabajadores,No,6,708.0
46,Mujer,Rural,Selva,Secundaria,10,32.0,42.0,Empleado,Agropecuario,11 a 50 trabajadores,Si,6,953.0
41,Mujer,Urbana,Lima Metropolitana,Secundaria,9,23.0,50.0,Empleado,"Administracion publica, educacion y salud",1 a 10 trabajadores,Si,6,1623.0
27,Mujer,Rural,Selva,Secundaria,10,13.0,46.0,Trabajador independiente,Agropecuario,1 a 10 trabajadores,No,6,198.0
42,Hombre,Rural,Sierra,Secundaria,9,26.0,26.0,Trabajador independiente,Servicios,1 a 10 trabajadores,No,7,361.0
26,Mujer,Urbana,Lima Metropolitana,Primaria o menos,5,15.0,58.0,Empleado,Comercio,Mas de 50 trabajadores,No,7,1566.0
62,Mujer,Rural,Selva,Secundaria,7,45.0,43.0,Trabajador independiente,Agropecuario,1 a 10 trabajadores,No,3,313.0
48,Hombre,Urbana,Lima Metropolitana,Secundaria,11,33.0,,Trabajador independiente,Comercio,1 a 10 trabajadores,No,4,1445.0
18,Mujer,Urbana,Selva,Superior universitaria,16,0.0,30.0,Empleado,Agropecuario,Mas de 50 trabajadores,Si,3,2979.0
42,Mujer,Urbana,Sierra,Superior no universitaria,14,21.0,24.0,Trabajador independiente,Comercio,1 a 10 trabajadores,Si,10,1336.0
18,Mujer,Urbana,Lima Metropolitana,Primaria o menos,3,11.0,40.0,Empleado,Comercio,Mas de 50 trabajadores,Si,4,759.0
34,Mujer,Urbana,Lima Metropolitana,Secundaria,11,16.0,35.0,Obrero,Servicios,1 a 10 trabajadores,No,2,1093.0
51,Hombre,Urbana,Lima Metropolitana,Superior no universitaria,14,30.0,50.0,Empleado,Manufactura,11 a 50 trabajadores,Si,4,3870.0
30,Hombre,Urbana,Lima Metropolitana,Secundaria,8,18.0,28.0,Trabajador independiente,"Administracion publica, educacion y salud",1 a 10 trabajadores,No,5,573.0
18,Hombre,Urbana,Selva,Secundaria,8,2.0,49.0,Obrero,Manufactura,Mas de 50 trabajadores,No,4,820.0
37,Mujer,Urbana,Lima Metropolitana,Secundaria,9,23.0,34.0,Empleado,Comercio,11 a 50 trabajadores,,10,926.0
21,Hombre,Urbana,Lima Metropolitana,Posgrado,18,0.0,35.0,Empleado,Comercio,Mas de 50 trabajadores,Si,5,4496.0
40,Hombre,Urbana,Lima Metropolitana,Superior universitaria,17,21.0,48.0,Trabajador independiente,Comercio,1 a 10 trabajadores,No,4,3118.0
43,Mujer,Urbana,Sierra,Superior no universitaria,12,26.0,16.0,Obrero,Comercio,Mas de 50 trabajadores,Si,2,1002.0
34,Mujer,Urbana,Costa,Secundaria,9,21.0,23.0,Obrero,Servicios,11 a 50 trabajadores,No,5,1312.0
26,Mujer,Rural,Sierra,Superior no universitaria,14,5.0,47.0,Trabajador independiente,Agropecuario,1 a 10 trabajadores,No,8,251.0
39,Mujer,Urbana,Sierra,Superior universitaria,16,15.0,43.0,Empleado,Manufactura,11 a 50 trabajadores,No,6,1844.0
25,Hombre,Rural,Sierra,Primaria o menos,3,18.0,47.0,Trabajador independiente,Comercio,1 a 10 trabajadores,No,2,314.0
30,Mujer,Urbana,Sierra,Superior no universitaria,14,9.0,31.0,Empleado,Servicios,1 a 10 trabajadores,No,5,1403.0
34,Mujer,Urbana,Lima Metropolitana,Secundaria,11,14.0,40.0,Empleado,Servicios,Mas de 50 trabajadores,Si,4,3483.0
32,Hombre,Urbana,Sierra,Superior universitaria,17,8.0,35.0,Empleado,Manufactura,Mas de 50 trabajadores,Si,6,5494.0
26,Hombre,Urbana,Lima Metropolitana,Secundaria,10,10.0,44.0,Trabajador independiente,Comercio,1 a 10 trabajadores,No,4,1283.0
32,Hombre,Urbana,Sierra,Superior universitaria,14,11.0,64.0,Empleado,Comercio,11 a 50 trabajadores,No,6,1574.0
47,Hombre,Urbana,Costa,Superior universitaria,15,27.0,56.0,Empleado,Servicios,1 a 10 trabajadores,Si,6,4951.0
27,Hombre,Urbana,Lima Metropolitana,Secundaria,11,11.0,38.0,Empleado,Comercio,1 a 10 trabajadores,No,6,1712.0
46,Hombre,Urbana,Costa,Superior universitaria,17,25.0,25.0,Empleado,"Administracion publica, educacion y salud",11 a 50 trabajadores,Si,4,3159.0
49,Mujer,Rural,Sierra,Superior no universitaria,12,32.0,23.0,Trabajador independiente,Agropecuario,1 a 10 trabajadores,No,4,256.0
36,Mujer,Urbana,Costa,Secundaria,10,18.0,38.0,Obrero,Servicios,Mas de 50 trabajadores,,10,3519.0
46,Mujer,Rural,Sierra,Primaria o menos,6,32.0,55.0,Trabajador independiente,Agropecuario,1 a 10 trabajadores,No,4,150.0
39,Hombre,Urbana,Lima Metropolitana,Superior no universitaria,14,22.0,47.0,Trabajador independiente,Servicios,1 a 10 trabajadores,No,1,1297.0
23,Mujer,Urbana,Sierra,Primaria o menos,5,12.0,81.0,Empleado,Servicios,11 a 50 trabajadores,No,2,787.0
30,Hombre,Rural,Selva,Primaria o menos,2,20.0,38.0,Trabajador independiente,Agropecuario,1 a 10 trabajadores,No,2,208.0
53,Mujer,Urbana,Lima Metropolitana,Superior universitaria,16,28.0,50.0,Trabajador independiente,Manufactura,1 a 10 trabajadores,Si,10,3241.0
30,Mujer,Rural,Costa,Secundaria,7,16.0,79.0,Trabajador independiente,Agropecuario,1 a 10 trabajadores,No,9,268.0
32,Mujer,Urbana,Sierra,Superior no universitaria,13,13.0,75.0,Empleado,Servicios,Mas de 50 trabajadores,Si,4,1987.0
48,Mujer,Urbana,Lima Metropolitana,Superior no universitaria,13,27.0,26.0,Obrero,Servicios,1 a 10 trabajadores,Si,6,1878.0
33,Hombre,Rural,Sierra,Secundaria,10,19.0,28.0,Trabajador independiente,Agropecuario,1 a 10 trabajadores,No,7,307.0
46,Mujer,Urbana,Sierra,Secundaria,7,34.0,19.0,Obrero,Manufactura,11 a 50 trabajadores,No,4,525.0
20,Mujer,Urbana,Costa,Superior no universitaria,12,5.0,39.0,Trabajador independiente,Manufactura,11 a 50 trabajadores,No,5,1642.0
58,Hombre,Urbana,Selva,Superior no universitaria,12,43.0,43.0,Empleador,Comercio,1 a 10 trabajadores,No,3,1455.0
53,Hombre,Urbana,Sierra,Superior universitaria,14,32.0,49.0,Empleado,Servicios,1 a 10 trabajadores,Si,2,3813.0
25,Hombre,Urbana,Sierra,Secundaria,10,13.0,55.0,Empleador,Servicios,1 a 10 trabajadores,No,2,1781.0
60,Hombre,Urbana,Lima Metropolitana,Secundaria,8,44.0,43.0,Empleado,"Administracion publica, educacion y salud",11 a 50 trabajadores,No,5,1863.0
40,Mujer,Rural,Sierra,Superior no universitaria,15,20.0,32.0,Trabajador independiente,Agropecuario,1 a 10 trabajadores,No,5,344.0
48,Hombre,Rural,Sierra,Secundaria,10,32.0,44.0,Trabajador independiente,Servicios,11 a 50 trabajadores,No,4,618.0
26,Hombre,Rural,Selva,Primaria o menos,2,19.0,45.0,Trabajador independiente,Agropecuario,1 a 10 trabajadores,No,5,305.0
22,Hombre,Rural,Sierra,Primaria o menos,5,15.0,52.0,Trabajador independiente,Agropecuario,1 a 10 trabajadores,No,4,158.0
55,Hombre,Rural,Selva,Superior no universitaria,14,37.0,39.0,Trabajador independiente,Agropecuario,1 a 10 trabajadores,No,3,447.0
45,Hombre,Urbana,Lima Metropolitana,Secundaria,7,36.0,70.0,Obrero,Servicios,1 a 10 trabajadores,No,4,1285.0
23,Hombre,Urbana,Selva,Secundaria,10,10.0,55.0,Empleado,Servicios,Mas de 50 trabajadores,No,1,1712.0
42,Hombre,Urbana,Lima Metropolitana,Secundaria,8,28.0,29.0,Trabajador independiente,Servicios,1 a 10 trabajadores,No,5,1165.0
18,Hombre,Urbana,Sierra,Superior universitaria,16,0.0,50.0,Empleado,Servicios,1 a 10 trabajadores,No,8,2229.0
20,Mujer,Urbana,Costa,Secundaria,10,6.0,18.0,Trabajador independiente,Comercio,1 a 10 trabajadores,,4,566.0
29,Hombre,Rural,Costa,Primaria o menos,5,15.0,26.0,Trabajador independiente,Agropecuario,1 a 10 trabajadores,No,3,353.0
20,Hombre,Urbana,Sierra,Primaria o menos,5,11.0,33.0,Trabajador independiente,Servicios,1 a 10 trabajadores,No,6,507.0
41,Hombre,Urbana,Sierra,Primaria o menos,5,32.0,33.0,Trabajador independiente,Construccion,1 a 10 trabajadores,No,4,715.0
60,Hombre,Rural,Selva,Secundaria,8,43.0,58.0,Trabajador independiente,Agropecuario,1 a 10 trabajadores,No,1,388.0
23,Hombre,Urbana,Lima Metropolitana,Secundaria,9,6.0,83.0,Obrero,Manufactura,11 a 50 trabajadores,Si,7,2110.0
57,Hombre,Urbana,Selva,Superior universitaria,16,35.0,36.0,Empleado,Comercio,1 a 10 trabajadores,No,4,2171.0
60,Mujer,Rural,Sierra,Secundaria,11,40.0,38.0,Obrero,Agropecuario,1 a 10 trabajadores,No,2,292.0
60,Hombre,Rural,Sierra,Superior no universitaria,14,42.0,45.0,Obrero,Comercio,1 a 10 trabajadores,No,3,597.0
34,Hombre,Rural,Selva,Primaria o menos,3,23.0,31.0,Trabajador independiente,Agropecuario,1 a 10 trabajadores,No,3,165.0
65,Hombre,Rural,Costa,Primaria o menos,2,45.0,38.0,Obrero,Agropecuario,1 a 10 trabajadores,No,6,277.0
39,Mujer,Urbana,Costa,Secundaria,11,24.0,50.0,Obrero,Construccion,1 a 10 trabajadores,Si,6,2093.0
28,Hombre,Rural,Selva,Primaria o menos,6,15.0,40.0,Trabajador independiente,Agropecuario,1 a 10 trabajadores,No,4,180.0
49,Mujer,Urbana,Costa,Superior no universitaria,12,31.0,53.0,Empleado,Manufactura,11 a 50 trabajadores,No,4,2203.0
48,Hombre,Urbana,Selva,Superior no universitaria,15,23.0,51.0,Empleado,Servicios,Mas de 50 trabajadores,Si,6,7515.0
41,Mujer,Urbana,Selva,Primaria o menos,4,29.0,50.0,Trabajador independiente,Comercio,1 a 10 trabajadores,No,6,480.0
39,Hombre,Urbana,Costa,Primaria o menos,3,32.0,52.0,Obrero,Manufactura,1 a 10 trabajadores,Si,7,531.0
58,Mujer,Urbana,Lima Metropolitana,Secundaria,8,42.0,39.0,Trabajador independiente,Construccion,1 a 10 trabajadores,No,3,830.0
31,Mujer,Rural,Selva,Superior no universitaria,14,9.0,47.0,Empleado,Comercio,1 a 10 trabajadores,No,3,384.0
43,Hombre,Urbana,Costa,Superior universitaria,17,22.0,48.0,Trabajador independiente,Servicios,1 a 10 trabajadores,No,3,3380.0
33,Hombre,Urbana,Lima Metropolitana,Superior no universitaria,13,15.0,34.0,Empleado,Comercio,Mas de 50 trabajadores,Si,6,4444.0
31,Hombre,Urbana,Selva,Secundaria,9,16.0,,Trabajador independiente,Servicios,1 a 10 trabajadores,No,4,1295.0
37,Mujer,Urbana,Selva,Primaria o menos,6,24.0,47.0,Obrero,Comercio,1 a 10 trabajadores,No,5,378.0
26,Mujer,Urbana,Sierra,Secundaria,9,11.0,52.0,Empleador,Agropecuario,11 a 50 trabajadores,No,4,978.0
54,Mujer,Urbana,Costa,Superior universitaria,14,35.0,39.0,Empleado,Comercio,Mas de 50 trabajadores,No,4,1874.0
35,Hombre,Urbana,Sierra,Superior universitaria,17,8.0,57.0,Trabajador independiente,Servicios,1 a 10 trabajadores,No,4,1659.0
37,Hombre,Rural,Costa,Secundaria,9,25.0,31.0,Trabajador independiente,Agropecuario,1 a 10 trabajadores,No,5,164.0
22,Hombre,Rural,Sierra,Secundaria,11,9.0,23.0,Trabajador independiente,Agropecuario,1 a 10 trabajadores,Si,6,184.0
42,Hombre,Urbana,Costa,Secundaria,8,28.0,43.0,Empleado,Manufactura,Mas de 50 trabajadores,Si,3,2407.0
34,Hombre,Rural,Sierra,Primaria o menos,2,28.0,39.0,Empleado,Agropecuario,1 a 10 trabajadores,No,3,193.0
36,Hombre,Urbana,Sierra,Superior no universitaria,15,17.0,40.0,Obrero,Comercio,11 a 50 trabajadores,No,3,1488.0
18,Mujer,Urbana,Sierra,Primaria o menos,2,12.0,30.0,Empleado,Comercio,1 a 10 trabajadores,No,4,219.0
52,Hombre,Urbana,Lima Metropolitana,Superior universitaria,16,27.0,52.0,Empleado,"Administracion publica, educacion y salud",1 a 10 trabajadores,Si,5,5144.0
33,Mujer,Urbana,Lima Metropolitana,Primaria o menos,5,22.0,57.0,Trabajador independiente,Construccion,1 a 10 trabajadores,No,1,1221.0
44,Hombre,Urbana,Sierra,Superior universitaria,14,23.0,55.0,Empleado,Servicios,11 a 50 trabajadores,No,4,2211.0
31,Hombre,Urbana,Lima Metropolitana,Superior no universitaria,14,11.0,51.0,Empleado,Construccion,Mas de 50 trabajadores,No,8,3361.0
22,Hombre,Urbana,Lima Metropolitana,Superior universitaria,16,0.0,44.0,Empleado,Comercio,Mas de 50 trabajadores,Si,4,4487.0
49,Hombre,Rural,Sierra,Primaria o menos,2,45.0,26.0,Empleado,Agropecuario,Mas de 50 trabajadores,No,4,150.0
24,Hombre,Urbana,Costa,Superior universitaria,15,3.0,45.0,Empleador,Servicios,1 a 10 trabajadores,Si,3,3346.0
26,Hombre,Urbana,Costa,Secundaria,11,10.0,49.0,Obrero,Agropecuario,Mas de 50 trabajadores,Si,8,2891.0
18,Mujer,Rural,Sierra,Superior no universitaria,12,2.0,45.0,Trabajador independiente,Agropecuario,1 a 10 trabajadores,No,3,251.0
50,Mujer,Rural,Sierra,Primaria o menos,2,41.0,38.0,Trabajador independiente,Agropecuario,1 a 10 trabajadores,No,2,158.0
35,Hombre,Urbana,Lima Metropolitana,Superior universitaria,14,14.0,66.0,Empleado,Comercio,11 a 50 trabajadores,No,6,2493.0
42,Hombre,Urbana,Sierra,Superior no universitaria,12,23.0,38.0,Trabajador independiente,Construccion,1 a 10 trabajadores,No,2,780.0
46,Mujer,Urbana,Lima Metropolitana,Primaria o menos,5,32.0,44.0,Trabajador independiente,Comercio,1 a 10 trabajadores,No,3,759.0
34,Hombre,Urbana,Costa,Posgrado,18,13.0,34.0,Empleado,Servicios,1 a 10 trabajadores,Si,9,5756.0
34,Hombre,Urbana,Lima Metropolitana,Superior no universitaria,12,14.0,39.0,Empleado,Servicios,Mas de 50 trabajadores,Si,5,3824.0
47,Hombre,Rural,Sierra,Secundaria,10,29.0,15.0,Trabajador independiente,Agropecuario,1 a 10 trabajadores,No,3,380.0
51,Hombre,Urbana,Sierra,Superior universitaria,14,33.0,44.0,Trabajador independiente,Comercio,1 a 10 trabajadores,No,4,1247.0
32,Hombre,Urbana,Costa,Primaria o menos,2,21.0,39.0,Empleado,Servicios,1 a 10 trabajadores,No,1,742.0
18,Hombre,Urbana,Costa,Superior universitaria,14,0.0,56.0,Obrero,Manufactura,Mas de 50 trabajadores,Si,5,1653.0
39,Hombre,Rural,Sierra,Primaria o menos,3,29.0,29.0,Trabajador independiente,Comercio,Mas de 50 trabajadores,,4,246.0
31,Hombre,Rural,Selva,Primaria o menos,4,20.0,24.0,Obrero,Comercio,11 a 50 trabajadores,No,7,258.0
47,Hombre,Urbana,Selva,Secundaria,7,35.0,39.0,Trabajador independiente,"Administracion publica, educacion y salud",1 a 10 trabajadores,No,3,1148.0
56,Hombre,Rural,Selva,Secundaria,9,42.0,17.0,Trabajador independiente,Agropecuario,1 a 10 trabajadores,No,2,227.0
30,Hombre,Rural,Sierra,Primaria o menos,2,20.0,32.0,Empleado,Agropecuario,1 a 10 trabajadores,No,3,201.0
41,Mujer,Urbana,Sierra,Superior universitaria,17,21.0,42.0,Trabajador independiente,Servicios,1 a 10 trabajadores,No,2,1713.0
36,Hombre,Rural,Costa,Secundaria,11,17.0,28.0,Empleado,Agropecuario,11 a 50 trabajadores,No,3,477.0
44,Mujer,Rural,Sierra,Primaria o menos,3,33.0,38.0,Empleador,Agropecuario,1 a 10 trabajadores,No,2,293.0
60,Hombre,Rural,Sierra,Primaria o menos,2,45.0,32.0,Trabajador independiente,Agropecuario,1 a 10 trabajadores,No,7,150.0
36,Mujer,Rural,Selva,Superior no universitaria,15,17.0,19.0,Trabajador independiente,Agropecuario,1 a 10 trabajadores,No,7,168.0
34,Mujer,Urbana,Costa,Posgrado,20,8.0,56.0,Trabajador independiente,Servicios,1 a 10 trabajadores,,3,2985.0
42,Hombre,Urbana,Costa,Secundaria,7,30.0,49.0,Obrero,"Administracion publica, educacion y salud",11 a 50 trabajadores,No,4,1372.0
42,Mujer,Urbana,Sierra,Secundaria,7,25.0,63.0,Obrero,Servicios,1 a 10 trabajadores,No,4,883.0
47,Hombre,Urbana,Sierra,Superior universitaria,15,30.0,41.0,Empleado,Agropecuario,Mas de 50 trabajadores,Si,6,2902.0
28,Hombre,Urbana,Costa,Secundaria,8,16.0,34.0,Empleado,Construccion,11 a 50 trabajadores,Si,4,2043.0
22,Mujer,Urbana,Sierra,Secundaria,9,8.0,64.0,Empleador,Comercio,1 a 10 trabajadores,No,3,1157.0
43,Mujer,Urbana,Costa,Secundaria,11,26.0,34.0,Trabajador independiente,Agropecuario,1 a 10 trabajadores,No,9,516.0
18,Hombre,Urbana,Lima Metropolitana,Secundaria,10,0.0,72.0,Empleado,Comercio,11 a 50 trabajadores,No,4,1863.0
24,Mujer,Urbana,Costa,Superior no universitaria,12,5.0,62.0,Trabajador independiente,Servicios,1 a 10 trabajadores,No,5,1449.0
37,Mujer,Rural,Sierra,Primaria o menos,4,29.0,53.0,Trabajador independiente,Construccion,1 a 10 trabajadores,No,3,292.0
56,Hombre,Urbana,Costa,Superior no universitaria,15,37.0,58.0,Empleado,Servicios,11 a 50 trabajadores,No,3,5589.0
39,Hombre,Urbana,Selva,Superior no universitaria,14,19.0,42.0,Empleado,Comercio,Mas de 50 trabajadores,Si,3,6083.0
32,Hombre,Urbana,Lima Metropolitana,Secundaria,11,18.0,36.0,Trabajador independiente,Servicios,1 a 10 trabajadores,No,6,1656.0
48,Hombre,Urbana,Selva,Superior universitaria,17,28.0,51.0,Empleado,Manufactura,1 a 10 trabajadores,Si,6,3180.0
60,Hombre,Urbana,Sierra,Superior no universitaria,14,42.0,75.0,Trabajador independiente,"Administracion publica, educacion y salud",1 a 10 trabajadores,Si,4,3358.0
43,Mujer,Urbana,Costa,Superior no universitaria,14,23.0,35.0,Obrero,"Administracion publica, educacion y salud",1 a 10 trabajadores,No,3,1658.0
26,Mujer,Rural,Sierra,Secundaria,11,8.0,42.0,Trabajador independiente,Construccion,11 a 50 trabajadores,No,5,396.0
49,Mujer,Urbana,Lima Metropolitana,Superior universitaria,17,29.0,27.0,Empleado,Agropecuario,1 a 10 trabajadores,Si,6,3080.0
39,Hombre,Urbana,Lima Metropolitana,Secundaria,7,29.0,33.0,Trabajador independiente,Comercio,1 a 10 trabajadores,No,5,929.0
26,Hombre,Rural,Selva,Primaria o menos,5,16.0,59.0,Trabajador independiente,Agropecuario,1 a 10 trabajadores,No,3,286.0
26,Hombre,Urbana,Sierra,Primaria o menos,3,16.0,,Trabajador independiente,"Administracion publica, educacion y salud",1 a 10 trabajadores,No,10,459.0
22,Hombre,Urbana,Lima Metropolitana,Primaria o menos,5,7.0,43.0,Obrero,"Administracion publica, educacion y salud",11 a 50 trabajadores,No,5,663.0
47,Hombre,Rural,Costa,Primaria o menos,5,38.0,32.0,Empleado,Agropecuario,1 a 10 trabajadores,No,4,185.0
38,Mujer,Urbana,Sierra,Secundaria,8,25.0,33.0,Empleado,"Administracion publica, educacion y salud",Mas de 50 trabajadores,Si,4,2657.0
65,Mujer,Urbana,Costa,Secundaria,11,45.0,53.0,Trabajador independiente,Comercio,1 a 10 trabajadores,No,4,1357.0
65,Hombre,Urbana,Costa,Superior no universitaria,13,45.0,47.0,Trabajador independiente,Manufactura,1 a 10 trabajadores,No,5,2044.0
35,Mujer,Urbana,Costa,Superior no universitaria,15,10.0,51.0,Obrero,Comercio,Mas de 50 trabajadores,No,6,1864.0
40,Mujer,Rural,Selva,Primaria o menos,5,31.0,42.0,Trabajador independiente,Agropecuario,1 a 10 trabajadores,No,4,150.0
48,Hombre,Urbana,Sierra,Superior universitaria,14,27.0,32.0,Empleado,"Administracion publica, educacion y salud",1 a 10 trabajadores,Si,4,4991.0
34,Hombre,Urbana,Sierra,Primaria o menos,5,24.0,27.0,Trabajador independiente,Comercio,1 a 10 trabajadores,No,5,361.0
36,Hombre,Urbana,Sierra,Superior universitaria,15,15.0,46.0,Empleado,"Administracion publica, educacion y salud",11 a 50 trabajadores,Si,6,5099.0
44,Hombre,Urbana,Lima Metropolitana,Secundaria,9,30.0,50.0,Empleado,Servicios,Mas de 50 trabajadores,Si,4,4290.0
23,Mujer,Urbana,Lima Metropolitana,Secundaria,9,10.0,35.0,Empleado,Comercio,Mas de 50 trabajadores,Si,5,2024.0
27,Hombre,Urbana,Lima Metropolitana,Superior no universitaria,12,10.0,32.0,Trabajador independiente,Manufactura,1 a 10 trabajadores,No,5,918.0
43,Hombre,Urbana,Selva,Secundaria,10,28.0,50.0,Empleado,Servicios,11 a 50 trabajadores,Si,4,2436.0
50,Mujer,Urbana,Sierra,Superior no universitaria,14,31.0,61.0,Empleado,"Administracion publica, educacion y salud",11 a 50 trabajadores,Si,8,5039.0
38,Hombre,Rural,Selva,Secundaria,9,25.0,29.0,Trabajador independiente,Agropecuario,1 a 10 trabajadores,No,9,292.0
38,Mujer,Rural,Sierra,Secundaria,11,24.0,61.0,Trabajador independiente,"Administracion publica, educacion y salud",11 a 50 trabajadores,No,2,1152.0
29,Mujer,Urbana,Sierra,Superior universitaria,17,5.0,38.0,Empleado,Servicios,1 a 10 trabajadores,No,3,1762.0
48,Hombre,Urbana,Costa,Superior no universitaria,12,31.0,55.0,Trabajador independiente,Servicios,1 a 10 trabajadores,No,1,1817.0
33,Mujer,Urbana,Selva,Superior universitaria,14,16.0,26.0,Empleador,"Administracion publica, educacion y salud",1 a 10 trabajadores,Si,6,3172.0
27,Hombre,Rural,Sierra,Primaria o menos,3,20.0,54.0,Trabajador independiente,Agropecuario,1 a 10 trabajadores,No,4,286.0
48,Mujer,Urbana,Lima Metropolitana,Superior no universitaria,14,31.0,26.0,Obrero,Comercio,1 a 10 trabajadores,No,2,799.0
30,Hombre,Rural,Costa,Secundaria,7,18.0,37.0,Empleador,Servicios,1 a 10 trabajadores,No,3,581.0
36,Hombre,Rural,Costa,Primaria o menos,5,26.0,53.0,Trabajador independiente,Comercio,1 a 10 trabajadores,No,9,484.0
18,Mujer,Urbana,Costa,Secundaria,8,4.0,34.0,Empleado,Manufactura,Mas de 50 trabajadores,No,3,1060.0
53,Hombre,Urbana,Selva,Secundaria,8,39.0,56.0,Empleado,Servicios,Mas de 50 trabajadores,Si,5,2324.0
44,Hombre,Urbana,Sierra,Posgrado,20,23.0,51.0,Empleado,Servicios,1 a 10 trabajadores,No,3,4378.0
54,Hombre,Rural,Sierra,Primaria o menos,2,45.0,36.0,Trabajador independiente,Agropecuario,1 a 10 trabajadores,No,7,150.0
56,Mujer,Urbana,Lima Metropolitana,Secundaria,7,40.0,22.0,Trabajador independiente,Servicios,Mas de 50 trabajadores,Si,2,1015.0
34,Mujer,Urbana,Lima Metropolitana,Superior universitaria,15,13.0,38.0,Empleado,Construccion,Mas de 50 trabajadores,Si,4,4207.0
22,Hombre,Urbana,Sierra,Superior universitaria,16,0.0,30.0,Empleado,Comercio,Mas de 50 trabajadores,Si,3,2358.0
31,Hombre,Urbana,Costa,Superior no universitaria,13,12.0,21.0,Empleador,Construccion,1 a 10 trabajadores,No,6,1695.0
43,Hombre,Urbana,Selva,Superior universitaria,16,25.0,42.0,Empleado,Servicios,1 a 10 trabajadores,No,7,3612.0
30,Hombre,Rural,Sierra,Secundaria,9,17.0,50.0,Trabajador independiente,Agropecuario,1 a 10 trabajadores,No,6,316.0
33,Hombre,Urbana,Lima Metropolitana,Superior universitaria,15,9.0,54.0,Empleado,Comercio,11 a 50 trabajadores,Si,2,3058.0
44,Mujer,Rural,Sierra,Superior universitaria,14,20.0,49.0,Empleado,Agropecuario,Mas de 50 trabajadores,Si,5,1578.0
51,Hombre,Urbana,Lima Metropolitana,Secundaria,8,37.0,43.0,Trabajador independiente,Comercio,1 a 10 trabajadores,No,8,1062.0
41,Hombre,Rural,Sierra,Primaria o menos,4,30.0,36.0,Trabajador independiente,"Administracion publica, educacion y salud",1 a 10 trabajadores,No,4,409.0
19,Hombre,Urbana,Sierra,Superior no universitaria,12,0.0,52.0,Trabajador independiente,Manufactura,1 a 10 trabajadores,Si,4,1478.0
34,Mujer,Urbana,Lima Metropolitana,Secundaria,7,18.0,58.0,Trabajador independiente,Servicios,1 a 10 trabajadores,No,6,899.0
34,Hombre,Rural,Selva,Superior universitaria,16,9.0,50.0,Empleado,Agropecuario,1 a 10 trabajadores,Si,2,972.0
40,Hombre,Urbana,Costa,Secundaria,7,25.0,45.0,Trabajador independiente,Servicios,1 a 10 trabajadores,No,5,883.0
38,Hombre,Urbana,Lima Metropolitana,Primaria o menos,5,29.0,57.0,Empleado,Manufactura,1 a 10 trabajadores,Si,2,926.0
25,Mujer,Urbana,Sierra,Superior no universitaria,12,5.0,42.0,Empleado,"Administracion publica, educacion y salud",Mas de 50 trabajadores,Si,4,3741.0
48,Mujer,Rural,Sierra,Primaria o menos,5,35.0,33.0,Trabajador independiente,Agropecuario,1 a 10 trabajadores,No,5,150.0
18,Hombre,Urbana,Lima Metropolitana,Primaria o menos,5,6.0,19.0,Empleado,Servicios,Mas de 50 trabajadores,No,4,749.0
57,Mujer,Rural,Sierra,Primaria o menos,4,45.0,23.0,Trabajador independiente,Agropecuario,1 a 10 trabajadores,No,8,150.0
47,Mujer,Urbana,Costa,Superior no universitaria,14,33.0,66.0,Trabajador independiente,Construccion,1 a 10 trabajadores,No,6,1640.0
60,Hombre,Rural,Sierra,Primaria o menos,5,45.0,50.0,Trabajador independiente,Construccion,1 a 10 trabajadores,No,3,252.0
41,Mujer,Rural,Costa,Secundaria,9,29.0,30.0,Trabajador independiente,Agropecuario,1 a 10 trabajadores,No,5,302.0
56,Mujer,Urbana,Lima Metropolitana,Superior no universitaria,14,39.0,44.0,Trabajador independiente,Servicios,1 a 10 trabajadores,No,6,1488.0
40,Hombre,Rural,Sierra,Primaria o menos,4,28.0,38.0,Trabajador independiente,Agropecuario,1 a 10 trabajadores,No,3,150.0
46,Hombre,Rural,Sierra,Secundaria,11,30.0,53.0,Obrero,Agropecuario,11 a 50 trabajadores,No,3,485.0
19,Hombre,Urbana,Lima Metropolitana,Superior universitaria,16,0.0,52.0,Trabajador independiente,Manufactura,1 a 10 trabajadores,No,4,1356.0
19,Hombre,Urbana,Costa,Secundaria,9,5.0,16.0,Trabajador independiente,Construccion,1 a 10 trabajadores,No,4,622.0
32,Hombre,Urbana,Lima Metropolitana,Primaria o menos,2,24.0,36.0,Empleado,Servicios,1 a 10 trabajadores,No,3,833.0
37,Mujer,Urbana,Costa,Superior universitaria,16,13.0,56.0,Trabajador independiente,Comercio,1 a 10 trabajadores,No,5,1824.0
30,Mujer,Urbana,Lima Metropolitana,Secundaria,7,19.0,59.0,Empleado,Servicios,11 a 50 trabajadores,No,4,1219.0
49,Hombre,Urbana,Lima Metropolitana,Secundaria,9,39.0,25.0,Trabajador independiente,Servicios,1 a 10 trabajadores,No,4,1044.0
28,Mujer,Urbana,Selva,Secundaria,8,15.0,46.0,Trabajador independiente,Servicios,1 a 10 trabajadores,No,9,527.0
54,Hombre,Urbana,Sierra,Secundaria,11,35.0,42.0,Trabajador independiente,Manufactura,1 a 10 trabajadores,No,4,1597.0
35,Hombre,Rural,Costa,Secundaria,10,20.0,46.0,Obrero,Agropecuario,1 a 10 trabajadores,No,4,424.0
22,Hombre,Urbana,Sierra,Superior universitaria,14,0.0,30.0,Empleado,Servicios,Mas de 50 trabajadores,Si,3,1489.0
27,Mujer,Urbana,Lima Metropolitana,Secundaria,8,15.0,50.0,Empleado,Manufactura,1 a 10 trabajadores,Si,5,1648.0
44,Hombre,Rural,Sierra,Secundaria,9,27.0,42.0,Trabajador independiente,Agropecuario,1 a 10 trabajadores,No,7,263.0
44,Mujer,Urbana,Costa,Superior universitaria,16,26.0,36.0,Empleado,Servicios,1 a 10 trabajadores,Si,5,2386.0
52,Hombre,Urbana,Lima Metropolitana,Superior universitaria,16,29.0,20.0,Empleado,Servicios,Mas de 50 trabajadores,No,2,5248.0
35,Mujer,Urbana,Sierra,Primaria o menos,5,25.0,36.0,Empleado,Servicios,11 a 50 trabajadores,Si,3,915.0
43,Hombre,Urbana,Costa,Primaria o menos,4,36.0,36.0,Obrero,Manufactura,Mas de 50 trabajadores,No,4,885.0
21,Hombre,Rural,Costa,Secundaria,8,9.0,31.0,Trabajador independiente,Agropecuario,1 a 10 trabajadores,No,2,241.0
57,Hombre,Urbana,Lima Metropolitana,Primaria o menos,4,45.0,54.0,Empleado,Servicios,11 a 50 trabajadores,No,3,1571.0
24,Hombre,Rural,Selva,Superior universitaria,17,2.0,45.0,Empleado,Agropecuario,1 a 10 trabajadores,No,3,678.0
20,Mujer,Urbana,Lima Metropolitana,Superior universitaria,17,0.0,46.0,Empleado,Servicios,Mas de 50 trabajadores,Si,5,6004.0
39,Mujer,Urbana,Sierra,Secundaria,7,28.0,39.0,Empleado,Servicios,Mas de 50 trabajadores,Si,4,1042.0
24,Mujer,Urbana,Lima Metropolitana,Primaria o menos,5,10.0,71.0,Empleador,Servicios,1 a 10 trabajadores,No,6,906.0
49,Hombre,Urbana,Costa,Superior universitaria,16,29.0,33.0,Empleado,Servicios,11 a 50 trabajadores,Si,6,3023.0
45,Hombre,Rural,Selva,Primaria o menos,4,38.0,25.0,Trabajador independiente,Agropecuario,1 a 10 trabajadores,No,3,192.0
47,Mujer,Urbana,Selva,Superior universitaria,16,23.0,55.0,Empleado,Construccion,11 a 50 trabajadores,Si,5,5492.0
36,Mujer,Urbana,Costa,Secundaria,9,22.0,47.0,Empleado,Construccion,11 a 50 trabajadores,No,4,1425.0
32,Hombre,Urbana,Costa,Secundaria,7,,37.0,Trabajador independiente,Servicios,1 a 10 trabajadores,No,3,867.0
34,Mujer,Rural,Sierra,Secundaria,7,20.0,32.0,Trabajador independiente,Agropecuario,1 a 10 trabajadores,Si,1,255.0
33,Hombre,Urbana,Lima Metropolitana,Superior universitaria,15,10.0,49.0,Empleador,"Administracion publica, educacion y salud",11 a 50 trabajadores,Si,3,6624.0
38,Hombre,Urbana,Sierra,Primaria o menos,6,29.0,51.0,Empleado,Comercio,1 a 10 trabajadores,No,4,1040.0
29,Hombre,Urbana,Lima Metropolitana,Secundaria,11,16.0,54.0,Trabajador independiente,"Administracion publica, educacion y salud",1 a 10 trabajadores,No,4,2109.0
53,Mujer,Urbana,Lima Metropolitana,Superior no universitaria,12,34.0,50.0,Trabajador independiente,"Administracion publica, educacion y salud",1 a 10 trabajadores,No,7,1535.0
37,Mujer,Urbana,Costa,Superior no universitaria,14,15.0,64.0,Obrero,"Administracion publica, educacion y salud",1 a 10 trabajadores,Si,5,1525.0
46,Hombre,Urbana,Sierra,Secundaria,8,33.0,65.0,Empleado,Construccion,1 a 10 trabajadores,No,4,1031.0
32,Hombre,Urbana,Lima Metropolitana,Secundaria,9,14.0,39.0,Trabajador independiente,Construccion,1 a 10 trabajadores,No,5,955.0
38,Mujer,Rural,Sierra,Primaria o menos,6,26.0,19.0,Obrero,Agropecuario,11 a 50 trabajadores,No,6,150.0
36,Mujer,Rural,Sierra,Secundaria,8,23.0,42.0,Trabajador independiente,Agropecuario,11 a 50 trabajadores,No,6,212.0
18,Hombre,Urbana,Lima Metropolitana,Secundaria,10,0.0,56.0,Empleador,Construccion,1 a 10 trabajadores,No,3,1996.0
25,Mujer,Urbana,Sierra,Superior no universitaria,13,7.0,52.0,Empleado,Servicios,11 a 50 trabajadores,Si,4,1335.0
18,Mujer,Rural,Sierra,Primaria o menos,5,8.0,47.0,Obrero,Agropecuario,1 a 10 trabajadores,No,5,453.0
21,Mujer,Urbana,Costa,Secundaria,11,3.0,49.0,Trabajador independiente,Manufactura,1 a 10 trabajadores,No,7,560.0
33,Hombre,Urbana,Sierra,Superior no universitaria,15,13.0,56.0,Trabajador independiente,Manufactura,1 a 10 trabajadores,,3,2880.0
60,Hombre,Urbana,Costa,Superior no universitaria,14,41.0,35.0,Trabajador independiente,"Administracion publica, educacion y salud",1 a 10 trabajadores,No,4,1233.0
41,Mujer,Rural,Costa,Secundaria,9,27.0,31.0,Trabajador independiente,Agropecuario,1 a 10 trabajadores,No,4,327.0
19,Mujer,Urbana,Lima Metropolitana,Secundaria,7,6.0,14.0,Empleado,"Administracion publica, educacion y salud",1 a 10 trabajadores,No,4,547.0
40,Hombre,Rural,Sierra,Primaria o menos,5,31.0,39.0,Empleado,Agropecuario,1 a 10 trabajadores,No,6,449.0
37,Hombre,Rural,Sierra,Secundaria,9,22.0,41.0,Trabajador independiente,Agropecuario,1 a 10 trabajadores,No,6,231.0
33,Hombre,Urbana,Lima Metropolitana,Superior universitaria,15,11.0,23.0,Empleado,Servicios,Mas de 50 trabajadores,No,7,4090.0
32,Hombre,Urbana,Lima Metropolitana,Secundaria,8,20.0,44.0,Empleado,Servicios,Mas de 50 trabajadores,No,6,1071.0
28,Hombre,Rural,Selva,Primaria o menos,6,15.0,19.0,Trabajador independiente,Agropecuario,1 a 10 trabajadores,No,2,150.0
55,Hombre,Urbana,Lima Metropolitana,Superior no universitaria,12,38.0,50.0,Trabajador independiente,Comercio,1 a 10 trabajadores,No,7,2277.0
43,Hombre,Urbana,Costa,Primaria o menos,3,32.0,42.0,Empleado,"Administracion publica, educacion y salud",Mas de 50 trabajadores,Si,3,1053.0
21,Hombre,Urbana,Costa,Secundaria,9,8.0,63.0,Trabajador independiente,Manufactura,1 a 10 trabajadores,No,4,1002.0
54,Mujer,Rural,Sierra,Primaria o menos,6,45.0,47.0,Trabajador independiente,Agropecuario,1 a 10 trabajadores,No,2,152.0
30,Mujer,Rural,Sierra,Superior no universitaria,13,8.0,8.0,Obrero,Agropecuario,1 a 10 trabajadores,No,2,199.0
29,Hombre,Urbana,Lima Metropolitana,Superior universitaria,16,9.0,48.0,Trabajador independiente,Construccion,1 a 10 trabajadores,No,2,4566.0
27,Mujer,Urbana,Selva,Secundaria,11,9.0,68.0,Trabajador independiente,Servicios,1 a 10 trabajadores,No,7,963.0
47,Hombre,Urbana,Sierra,Secundaria,11,30.0,81.0,Trabajador independiente,Servicios,1 a 10 trabajadores,No,3,1191.0
32,Hombre,Rural,Sierra,Secundaria,9,16.0,47.0,Trabajador independiente,Agropecuario,1 a 10 trabajadores,No,8,195.0
26,Hombre,Urbana,Sierra,Primaria o menos,6,15.0,40.0,Empleado,Manufactura,Mas de 50 trabajadores,Si,4,1622.0
65,Mujer,Urbana,Lima Metropolitana,Superior universitaria,16,41.0,36.0,Empleado,Comercio,Mas de 50 trabajadores,Si,2,5752.0
30,Hombre,Urbana,Selva,Secundaria,11,12.0,33.0,Empleado,"Administracion publica, educacion y salud",1 a 10 trabajadores,No,2,1501.0
18,Mujer,Urbana,Costa,Secundaria,11,3.0,49.0,Empleado,"Administracion publica, educacion y salud",Mas de 50 trabajadores,Si,4,2280.0
55,Hombre,Urbana,Costa,Secundaria,7,43.0,54.0,Trabajador independiente,Servicios,1 a 10 trabajadores,No,6,621.0
45,Mujer,Urbana,Sierra,Secundaria,9,29.0,31.0,Empleado,Servicios,Mas de 50 trabajadores,Si,2,1576.0
34,Hombre,Rural,Sierra,Secundaria,10,20.0,51.0,Obrero,Agropecuario,1 a 10 trabajadores,No,4,479.0
49,Mujer,Urbana,Costa,Superior no universitaria,13,29.0,53.0,Empleado,Servicios,1 a 10 trabajadores,No,6,1320.0
52,Hombre,Rural,Sierra,Secundaria,9,40.0,40.0,Trabajador independiente,Agropecuario,1 a 10 trabajadores,No,3,279.0
36,Hombre,Urbana,Lima Metropolitana,Secundaria,10,21.0,57.0,Trabajador independiente,"Administracion publica, educacion y salud",1 a 10 trabajadores,No,5,1430.0
40,Hombre,Urbana,Sierra,Superior universitaria,14,18.0,56.0,Empleado,Comercio,Mas de 50 trabajadores,Si,1,6485.0
18,Mujer,Urbana,Costa,Superior universitaria,14,0.0,38.0,Empleado,Agropecuario,11 a 50 trabajadores,Si,4,1837.0
49,Mujer,Urbana,Lima Metropolitana,Primaria o menos,2,43.0,33.0,Trabajador independiente,Servicios,1 a 10 trabajadores,No,3,437.0
47,Mujer,Urbana,Sierra,Superior no universitaria,14,25.0,39.0,Empleado,"Administracion publica, educacion y salud",1 a 10 trabajadores,Si,3,4131.0
36,Hombre,Urbana,Sierra,Posgrado,20,10.0,56.0,Empleado,Servicios,Mas de 50 trabajadores,Si,5,10973.0
42,Hombre,Rural,Sierra,Secundaria,11,26.0,51.0,Trabajador independiente,Agropecuario,1 a 10 trabajadores,No,2,342.0
22,Mujer,Urbana,Sierra,Secundaria,10,7.0,48.0,Empleado,Servicios,11 a 50 trabajadores,No,6,1496.0
49,Hombre,Urbana,Lima Metropolitana,Secundaria,11,29.0,44.0,Trabajador independiente,Manufactura,1 a 10 trabajadores,No,5,2895.0
27,Mujer,Rural,Sierra,Secundaria,11,9.0,45.0,Empleador,Agropecuario,1 a 10 trabajadores,No,2,522.0
52,Mujer,Urbana,Lima Metropolitana,Superior universitaria,14,34.0,51.0,Empleado,Comercio,Mas de 50 trabajadores,Si,4,5603.0
32,Mujer,Urbana,Lima Metropolitana,Primaria o menos,3,23.0,41.0,Trabajador independiente,Construccion,1 a 10 trabajadores,No,4,325.0
35,Mujer,Urbana,Lima Metropolitana,Secundaria,10,17.0,38.0,Empleado,"Administracion publica, educacion y salud",11 a 50 trabajadores,No,3,1603.0
49,Mujer,Rural,Sierra,Primaria o menos,4,39.0,51.0,Obrero,Agropecuario,11 a 50 trabajadores,No,2,250.0
34,Mujer,Urbana,Sierra,Superior no universitaria,13,19.0,35.0,Trabajador independiente,Servicios,1 a 10 trabajadores,No,4,1397.0
47,Hombre,Urbana,Lima Metropolitana,Superior no universitaria,13,27.0,49.0,Empleado,Agropecuario,1 a 10 trabajadores,No,5,1975.0
38,Hombre,Urbana,Costa,Superior universitaria,15,17.0,53.0,Empleado,Servicios,1 a 10 trabajadores,No,3,3405.0
45,Mujer,Urbana,Selva,Secundaria,7,36.0,42.0,Empleado,Comercio,Mas de 50 trabajadores,Si,3,1699.0
32,Hombre,Urbana,Sierra,Superior no universitaria,13,12.0,42.0,Obrero,Servicios,11 a 50 trabajadores,No,3,1212.0
27,Mujer,Urbana,Lima Metropolitana,Superior universitaria,15,,61.0,Empleado,"Administracion publica, educacion y salud",11 a 50 trabajadores,Si,4,4179.0
28,Hombre,Urbana,Selva,Secundaria,8,9.0,31.0,Empleado,Manufactura,11 a 50 trabajadores,Si,4,1215.0
44,Hombre,Urbana,Lima Metropolitana,Secundaria,7,36.0,37.0,Trabajador independiente,Comercio,1 a 10 trabajadores,No,3,661.0
25,Hombre,Urbana,Lima Metropolitana,Secundaria,9,12.0,47.0,Empleado,Comercio,1 a 10 trabajadores,No,4,1143.0
49,Hombre,Urbana,Lima Metropolitana,Superior no universitaria,14,27.0,,Empleado,"Administracion publica, educacion y salud",1 a 10 trabajadores,Si,6,4417.0
18,Hombre,Urbana,Lima Metropolitana,Secundaria,11,0.0,54.0,Empleado,"Administracion publica, educacion y salud",1 a 10 trabajadores,No,1,1890.0
52,Mujer,Urbana,Lima Metropolitana,Superior no universitaria,13,36.0,60.0,Trabajador independiente,Comercio,1 a 10 trabajadores,No,4,932.0
41,Hombre,Urbana,Costa,Secundaria,10,29.0,72.0,Empleado,Manufactura,1 a 10 trabajadores,No,5,1467.0
39,Hombre,Rural,Sierra,Secundaria,8,26.0,22.0,Trabajador independiente,Agropecuario,1 a 10 trabajadores,No,6,279.0
19,Mujer,Rural,Sierra,Secundaria,7,2.0,24.0,Trabajador independiente,Agropecuario,1 a 10 trabajadores,No,5,271.0
31,Mujer,Urbana,Sierra,Superior universitaria,16,11.0,38.0,Empleado,Servicios,Mas de 50 trabajadores,Si,5,3427.0
34,Mujer,Rural,Sierra,Primaria o menos,5,25.0,,Trabajador independiente,Agropecuario,1 a 10 trabajadores,No,3,187.0
44,Hombre,Rural,Selva,Posgrado,17,20.0,36.0,Trabajador independiente,Manufactura,1 a 10 trabajadores,No,2,1568.0
29,Mujer,Rural,Sierra,Secundaria,9,18.0,23.0,Trabajador independiente,Agropecuario,1 a 10 trabajadores,No,4,224.0
26,Mujer,Urbana,Costa,Secundaria,8,12.0,60.0,Trabajador independiente,Construccion,1 a 10 trabajadores,No,3,831.0
47,Hombre,Urbana,Lima Metropolitana,Superior universitaria,15,25.0,44.0,Empleado,Comercio,Mas de 50 trabajadores,Si,3,4778.0
42,Mujer,Urbana,Costa,Secundaria,7,26.0,28.0,Empleado,Servicios,11 a 50 trabajadores,Si,4,727.0
29,Mujer,Urbana,Costa,Superior universitaria,15,4.0,65.0,Trabajador independiente,Manufactura,1 a 10 trabajadores,No,4,1044.0
20,Mujer,Urbana,Lima Metropolitana,Secundaria,8,7.0,48.0,Empleado,Construccion,Mas de 50 trabajadores,No,2,2131.0
48,Mujer,Urbana,Costa,Superior universitaria,16,24.0,46.0,Empleado,Comercio,Mas de 50 trabajadores,Si,6,5547.0
20,Mujer,Rural,Selva,Primaria o menos,3,12.0,61.0,Trabajador independiente,Agropecuario,1 a 10 trabajadores,No,8,150.0
47,Mujer,Urbana,Lima Metropolitana,Secundaria,9,36.0,35.0,Empleado,Agropecuario,1 a 10 trabajadores,No,2,868.0
46,Hombre,Urbana,Costa,Secundaria,11,28.0,29.0,Empleado,Servicios,1 a 10 trabajadores,No,3,2288.0
50,Mujer,Urbana,Lima Metropolitana,Secundaria,11,30.0,52.0,Obrero,Manufactura,Mas de 50 trabajadores,No,5,2345.0
48,Mujer,Urbana,Lima Metropolitana,Primaria o menos,6,39.0,56.0,Empleado,Servicios,1 a 10 trabajadores,No,4,739.0
40,Hombre,Urbana,Lima Metropolitana,Superior universitaria,16,20.0,42.0,Empleado,Manufactura,11 a 50 trabajadores,Si,2,3510.0
35,Hombre,Urbana,Sierra,Secundaria,11,21.0,56.0,Obrero,Servicios,1 a 10 trabajadores,No,2,1433.0
35,Hombre,Urbana,Lima Metropolitana,Primaria o menos,6,22.0,51.0,Trabajador independiente,Comercio,1 a 10 trabajadores,No,2,1226.0
40,Mujer,Urbana,Selva,Superior universitaria,15,18.0,38.0,Empleador,Manufactura,1 a 10 trabajadores,No,6,4758.0
34,Mujer,Urbana,Lima Metropolitana,Secundaria,7,23.0,39.0,Trabajador independiente,Servicios,1 a 10 trabajadores,No,2,1210.0
35,Mujer,Urbana,Lima Metropolitana,Secundaria,8,26.0,29.0,Obrero,Construccion,Mas de 50 trabajadores,Si,5,913.0
49,Hombre,Urbana,Sierra,Superior universitaria,17,27.0,42.0,Trabajador independiente,Construccion,1 a 10 trabajadores,No,4,4148.0
65,Hombre,Urbana,Sierra,Superior no universitaria,15,41.0,51.0,Empleado,Servicios,1 a 10 trabajadores,No,5,1477.0
38,Hombre,Urbana,Lima Metropolitana,Superior no universitaria,13,,37.0,Obrero,"Administracion publica, educacion y salud",Mas de 50 trabajadores,Si,4,3816.0
41,Hombre,Urbana,Lima Metropolitana,Secundaria,9,25.0,42.0,Trabajador independiente,Comercio,1 a 10 trabajadores,No,4,1093.0
35,Hombre,Urbana,Lima Metropolitana,Secundaria,8,23.0,46.0,Trabajador independiente,Servicios,1 a 10 trabajadores,No,8,1298.0
39,Hombre,Rural,Sierra,Primaria o menos,4,28.0,29.0,Trabajador independiente,Agropecuario,1 a 10 trabajadores,No,4,150.0
27,Mujer,Urbana,Sierra,Secundaria,8,16.0,35.0,Trabajador independiente,Comercio,1 a 10 trabajadores,No,4,805.0
33,Mujer,Urbana,Costa,Secundaria,7,16.0,36.0,Obrero,Construccion,1 a 10 trabajadores,No,3,1345.0
56,Hombre,Urbana,Sierra,Secundaria,7,43.0,22.0,Empleado,Servicios,Mas de 50 trabajadores,No,3,968.0
35,Mujer,Urbana,Costa,Superior no universitaria,15,12.0,46.0,Empleado,Agropecuario,Mas de 50 trabajadores,Si,7,2762.0
39,Mujer,Rural,Sierra,Primaria o menos,3,28.0,,Trabajador independiente,Agropecuario,1 a 10 trabajadores,No,4,207.0
49,Mujer,Urbana,Lima Metropolitana,Superior universitaria,16,28.0,61.0,Empleado,"Administracion publica, educacion y salud",Mas de 50 trabajadores,Si,5,5741.0
35,Hombre,Rural,Sierra,Superior universitaria,14,15.0,59.0,Empleado,Agropecuario,11 a 50 trabajadores,Si,5,521.0
23,Mujer,Urbana,Costa,Secundaria,10,6.0,36.0,Empleado,"Administracion publica, educacion y salud",Mas de 50 trabajadores,Si,5,2260.0
42,Hombre,Urbana,Selva,Secundaria,8,26.0,67.0,Empleado,"Administracion publica, educacion y salud",Mas de 50 trabajadores,Si,6,2285.0
31,Hombre,Urbana,Lima Metropolitana,Superior universitaria,14,9.0,57.0,Obrero,Comercio,Mas de 50 trabajadores,No,6,2226.0
46,Hombre,Urbana,Costa,Superior universitaria,16,25.0,52.0,Empleado,Construccion,Mas de 50 trabajadores,Si,6,5701.0
42,Hombre,Urbana,Lima Metropolitana,Secundaria,8,25.0,29.0,Empleado,Construccion,Mas de 50 trabajadores,Si,3,2801.0
31,Hombre,Urbana,Selva,Superior universitaria,16,6.0,44.0,Obrero,Construccion,11 a 50 trabajadores,No,6,2056.0
38,Mujer,Rural,Selva,Secundaria,9,25.0,26.0,Trabajador independiente,Agropecuario,1 a 10 trabajadores,No,4,210.0
27,Mujer,Urbana,Lima Metropolitana,Superior universitaria,17,8.0,39.0,Trabajador independiente,Servicios,1 a 10 trabajadores,No,5,4009.0
21,Mujer,Urbana,Lima Metropolitana,Superior universitaria,14,0.0,50.0,Empleado,Servicios,Mas de 50 trabajadores,No,8,4712.0
22,Hombre,Urbana,Lima Metropolitana,Superior universitaria,17,0.0,36.0,Trabajador independiente,Servicios,11 a 50 trabajadores,Si,1,2232.0
28,Hombre,Rural,Costa,Primaria o menos,5,13.0,32.0,Trabajador independiente,Construccion,1 a 10 trabajadores,No,6,411.0
45,Hombre,Urbana,Costa,Secundaria,7,32.0,42.0,Empleado,Manufactura,1 a 10 trabajadores,No,2,776.0
54,Mujer,Urbana,Sierra,Secundaria,11,36.0,36.0,Obrero,Servicios,Mas de 50 trabajadores,No,5,1636.0
34,Hombre,Rural,Selva,Superior universitaria,14,15.0,32.0,Trabajador independiente,Agropecuario,1 a 10 trabajadores,No,3,477.0
46,Hombre,Urbana,Lima Metropolitana,Superior universitaria,17,22.0,42.0,Empleado,Comercio,11 a 50 trabajadores,No,3,8665.0
29,Mujer,Urbana,Lima Metropolitana,Secundaria,8,18.0,39.0,Obrero,Servicios,11 a 50 trabajadores,No,1,712.0
40,Mujer,Urbana,Costa,Primaria o menos,5,27.0,55.0,Empleado,Servicios,11 a 50 trabajadores,No,7,606.0
44,Mujer,Urbana,Lima Metropolitana,Primaria o menos,3,38.0,57.0,Trabajador independiente,Comercio,1 a 10 trabajadores,No,1,983.0
57,Mujer,Rural,Sierra,Secundaria,11,39.0,30.0,Empleado,Agropecuario,1 a 10 trabajadores,No,2,324.0
63,Mujer,Urbana,Sierra,Secundaria,11,45.0,21.0,Empleado,"Administracion publica, educacion y salud",1 a 10 trabajadores,No,4,855.0
29,Hombre,Urbana,Lima Metropolitana,Posgrado,19,4.0,76.0,Empleado,Comercio,11 a 50 trabajadores,Si,5,5997.0
61,Mujer,Urbana,Sierra,Superior universitaria,15,40.0,54.0,Empleador,Manufactura,1 a 10 trabajadores,No,6,2102.0
32,Mujer,Urbana,Lima Metropolitana,Superior universitaria,14,14.0,21.0,Empleado,"Administracion publica, educacion y salud",Mas de 50 trabajadores,Si,6,7238.0
31,Hombre,Urbana,Costa,Secundaria,8,16.0,30.0,Empleado,"Administracion publica, educacion y salud",Mas de 50 trabajadores,Si,6,1856.0
41,Mujer,Rural,Sierra,Primaria o menos,3,34.0,22.0,Trabajador independiente,Agropecuario,1 a 10 trabajadores,No,4,187.0
35,Hombre,Urbana,Costa,Secundaria,9,18.0,51.0,Empleado,Comercio,11 a 50 trabajadores,No,4,1394.0
21,Hombre,Urbana,Selva,Superior no universitaria,14,3.0,49.0,Trabajador independiente,Agropecuario,1 a 10 trabajadores,No,6,705.0
45,Mujer,Urbana,Costa,Superior no universitaria,15,25.0,34.0,Empleado,Construccion,Mas de 50 trabajadores,Si,1,3482.0
33,Hombre,Rural,Sierra,Secundaria,11,10.0,48.0,Trabajador independiente,Agropecuario,1 a 10 trabajadores,No,4,219.0
28,Hombre,Urbana,Sierra,Posgrado,20,0.0,69.0,Empleado,Comercio,11 a 50 trabajadores,No,4,3293.0
26,Mujer,Rural,Costa,Secundaria,8,14.0,43.0,Obrero,Agropecuario,1 a 10 trabajadores,No,4,263.0
38,Hombre,Urbana,Sierra,Superior no universitaria,15,,32.0,Obrero,Servicios,Mas de 50 trabajadores,Si,7,3045.0
37,Hombre,Rural,Sierra,Secundaria,7,22.0,45.0,Trabajador independiente,Agropecuario,1 a 10 trabajadores,No,7,150.0
39,Hombre,Urbana,Lima Metropolitana,Secundaria,7,29.0,58.0,Empleado,Construccion,1 a 10 trabajadores,No,4,1091.0
52,Mujer,Urbana,Costa,Superior universitaria,15,31.0,27.0,Empleado,Servicios,Mas de 50 trabajadores,Si,6,3824.0
45,Hombre,Urbana,Sierra,Superior universitaria,15,25.0,38.0,Empleado,Servicios,1 a 10 trabajadores,No,8,3797.0
49,Hombre,Urbana,Selva,Superior universitaria,14,27.0,40.0,Trabajador independiente,Comercio,1 a 10 trabajadores,No,4,1088.0
36,Mujer,Urbana,Costa,Primaria o menos,5,24.0,56.0,Trabajador independiente,Construccion,1 a 10 trabajadores,No,9,723.0
41,Hombre,Urbana,Sierra,Superior universitaria,14,20.0,18.0,Trabajador independiente,Servicios,1 a 10 trabajadores,No,5,1894.0
19,Hombre,Urbana,Costa,Secundaria,8,5.0,48.0,Obrero,"Administracion publica, educacion y salud",11 a 50 trabajadores,No,6,1022.0
50,Hombre,Urbana,Lima Metropolitana,Posgrado,17,26.0,42.0,Trabajador independiente,Construccion,1 a 10 trabajadores,No,2,8144.0
45,Hombre,Urbana,Lima Metropolitana,Superior universitaria,17,25.0,49.0,Empleador,Construccion,11 a 50 trabajadores,No,2,12587.0
33,Hombre,Urbana,Sierra,Superior universitaria,17,9.0,23.0,Empleado,Comercio,Mas de 50 trabajadores,Si,5,3458.0
57,Hombre,Urbana,Costa,Secundaria,7,45.0,30.0,Empleado,Construccion,1 a 10 trabajadores,No,3,993.0
51,Mujer,Urbana,Selva,Superior universitaria,14,33.0,51.0,Empleado,Servicios,1 a 10 trabajadores,Si,7,2454.0
56,Mujer,Urbana,Costa,Superior no universitaria,12,43.0,29.0,Empleado,Comercio,Mas de 50 trabajadores,Si,2,2118.0
18,Hombre,Urbana,Lima Metropolitana,Secundaria,8,2.0,40.0,Obrero,Manufactura,Mas de 50 trabajadores,No,3,777.0
32,Hombre,Urbana,Lima Metropolitana,Secundaria,9,13.0,59.0,Empleado,Construccion,11 a 50 trabajadores,No,3,909.0
61,Hombre,Urbana,Sierra,Superior no universitaria,13,40.0,52.0,Empleado,Servicios,1 a 10 trabajadores,No,2,1422.0
39,Mujer,Urbana,Selva,Superior no universitaria,12,19.0,12.0,Trabajador independiente,Comercio,1 a 10 trabajadores,No,5,856.0
24,Mujer,Urbana,Sierra,Superior universitaria,14,6.0,23.0,Empleado,Servicios,1 a 10 trabajadores,No,4,1301.0
32,Mujer,Urbana,Lima Metropolitana,Secundaria,7,17.0,46.0,Trabajador independiente,Servicios,1 a 10 trabajadores,No,3,736.0
18,Hombre,Urbana,Selva,Primaria o menos,3,9.0,47.0,Trabajador independiente,"Administracion publica, educacion y salud",1 a 10 trabajadores,No,4,695.0
38,Mujer,Urbana,Lima Metropolitana,Superior universitaria,17,16.0,53.0,Empleado,Servicios,Mas de 50 trabajadores,No,1,7077.0
31,Hombre,Urbana,Costa,Superior universitaria,15,13.0,31.0,Empleado,"Administracion publica, educacion y salud",Mas de 50 trabajadores,Si,3,5719.0
21,Mujer,Rural,Costa,Secundaria,7,10.0,57.0,Trabajador independiente,Agropecuario,1 a 10 trabajadores,No,2,302.0
28,Hombre,Urbana,Sierra,Secundaria,7,16.0,58.0,Trabajador independiente,"Administracion publica, educacion y salud",1 a 10 trabajadores,No,5,1312.0
42,Hombre,Urbana,Sierra,Secundaria,8,29.0,61.0,Trabajador independiente,"Administracion publica, educacion y salud",1 a 10 trabajadores,No,4,909.0
50,Hombre,Rural,Sierra,Superior no universitaria,14,26.0,49.0,Trabajador independiente,Agropecuario,1 a 10 trabajadores,Si,3,788.0
44,Mujer,Urbana,Costa,Superior universitaria,17,19.0,42.0,Empleado,"Administracion publica, educacion y salud",1 a 10 trabajadores,Si,3,2686.0
45,Mujer,Urbana,Selva,Superior universitaria,16,22.0,35.0,Trabajador independiente,Manufactura,1 a 10 trabajadores,No,4,2418.0
36,Mujer,Urbana,Sierra,Primaria o menos,4,25.0,33.0,Obrero,Construccion,Mas de 50 trabajadores,No,5,701.0
33,Hombre,Urbana,Selva,Secundaria,7,21.0,34.0,Empleado,Construccion,Mas de 50 trabajadores,Si,2,2356.0
39,Mujer,Rural,Sierra,Superior no universitaria,13,22.0,39.0,Empleado,Agropecuario,1 a 10 trabajadores,No,6,342.0
44,Hombre,Rural,Selva,Secundaria,8,29.0,,Obrero,Agropecuario,Mas de 50 trabajadores,No,4,338.0
52,Mujer,Urbana,Lima Metropolitana,Secundaria,8,41.0,54.0,Empleador,Servicios,1 a 10 trabajadores,Si,2,1634.0
42,Hombre,Urbana,Selva,Secundaria,9,28.0,41.0,Empleado,"Administracion publica, educacion y salud",Mas de 50 trabajadores,Si,3,2550.0
38,Mujer,Rural,Sierra,Primaria o menos,2,30.0,38.0,Trabajador independiente,Agropecuario,1 a 10 trabajadores,No,5,173.0
30,Mujer,Urbana,Costa,Secundaria,10,16.0,29.0,Empleado,Servicios,Mas de 50 trabajadores,Si,7,2059.0
36,Hombre,Urbana,Lima Metropolitana,Superior no universitaria,14,14.0,54.0,Obrero,Comercio,Mas de 50 trabajadores,Si,1,3230.0
33,Hombre,Urbana,Selva,Superior universitaria,14,16.0,61.0,Empleador,Servicios,11 a 50 trabajadores,No,3,2386.0
36,Hombre,Urbana,Costa,Superior no universitaria,12,17.0,,Obrero,Servicios,11 a 50 trabajadores,No,7,1850.0
28,Mujer,Urbana,Lima Metropolitana,Secundaria,10,13.0,50.0,Trabajador independiente,Manufactura,1 a 10 trabajadores,No,6,1395.0
32,Mujer,Urbana,Sierra,Superior universitaria,15,13.0,51.0,Trabajador independiente,Manufactura,1 a 10 trabajadores,No,2,2388.0
37,Hombre,Urbana,Lima Metropolitana,Superior universitaria,14,15.0,24.0,Trabajador independiente,Construccion,1 a 10 trabajadores,Si,6,2618.0
36,Hombre,Urbana,Sierra,Superior no universitaria,13,18.0,54.0,Empleado,Servicios,1 a 10 trabajadores,No,8,1200.0
37,Mujer,Urbana,Selva,Superior universitaria,17,13.0,49.0,Empleado,Manufactura,1 a 10 trabajadores,Si,4,2537.0
59,Mujer,Rural,Sierra,Primaria o menos,6,45.0,21.0,Empleado,Agropecuario,1 a 10 trabajadores,No,3,474.0
33,Mujer,Rural,Sierra,Secundaria,10,18.0,41.0,Trabajador independiente,Agropecuario,1 a 10 trabajadores,No,1,305.0
46,Mujer,Urbana,Sierra,Secundaria,7,30.0,40.0,Trabajador independiente,Construccion,1 a 10 trabajadores,No,4,654.0
46,Mujer,Urbana,Selva,Secundaria,10,32.0,,Trabajador independiente,"Administracion publica, educacion y salud",1 a 10 trabajadores,No,3,1006.0
51,Mujer,Urbana,Selva,Secundaria,8,37.0,31.0,Empleado,"Administracion publica, educacion y salud",11 a 50 trabajadores,Si,3,1274.0
38,Mujer,Urbana,Costa,Posgrado,18,15.0,60.0,Obrero,Comercio,11 a 50 trabajadores,No,2,5157.0
23,Mujer,Urbana,Lima Metropolitana,Superior universitaria,15,2.0,28.0,Empleado,Construccion,Mas de 50 trabajadores,Si,3,4073.0
50,Hombre,Urbana,Selva,Superior universitaria,15,28.0,54.0,Trabajador independiente,Servicios,1 a 10 trabajadores,No,7,2349.0
47,Hombre,Urbana,Lima Metropolitana,Superior no universitaria,15,29.0,37.0,Empleado,"Administracion publica, educacion y salud",Mas de 50 trabajadores,Si,6,6620.0
65,Hombre,Rural,Sierra,Primaria o menos,6,45.0,56.0,Trabajador independiente,Agropecuario,1 a 10 trabajadores,No,2,189.0
48,Hombre,Urbana,Selva,Secundaria,9,35.0,48.0,Empleado,Servicios,1 a 10 trabajadores,No,6,1286.0
57,Mujer,Rural,Selva,Primaria o menos,6,42.0,19.0,Trabajador independiente,Agropecuario,1 a 10 trabajadores,No,4,260.0
25,Hombre,Urbana,Costa,Superior universitaria,16,6.0,46.0,Empleado,Agropecuario,Mas de 50 trabajadores,Si,7,2441.0
24,Hombre,Urbana,Costa,Secundaria,10,5.0,31.0,Empleado,Servicios,11 a 50 trabajadores,No,5,1403.0
58,Mujer,Rural,Sierra,Primaria o menos,5,45.0,43.0,Trabajador independiente,Agropecuario,1 a 10 trabajadores,No,5,187.0
46,Hombre,Rural,Selva,Primaria o menos,4,38.0,39.0,Trabajador independiente,Comercio,1 a 10 trabajadores,No,3,399.0
44,Mujer,Urbana,Costa,Primaria o menos,4,31.0,27.0,Trabajador independiente,Construccion,1 a 10 trabajadores,No,5,252.0
30,Mujer,Rural,Sierra,Primaria o menos,6,18.0,53.0,Obrero,Agropecuario,1 a 10 trabajadores,No,6,543.0
28,Mujer,Urbana,Costa,Primaria o menos,6,,58.0,Empleado,Servicios,1 a 10 trabajadores,No,6,917.0
30,Hombre,Urbana,Lima Metropolitana,Superior no universitaria,15,10.0,57.0,Trabajador independiente,Construccion,1 a 10 trabajadores,No,3,1945.0
35,Hombre,Urbana,Lima Metropolitana,Secundaria,7,24.0,38.0,Empleado,Construccion,1 a 10 trabajadores,Si,6,819.0
36,Mujer,Urbana,Lima Metropolitana,Superior no universitaria,13,19.0,60.0,Trabajador independiente,Comercio,1 a 10 trabajadores,Si,1,3062.0
23,Hombre,Urbana,Sierra,Superior no universitaria,12,4.0,8.0,Trabajador independiente,Comercio,1 a 10 trabajadores,No,4,492.0
35,Hombre,Urbana,Costa,Superior universitaria,15,11.0,37.0,Obrero,Comercio,1 a 10 trabajadores,No,2,1613.0
38,Hombre,Rural,Costa,Primaria o menos,5,26.0,42.0,Trabajador independiente,Agropecuario,1 a 10 trabajadores,No,5,248.0
46,Mujer,Urbana,Sierra,Secundaria,8,33.0,20.0,Empleado,Manufactura,11 a 50 trabajadores,Si,4,1203.0
43,Hombre,Rural,Sierra,Primaria o menos,4,32.0,45.0,Trabajador independiente,Agropecuario,1 a 10 trabajadores,No,4,261.0
30,Hombre,Urbana,Sierra,Secundaria,9,17.0,60.0,Empleado,Comercio,Mas de 50 trabajadores,No,5,1402.0
44,Mujer,Urbana,Costa,Secundaria,10,31.0,34.0,Empleado,"Administracion publica, educacion y salud",Mas de 50 trabajadores,,5,2027.0
18,Hombre,Rural,Costa,Superior no universitaria,14,2.0,40.0,Obrero,Agropecuario,1 a 10 trabajadores,No,7,581.0
37,Mujer,Urbana,Lima Metropolitana,Primaria o menos,2,33.0,51.0,Empleado,Manufactura,1 a 10 trabajadores,No,3,582.0
63,Hombre,Urbana,Selva,Secundaria,10,45.0,47.0,Trabajador independiente,"Administracion publica, educacion y salud",1 a 10 trabajadores,Si,4,1162.0
20,Hombre,Rural,Selva,Secundaria,11,5.0,50.0,Trabajador independiente,Agropecuario,1 a 10 trabajadores,No,6,241.0
48,Hombre,Urbana,Lima Metropolitana,Secundaria,10,33.0,43.0,Empleado,Manufactura,11 a 50 trabajadores,Si,4,1388.0
39,Mujer,Rural,Sierra,Secundaria,7,24.0,27.0,Empleado,Agropecuario,11 a 50 trabajadores,No,2,179.0
42,Hombre,Urbana,Lima Metropolitana,Secundaria,9,24.0,30.0,Empleado,Manufactura,11 a 50 trabajadores,No,4,1186.0
44,Hombre,Urbana,Sierra,Secundaria,7,31.0,31.0,Empleado,Servicios,1 a 10 trabajadores,No,4,689.0
31,Mujer,Urbana,Costa,Superior universitaria,14,7.0,55.0,Trabajador independiente,"Administracion publica, educacion y salud",1 a 10 trabajadores,No,3,1327.0
49,Hombre,Urbana,Lima Metropolitana,Secundaria,8,33.0,48.0,Trabajador independiente,Servicios,1 a 10 trabajadores,No,3,912.0
39,Hombre,Urbana,Costa,Secundaria,10,23.0,44.0,Empleado,Servicios,1 a 10 trabajadores,No,4,1347.0
38,Hombre,Urbana,Lima Metropolitana,Superior no universitaria,12,22.0,52.0,Trabajador independiente,Servicios,1 a 10 trabajadores,No,5,914.0
55,Mujer,Rural,Sierra,Primaria o menos,2,44.0,42.0,Trabajador independiente,Agropecuario,1 a 10 trabajadores,No,4,199.0
60,Mujer,Urbana,Lima Metropolitana,Superior no universitaria,13,45.0,34.0,Obrero,Servicios,11 a 50 trabajadores,Si,5,2060.0
57,Hombre,Urbana,Lima Metropolitana,Secundaria,7,45.0,25.0,Obrero,Servicios,1 a 10 trabajadores,Si,7,938.0
37,Mujer,Rural,Selva,Primaria o menos,6,26.0,45.0,Trabajador independiente,Servicios,1 a 10 trabajadores,No,3,751.0
65,Mujer,Urbana,Costa,Superior universitaria,14,43.0,30.0,Empleado,Servicios,1 a 10 trabajadores,No,6,1792.0
40,Hombre,Urbana,Costa,Superior universitaria,15,19.0,41.0,Trabajador independiente,Servicios,1 a 10 trabajadores,No,4,1622.0
24,Mujer,Rural,Costa,Primaria o menos,5,11.0,33.0,Trabajador independiente,Agropecuario,1 a 10 trabajadores,No,4,150.0
37,Hombre,Urbana,Costa,Superior universitaria,17,18.0,48.0,Empleado,Comercio,1 a 10 trabajadores,No,4,3669.0
34,Hombre,Urbana,Costa,Posgrado,19,11.0,,Empleador,Servicios,1 a 10 trabajadores,No,5,3486.0
45,Mujer,Urbana,Costa,Superior universitaria,17,23.0,46.0,Empleado,Comercio,Mas de 50 trabajadores,Si,4,5300.0
36,Mujer,Rural,Sierra,Secundaria,10,19.0,42.0,Trabajador independiente,Agropecuario,1 a 10 trabajadores,No,1,209.0
45,Mujer,Urbana,Costa,Posgrado,20,20.0,37.0,Empleado,Comercio,Mas de 50 trabajadores,Si,3,6187.0
49,Mujer,Urbana,Costa,Secundaria,11,32.0,36.0,Trabajador independiente,Servicios,1 a 10 trabajadores,No,3,926.0
18,Hombre,Urbana,Costa,Secundaria,7,6.0,42.0,Empleado,Servicios,11 a 50 trabajadores,Si,7,1144.0
42,Hombre,Urbana,Costa,Secundaria,11,23.0,50.0,Empleado,Comercio,1 a 10 trabajadores,Si,4,1667.0
48,Hombre,Urbana,Selva,Secundaria,8,31.0,62.0,Trabajador independiente,Comercio,1 a 10 trabajadores,Si,4,937.0
49,Hombre,Urbana,Costa,Secundaria,8,34.0,41.0,Empleado,"Administracion publica, educacion y salud",Mas de 50 trabajadores,Si,6,2134.0
48,Mujer,Urbana,Costa,Superior no universitaria,14,28.0,39.0,Empleado,Comercio,1 a 10 trabajadores,Si,6,2641.0
29,Hombre,Rural,Sierra,Secundaria,8,17.0,42.0,Trabajador independiente,Agropecuario,Mas de 50 trabajadores,,5,165.0
38,Hombre,Rural,Sierra,Secundaria,10,19.0,38.0,Obrero,Construccion,Mas de 50 trabajadores,No,3,633.0
53,Hombre,Urbana,Costa,Secundaria,8,39.0,45.0,Obrero,Comercio,11 a 50 trabajadores,Si,5,1649.0
26,Hombre,Urbana,Sierra,Superior no universitaria,12,8.0,50.0,Trabajador independiente,Agropecuario,1 a 10 trabajadores,No,5,513.0
40,Mujer,Rural,Costa,Superior universitaria,15,19.0,29.0,Trabajador independiente,Agropecuario,1 a 10 trabajadores,No,6,384.0
65,Mujer,Urbana,Costa,Primaria o menos,5,45.0,23.0,Trabajador independiente,Comercio,1 a 10 trabajadores,No,2,308.0
51,Mujer,Rural,Sierra,Superior no universitaria,12,32.0,55.0,Trabajador independiente,Agropecuario,1 a 10 trabajadores,No,2,382.0
35,Mujer,Urbana,Costa,Primaria o menos,6,25.0,27.0,Obrero,Comercio,11 a 50 trabajadores,Si,10,774.0
36,Mujer,Rural,Sierra,Primaria o menos,6,25.0,19.0,Trabajador independiente,Servicios,1 a 10 trabajadores,No,5,362.0
34,Hombre,Urbana,Sierra,Superior universitaria,17,14.0,60.0,Empleador,"Administracion publica, educacion y salud",1 a 10 trabajadores,Si,4,5487.0
59,Hombre,Urbana,Costa,Primaria o menos,6,45.0,37.0,Trabajador independiente,Servicios,1 a 10 trabajadores,No,4,636.0
33,Mujer,Urbana,Sierra,Secundaria,10,16.0,27.0,Obrero,Comercio,1 a 10 trabajadores,No,7,689.0
45,Mujer,Rural,Sierra,Secundaria,9,29.0,54.0,Trabajador independiente,Agropecuario,1 a 10 trabajadores,No,5,458.0
23,Mujer,Urbana,Costa,Secundaria,9,5.0,33.0,Empleado,"Administracion publica, educacion y salud",1 a 10 trabajadores,Si,1,1230.0
41,Mujer,Urbana,Lima Metropolitana,Primaria o menos,6,29.0,57.0,Obrero,Servicios,1 a 10 trabajadores,No,4,1133.0
49,Mujer,Urbana,Lima Metropolitana,Secundaria,8,35.0,36.0,Trabajador independiente,Comercio,1 a 10 trabajadores,No,8,861.0
35,Hombre,Rural,Selva,Primaria o menos,3,26.0,30.0,Trabajador independiente,Agropecuario,1 a 10 trabajadores,No,4,240.0
28,Hombre,Urbana,Costa,Superior no universitaria,13,8.0,47.0,Empleado,Servicios,1 a 10 trabajadores,No,2,994.0
30,Hombre,Urbana,Lima Metropolitana,Secundaria,7,15.0,56.0,Obrero,Comercio,11 a 50 trabajadores,No,5,1037.0
53,Hombre,Rural,Sierra,Primaria o menos,4,43.0,48.0,Trabajador independiente,Agropecuario,1 a 10 trabajadores,No,5,248.0
42,Hombre,Rural,Sierra,Secundaria,9,26.0,35.0,Obrero,Agropecuario,1 a 10 trabajadores,No,4,256.0
23,Mujer,Urbana,Sierra,Superior universitaria,17,0.0,63.0,Empleado,Manufactura,11 a 50 trabajadores,Si,3,2114.0
43,Mujer,Urbana,Lima Metropolitana,Secundaria,10,32.0,62.0,Empleado,Construccion,1 a 10 trabajadores,No,3,1704.0
58,Mujer,Urbana,Selva,Secundaria,7,45.0,48.0,Trabajador independiente,"Administracion publica, educacion y salud",1 a 10 trabajadores,No,6,829.0
65,Hombre,Rural,Sierra,Primaria o menos,4,45.0,48.0,Obrero,Agropecuario,Mas de 50 trabajadores,No,3,208.0
50,Hombre,Rural,Selva,Superior no universitaria,13,30.0,44.0,Obrero,Agropecuario,Mas de 50 trabajadores,Si,3,957.0
50,Mujer,Rural,Selva,Secundaria,10,31.0,45.0,Trabajador independiente,Servicios,11 a 50 trabajadores,No,5,419.0
43,Hombre,Urbana,Selva,Secundaria,10,29.0,33.0,Empleado,Manufactura,1 a 10 trabajadores,Si,3,2390.0
54,Mujer,Rural,Sierra,Secundaria,7,39.0,19.0,Trabajador independiente,Agropecuario,1 a 10 trabajadores,No,1,215.0
51,Hombre,Urbana,Sierra,Superior universitaria,14,32.0,40.0,Empleado,Servicios,1 a 10 trabajadores,Si,5,1854.0
41,Mujer,Urbana,Costa,Secundaria,8,33.0,49.0,Trabajador independiente,"Administracion publica, educacion y salud",1 a 10 trabajadores,Si,5,1835.0
27,Hombre,Rural,Selva,Superior no universitaria,12,13.0,43.0,Trabajador independiente,Comercio,1 a 10 trabajadores,No,7,312.0
45,Hombre,Rural,Sierra,Secundaria,8,28.0,36.0,Trabajador independiente,Comercio,1 a 10 trabajadores,No,6,279.0
40,Hombre,Urbana,Lima Metropolitana,Superior universitaria,16,18.0,47.0,Empleado,Comercio,Mas de 50 trabajadores,No,3,8563.0
34,Mujer,Urbana,Lima Metropolitana,Secundaria,7,18.0,47.0,Empleado,Servicios,Mas de 50 trabajadores,Si,3,2886.0
40,Hombre,Urbana,Costa,Secundaria,9,27.0,41.0,Empleado,Comercio,1 a 10 trabajadores,No,6,1931.0
45,Hombre,Urbana,Costa,Secundaria,8,31.0,39.0,Empleado,"Administracion publica, educacion y salud",1 a 10 trabajadores,Si,4,1263.0
49,Mujer,Urbana,Selva,Secundaria,11,28.0,28.0,Trabajador independiente,Servicios,1 a 10 trabajadores,No,5,891.0
40,Mujer,Urbana,Costa,Secundaria,9,23.0,45.0,Obrero,"Administracion publica, educacion y salud",Mas de 50 trabajadores,Si,5,3027.0
37,Hombre,Urbana,Costa,Superior universitaria,15,14.0,45.0,Empleado,Comercio,1 a 10 trabajadores,Si,3,4511.0
20,Mujer,Urbana,Selva,Primaria o menos,4,13.0,49.0,Empleado,Construccion,1 a 10 trabajadores,No,4,740.0
43,Hombre,Urbana,Lima Metropolitana,Secundaria,8,29.0,39.0,Empleado,Servicios,11 a 50 trabajadores,No,3,973.0
33,Hombre,Urbana,Selva,Secundaria,7,19.0,36.0,Trabajador independiente,"Administracion publica, educacion y salud",11 a 50 trabajadores,No,5,548.0
51,Hombre,Urbana,Costa,Secundaria,7,38.0,37.0,Empleado,Comercio,1 a 10 trabajadores,No,4,961.0
61,Hombre,Urbana,Lima Metropolitana,Superior universitaria,15,40.0,47.0,Trabajador independiente,"Administracion publica, educacion y salud",1 a 10 trabajadores,No,3,3659.0
42,Mujer,Urbana,Lima Metropolitana,Secundaria,7,30.0,63.0,Empleado,Servicios,1 a 10 trabajadores,Si,5,1456.0
27,Mujer,Rural,Sierra,Primaria o menos,3,16.0,,Empleado,Agropecuario,1 a 10 trabajadores,No,3,285.0
34,Mujer,Urbana,Costa,Secundaria,9,16.0,29.0,Empleado,"Administracion publica, educacion y salud",Mas de 50 trabajadores,No,3,734.0
42,Hombre,Urbana,Costa,Secundaria,7,32.0,34.0,Trabajador independiente,Manufactura,11 a 50 trabajadores,No,3,691.0
61,Hombre,Urbana,Lima Metropolitana,Secundaria,8,45.0,39.0,Trabajador independiente,Comercio,1 a 10 trabajadores,No,3,750.0
20,Mujer,Rural,Sierra,Primaria o menos,5,12.0,34.0,Trabajador independiente,Agropecuario,1 a 10 trabajadores,No,6,150.0
28,Hombre,Urbana,Costa,Secundaria,10,8.0,27.0,Empleado,Construccion,1 a 10 trabajadores,Si,5,1055.0
28,Hombre,Urbana,Costa,Secundaria,9,13.0,49.0,Obrero,Servicios,1 a 10 trabajadores,No,6,686.0
38,Hombre,Urbana,Sierra,Secundaria,10,23.0,43.0,Trabajador independiente,"Administracion publica, educacion y salud",Mas de 50 trabajadores,No,2,1525.0
47,Hombre,Urbana,Lima Metropolitana,Secundaria,9,32.0,21.0,Empleado,Servicios,11 a 50 trabajadores,No,4,3271.0
36,Hombre,Urbana,Sierra,Superior universitaria,17,11.0,51.0,Obrero,Servicios,11 a 50 trabajadores,No,2,1992.0
38,Hombre,Rural,Costa,Secundaria,10,25.0,56.0,Trabajador independiente,Comercio,11 a 50 trabajadores,No,3,787.0
50,Mujer,Urbana,Lima Metropolitana,Secundaria,10,34.0,61.0,Obrero,Construccion,11 a 50 trabajadores,No,1,1455.0
25,Hombre,Rural,Costa,Secundaria,9,10.0,48.0,Empleador,Agropecuario,1 a 10 trabajadores,No,4,438.0
35,Mujer,Urbana,Costa,Secundaria,11,16.0,43.0,Empleado,Servicios,11 a 50 trabajadores,No,6,1492.0
49,Mujer,Rural,Sierra,Secundaria,10,34.0,27.0,Trabajador independiente,Servicios,1 a 10 trabajadores,No,6,416.0
60,Hombre,Urbana,Selva,Superior universitaria,17,37.0,43.0,Trabajador independiente,Servicios,1 a 10 trabajadores,No,4,3450.0
46,Hombre,Urbana,Sierra,Secundaria,10,31.0,59.0,Trabajador independiente,Servicios,1 a 10 trabajadores,No,7,993.0
18,Mujer,Urbana,Sierra,Superior universitaria,14,0.0,36.0,Empleado,Construccion,11 a 50 trabajadores,Si,8,2622.0
22,Hombre,Urbana,Sierra,Secundaria,7,9.0,24.0,Empleado,Comercio,1 a 10 trabajadores,No,7,516.0
41,Mujer,Rural,Sierra,Primaria o menos,6,28.0,28.0,Trabajador independiente,Construccion,1 a 10 trabajadores,No,4,175.0
48,Hombre,Urbana,Sierra,Superior universitaria,17,25.0,48.0,Empleado,Servicios,Mas de 50 trabajadores,Si,6,8752.0
42,Mujer,Rural,Sierra,Secundaria,11,24.0,48.0,Trabajador independiente,Comercio,1 a 10 trabajadores,No,4,414.0
31,Hombre,Urbana,Costa,Superior universitaria,14,12.0,43.0,Empleado,Servicios,Mas de 50 trabajadores,Si,5,4278.0
31,Mujer,Urbana,Costa,Superior universitaria,15,9.0,35.0,Empleado,Servicios,Mas de 50 trabajadores,Si,4,2831.0
28,Hombre,Urbana,Lima Metropolitana,Superior universitaria,15,7.0,62.0,Empleado,Servicios,1 a 10 trabajadores,Si,2,2206.0
49,Mujer,Urbana,Sierra,Superior universitaria,17,25.0,39.0,Empleado,Construccion,Mas de 50 trabajadores,Si,5,5565.0
22,Hombre,Urbana,Selva,Primaria o menos,4,8.0,50.0,Trabajador independiente,"Administracion publica, educacion y salud",1 a 10 trabajadores,No,3,332.0
48,Hombre,Urbana,Costa,Superior no universitaria,12,35.0,32.0,Trabajador independiente,Comercio,1 a 10 trabajadores,No,4,1278.0
30,Mujer,Rural,Sierra,Secundaria,10,17.0,37.0,Trabajador independiente,Agropecuario,1 a 10 trabajadores,No,2,150.0
27,Hombre,Urbana,Sierra,Superior no universitaria,15,5.0,41.0,Empleado,Comercio,Mas de 50 trabajadores,Si,5,2753.0
36,Mujer,Urbana,Lima Metropolitana,Posgrado,19,12.0,35.0,Trabajador independiente,Servicios,1 a 10 trabajadores,No,7,5855.0
49,Mujer,Rural,Sierra,Superior universitaria,17,26.0,41.0,Empleado,"Administracion publica, educacion y salud",1 a 10 trabajadores,Si,5,2630.0
49,Mujer,Rural,Sierra,Secundaria,10,31.0,43.0,Obrero,Agropecuario,1 a 10 trabajadores,No,8,370.0
27,Hombre,Urbana,Costa,Superior no universitaria,14,8.0,72.0,Trabajador independiente,"Administracion publica, educacion y salud",1 a 10 trabajadores,No,7,2207.0
31,Mujer,Urbana,Lima Metropolitana,Superior universitaria,15,11.0,8.0,Empleado,Servicios,Mas de 50 trabajadores,Si,3,3855.0
41,Hombre,Rural,Sierra,Primaria o menos,3,31.0,39.0,Empleado,Agropecuario,1 a 10 trabajadores,No,6,355.0
49,Mujer,Urbana,Sierra,Superior no universitaria,14,27.0,66.0,Empleador,Manufactura,1 a 10 trabajadores,No,4,1898.0
46,Mujer,Urbana,Sierra,Superior universitaria,15,24.0,49.0,Empleado,Comercio,1 a 10 trabajadores,No,2,2408.0
40,Mujer,Urbana,Lima Metropolitana,Secundaria,7,27.0,26.0,Empleado,Comercio,Mas de 50 trabajadores,Si,4,1058.0
33,Mujer,Urbana,Sierra,Primaria o menos,5,24.0,59.0,Empleado,Comercio,Mas de 50 trabajadores,No,7,773.0
29,Mujer,Urbana,Sierra,Superior universitaria,17,7.0,46.0,Empleado,Servicios,Mas de 50 trabajadores,Si,2,5190.0
48,Hombre,Urbana,Costa,Primaria o menos,3,40.0,32.0,Trabajador independiente,Manufactura,1 a 10 trabajadores,No,3,429.0
46,Mujer,Urbana,Lima Metropolitana,Secundaria,10,32.0,41.0,Empleado,Comercio,Mas de 50 trabajadores,No,3,2009.0
35,Hombre,Urbana,Sierra,Superior universitaria,17,14.0,39.0,Empleador,"Administracion publica, educacion y salud",11 a 50 trabajadores,Si,3,5018.0
26,Hombre,Urbana,Lima Metropolitana,Secundaria,9,10.0,34.0,Empleado,Comercio,1 a 10 trabajadores,Si,5,1779.0
49,Hombre,Urbana,Sierra,Superior no universitaria,14,31.0,58.0,Empleado,Comercio,11 a 50 trabajadores,Si,3,1235.0
41,Mujer,Urbana,Sierra,Secundaria,10,24.0,19.0,Trabajador independiente,Servicios,1 a 10 trabajadores,No,3,804.0
35,Hombre,Rural,Selva,Secundaria,11,17.0,45.0,Trabajador independiente,Servicios,1 a 10 trabajadores,No,2,445.0
51,Hombre,Urbana,Costa,Secundaria,7,40.0,48.0,Empleado,Servicios,1 a 10 trabajadores,No,7,588.0
50,Mujer,Urbana,Lima Metropolitana,Superior no universitaria,15,25.0,51.0,Trabajador independiente,Agropecuario,1 a 10 trabajadores,No,3,1951.0
39,Hombre,Urbana,Sierra,Superior universitaria,17,17.0,38.0,Empleado,Comercio,Mas de 50 trabajadores,Si,3,2890.0
55,Hombre,Urbana,Lima Metropolitana,Secundaria,8,37.0,55.0,Trabajador independiente,"Administracion publica, educacion y salud",1 a 10 trabajadores,No,6,1530.0
47,Hombre,Urbana,Selva,Superior no universitaria,13,28.0,29.0,Empleado,Manufactura,Mas de 50 trabajadores,Si,3,3383.0
57,Hombre,Rural,Selva,Superior no universitaria,15,36.0,55.0,Trabajador independiente,"Administracion publica, educacion y salud",1 a 10 trabajadores,No,4,1199.0
47,Hombre,Urbana,Lima Metropolitana,Primaria o menos,6,36.0,41.0,Trabajador independiente,Servicios,1 a 10 trabajadores,No,7,703.0
65,Mujer,Urbana,Sierra,Superior universitaria,17,45.0,32.0,Trabajador independiente,Servicios,1 a 10 trabajadores,No,2,1922.0
42,Hombre,Urbana,Lima Metropolitana,Secundaria,8,28.0,47.0,Empleado,Construccion,Mas de 50 trabajadores,No,1,3182.0
39,Hombre,Urbana,Costa,Superior no universitaria,12,22.0,43.0,Obrero,Comercio,11 a 50 trabajadores,No,2,1321.0
42,Mujer,Urbana,Selva,Superior universitaria,15,22.0,43.0,Empleado,Servicios,1 a 10 trabajadores,No,2,2285.0
36,Hombre,Rural,Sierra,Secundaria,7,20.0,47.0,Trabajador independiente,Agropecuario,1 a 10 trabajadores,No,5,349.0
38,Mujer,Rural,Sierra,Primaria o menos,3,32.0,38.0,Empleado,Agropecuario,1 a 10 trabajadores,No,1,182.0
35,Mujer,Rural,Sierra,Secundaria,9,20.0,25.0,Trabajador independiente,Agropecuario,1 a 10 trabajadores,No,7,275.0
29,Hombre,Urbana,Sierra,Superior universitaria,16,9.0,49.0,Empleado,Servicios,11 a 50 trabajadores,Si,5,5151.0
43,Hombre,Urbana,Sierra,Superior no universitaria,12,26.0,49.0,Trabajador independiente,Servicios,1 a 10 trabajadores,No,2,1420.0
36,Hombre,Urbana,Costa,Superior universitaria,17,14.0,32.0,Trabajador independiente,Manufactura,1 a 10 trabajadores,No,7,2769.0
47,Hombre,Rural,Sierra,Primaria o menos,5,32.0,42.0,Obrero,Agropecuario,11 a 50 trabajadores,No,3,203.0
31,Hombre,Urbana,Sierra,Superior universitaria,16,11.0,25.0,Empleado,Comercio,1 a 10 trabajadores,Si,3,4133.0
38,Hombre,Urbana,Lima Metropolitana,Superior no universitaria,15,18.0,25.0,Trabajador independiente,Comercio,1 a 10 trabajadores,No,4,1683.0
62,Mujer,Urbana,Lima Metropolitana,Superior universitaria,17,41.0,57.0,Empleado,Servicios,1 a 10 trabajadores,No,5,5006.0
31,Mujer,Rural,Selva,Secundaria,10,17.0,40.0,Trabajador independiente,Servicios,1 a 10 trabajadores,No,1,371.0
46,Hombre,Urbana,Lima Metropolitana,Secundaria,8,30.0,45.0,Obrero,Comercio,Mas de 50 trabajadores,No,2,1151.0
56,Mujer,Urbana,Selva,Superior universitaria,14,36.0,43.0,Empleado,Comercio,11 a 50 trabajadores,No,3,2592.0
51,Mujer,Urbana,Sierra,Secundaria,11,34.0,32.0,Trabajador independiente,Comercio,1 a 10 trabajadores,No,5,720.0
18,Hombre,Urbana,Lima Metropolitana,Primaria o menos,5,6.0,38.0,Empleado,Servicios,Mas de 50 trabajadores,No,3,1585.0
47,Hombre,Urbana,Lima Metropolitana,Superior universitaria,17,22.0,54.0,Empleado,Servicios,Mas de 50 trabajadores,No,2,8333.0
50,Hombre,Urbana,Costa,Secundaria,8,35.0,53.0,Empleado,"Administracion publica, educacion y salud",1 a 10 trabajadores,No,5,1611.0
49,Mujer,Rural,Costa,Secundaria,7,36.0,56.0,Trabajador independiente,Agropecuario,1 a 10 trabajadores,No,8,286.0
33,Hombre,Rural,Costa,Primaria o menos,5,19.0,32.0,Trabajador independiente,Agropecuario,1 a 10 trabajadores,No,7,208.0
40,Mujer,Urbana,Costa,Superior universitaria,16,15.0,41.0,Empleado,"Administracion publica, educacion y salud",Mas de 50 trabajadores,Si,5,4751.0
47,Hombre,Rural,Sierra,Secundaria,7,33.0,48.0,Trabajador independiente,Manufactura,1 a 10 trabajadores,No,4,340.0
26,Hombre,Urbana,Costa,Secundaria,7,11.0,72.0,Empleado,"Administracion publica, educacion y salud",1 a 10 trabajadores,No,2,1043.0
41,Hombre,Urbana,Sierra,Secundaria,7,28.0,,Trabajador independiente,Manufactura,1 a 10 trabajadores,No,4,1045.0
37,Mujer,Rural,Costa,Superior universitaria,14,16.0,10.0,Empleado,Servicios,1 a 10 trabajadores,No,3,303.0
25,Mujer,Rural,Sierra,Primaria o menos,3,17.0,50.0,Trabajador independiente,Agropecuario,11 a 50 trabajadores,No,4,192.0
48,Mujer,Urbana,Selva,Superior universitaria,16,23.0,35.0,Empleado,Comercio,1 a 10 trabajadores,No,6,2021.0
24,Mujer,Urbana,Lima Metropolitana,Primaria o menos,4,18.0,77.0,Trabajador independiente,Comercio,1 a 10 trabajadores,No,5,580.0
19,Mujer,Urbana,Lima Metropolitana,Superior no universitaria,13,0.0,29.0,Empleado,Construccion,1 a 10 trabajadores,No,5,1392.0
43,Mujer,Urbana,Lima Metropolitana,Superior universitaria,14,21.0,47.0,Empleado,Comercio,Mas de 50 trabajadores,Si,4,4155.0
46,Mujer,Rural,Selva,Primaria o menos,3,40.0,20.0,Trabajador independiente,Agropecuario,1 a 10 trabajadores,No,7,150.0
24,Mujer,Urbana,Sierra,Superior no universitaria,13,6.0,43.0,Empleado,"Administracion publica, educacion y salud",11 a 50 trabajadores,Si,1,2055.0
59,Mujer,Urbana,Lima Metropolitana,Secundaria,7,45.0,41.0,Empleado,Comercio,1 a 10 trabajadores,No,2,656.0
18,Mujer,Urbana,Selva,Superior no universitaria,14,0.0,49.0,Trabajador independiente,Servicios,1 a 10 trabajadores,No,7,814.0
36,Hombre,Urbana,Costa,Superior universitaria,14,18.0,44.0,Trabajador independiente,"Administracion publica, educacion y salud",1 a 10 trabajadores,No,2,2323.0
19,Mujer,Rural,Sierra,Superior no universitaria,14,0.0,64.0,Trabajador independiente,Construccion,11 a 50 trabajadores,No,6,300.0
38,Hombre,Rural,Selva,Primaria o menos,3,30.0,47.0,Obrero,Agropecuario,Mas de 50 trabajadores,No,3,373.0
49,Mujer,Urbana,Lima Metropolitana,Superior universitaria,14,32.0,31.0,Trabajador independiente,Servicios,1 a 10 trabajadores,No,5,958.0
46,Hombre,Rural,Sierra,Superior universitaria,14,24.0,31.0,Trabajador independiente,Agropecuario,11 a 50 trabajadores,No,2,734.0
36,Mujer,Urbana,Sierra,Superior no universitaria,15,17.0,25.0,Trabajador independiente,Manufactura,1 a 10 trabajadores,No,5,652.0
33,Hombre,Urbana,Selva,Secundaria,8,22.0,27.0,Empleado,"Administracion publica, educacion y salud",1 a 10 trabajadores,No,6,869.0
47,Hombre,Urbana,Lima Metropolitana,Secundaria,8,32.0,38.0,Empleado,Servicios,Mas de 50 trabajadores,Si,5,3157.0
40,Mujer,Urbana,Sierra,Superior universitaria,14,23.0,30.0,Trabajador independiente,Construccion,1 a 10 trabajadores,No,4,2017.0
46,Hombre,Urbana,Sierra,Superior universitaria,16,24.0,39.0,Obrero,"Administracion publica, educacion y salud",1 a 10 trabajadores,Si,2,4325.0
33,Hombre,Urbana,Lima Metropolitana,Superior no universitaria,12,15.0,39.0,Obrero,Servicios,11 a 50 trabajadores,No,3,1584.0
47,Mujer,Urbana,Sierra,Superior universitaria,17,22.0,40.0,Empleado,Agropecuario,1 a 10 trabajadores,Si,4,2510.0
50,Hombre,Urbana,Costa,Primaria o menos,6,40.0,30.0,Obrero,Comercio,Mas de 50 trabajadores,No,3,865.0
46,Mujer,Urbana,Lima Metropolitana,Superior universitaria,15,25.0,38.0,Empleado,Servicios,Mas de 50 trabajadores,Si,3,10861.0
33,Hombre,Rural,Selva,Primaria o menos,2,25.0,37.0,Trabajador independiente,Agropecuario,1 a 10 trabajadores,Si,4,212.0
61,Hombre,Rural,Selva,Primaria o menos,3,45.0,31.0,Empleado,Servicios,11 a 50 trabajadores,No,4,396.0
46,Mujer,Urbana,Lima Metropolitana,Superior universitaria,16,23.0,40.0,Empleado,"Administracion publica, educacion y salud",11 a 50 trabajadores,Si,2,7300.0
20,Mujer,Rural,Sierra,Primaria o menos,4,11.0,28.0,Trabajador independiente,Agropecuario,1 a 10 trabajadores,No,6,177.0
61,Hombre,Rural,Selva,Primaria o menos,6,45.0,28.0,Empleado,Agropecuario,1 a 10 trabajadores,No,3,224.0
36,Hombre,Urbana,Selva,Posgrado,17,13.0,51.0,Trabajador independiente,Comercio,1 a 10 trabajadores,No,6,3051.0
43,Hombre,Rural,Costa,Primaria o menos,4,35.0,44.0,Trabajador independiente,Agropecuario,1 a 10 trabajadores,No,3,265.0
52,Hombre,Rural,Selva,Primaria o menos,5,38.0,47.0,Trabajador independiente,Comercio,1 a 10 trabajadores,No,5,378.0
37,Mujer,Urbana,Costa,Superior universitaria,14,17.0,50.0,Empleado,Comercio,1 a 10 trabajadores,Si,2,1931.0
28,Mujer,Urbana,Selva,Superior universitaria,17,7.0,49.0,Trabajador independiente,"Administracion publica, educacion y salud",1 a 10 trabajadores,No,4,1325.0
29,Mujer,Rural,Sierra,Primaria o menos,5,19.0,20.0,Trabajador independiente,Comercio,1 a 10 trabajadores,No,6,289.0
29,Hombre,Urbana,Selva,Superior no universitaria,14,9.0,45.0,Empleado,Servicios,11 a 50 trabajadores,No,2,1971.0
63,Hombre,Urbana,Sierra,Posgrado,17,40.0,66.0,Trabajador independiente,"Administracion publica, educacion y salud",1 a 10 trabajadores,Si,6,6579.0
24,Hombre,Urbana,Lima Metropolitana,Secundaria,11,11.0,54.0,Empleado,"Administracion publica, educacion y salud",1 a 10 trabajadores,No,6,1398.0
52,Hombre,Urbana,Costa,Superior universitaria,16,37.0,33.0,Empleado,Servicios,1 a 10 trabajadores,Si,5,2679.0
50,Mujer,Urbana,Sierra,Superior universitaria,17,26.0,38.0,Empleado,Manufactura,Mas de 50 trabajadores,Si,3,4325.0
36,Mujer,Rural,Selva,Primaria o menos,3,23.0,29.0,Trabajador independiente,Construccion,Mas de 50 trabajadores,No,2,282.0
18,Mujer,Urbana,Selva,Primaria o menos,5,10.0,71.0,Empleador,Servicios,1 a 10 trabajadores,No,6,774.0
26,Hombre,Urbana,Costa,Posgrado,17,5.0,59.0,Empleado,Comercio,11 a 50 trabajadores,No,4,3213.0
23,Mujer,Urbana,Costa,Superior universitaria,15,1.0,45.0,Trabajador independiente,Manufactura,1 a 10 trabajadores,No,3,2232.0
40,Hombre,Urbana,Sierra,Superior universitaria,14,20.0,42.0,Trabajador independiente,Manufactura,1 a 10 trabajadores,No,2,2337.0
19,Mujer,Urbana,Lima Metropolitana,Primaria o menos,2,9.0,57.0,Obrero,Comercio,Mas de 50 trabajadores,No,5,633.0
38,Mujer,Urbana,Sierra,Secundaria,8,23.0,38.0,Trabajador independiente,Agropecuario,1 a 10 trabajadores,No,3,542.0
18,Hombre,Rural,Sierra,Secundaria,9,4.0,29.0,Trabajador independiente,Agropecuario,1 a 10 trabajadores,No,2,231.0
35,Hombre,Urbana,Selva,Superior universitaria,15,13.0,34.0,Trabajador independiente,Manufactura,1 a 10 trabajadores,No,6,2405.0
38,Mujer,Rural,Sierra,Secundaria,8,22.0,55.0,Trabajador independiente,Agropecuario,1 a 10 trabajadores,No,5,186.0
40,Mujer,Rural,Sierra,Secundaria,7,32.0,45.0,Trabajador independiente,Manufactura,11 a 50 trabajadores,No,4,376.0
32,Hombre,Urbana,Costa,Secundaria,9,16.0,36.0,Trabajador independiente,Servicios,1 a 10 trabajadores,No,4,1350.0
24,Hombre,Urbana,Lima Metropolitana,Secundaria,10,7.0,50.0,Obrero,Servicios,Mas de 50 trabajadores,Si,3,2227.0
42,Hombre,Urbana,Sierra,Secundaria,11,25.0,50.0,Empleador,Comercio,1 a 10 trabajadores,No,3,2399.0
41,Mujer,Urbana,Lima Metropolitana,Secundaria,7,28.0,35.0,Trabajador independiente,Servicios,1 a 10 trabajadores,No,7,387.0
37,Hombre,Rural,Sierra,Primaria o menos,5,28.0,34.0,Trabajador independiente,Agropecuario,1 a 10 trabajadores,No,3,205.0
30,Mujer,Urbana,Lima Metropolitana,Superior universitaria,14,12.0,49.0,Empleado,Manufactura,Mas de 50 trabajadores,Si,3,4882.0
26,Mujer,Urbana,Costa,Superior universitaria,15,5.0,51.0,Empleado,Manufactura,1 a 10 trabajadores,No,5,2115.0
48,Hombre,Urbana,Lima Metropolitana,Secundaria,8,33.0,44.0,Trabajador independiente,Comercio,1 a 10 trabajadores,No,6,1478.0
54,Mujer,Urbana,Costa,Primaria o menos,2,45.0,57.0,Trabajador independiente,"Administracion publica, educacion y salud",1 a 10 trabajadores,Si,3,425.0
43,Hombre,Rural,Selva,Primaria o menos,6,29.0,41.0,Trabajador independiente,"Administracion publica, educacion y salud",1 a 10 trabajadores,No,4,398.0
35,Mujer,Urbana,Selva,Secundaria,10,23.0,51.0,Trabajador independiente,Construccion,1 a 10 trabajadores,Si,5,1472.0
20,Mujer,Rural,Selva,Primaria o menos,2,10.0,15.0,Empleado,Agropecuario,1 a 10 trabajadores,No,4,232.0
47,Hombre,Urbana,Lima Metropolitana,Secundaria,10,26.0,37.0,Trabajador independiente,Construccion,1 a 10 trabajadores,No,6,1337.0
50,Mujer,Urbana,Lima Metropolitana,Secundaria,10,31.0,66.0,Empleado,Manufactura,Mas de 50 trabajadores,No,2,1830.0
39,Mujer,Urbana,Lima Metropolitana,Superior universitaria,17,21.0,38.0,Empleado,Comercio,Mas de 50 trabajadores,Si,3,10227.0
27,Hombre,Urbana,Lima Metropolitana,Secundaria,9,12.0,65.0,Trabajador independiente,Servicios,1 a 10 trabajadores,Si,4,1792.0
22,Hombre,Urbana,Costa,Secundaria,8,7.0,45.0,Empleado,Servicios,1 a 10 trabajadores,No,4,927.0
55,Mujer,Urbana,Costa,Superior universitaria,16,37.0,44.0,Empleador,Comercio,1 a 10 trabajadores,Si,6,2406.0
18,Mujer,Urbana,Lima Metropolitana,Primaria o menos,3,12.0,40.0,Obrero,Construccion,1 a 10 trabajadores,No,6,486.0
32,Hombre,Urbana,Costa,Superior no universitaria,13,16.0,38.0,Obrero,Servicios,11 a 50 trabajadores,No,3,1175.0
63,Hombre,Urbana,Sierra,Secundaria,10,45.0,54.0,Empleado,Comercio,1 a 10 trabajadores,No,6,1293.0
18,Hombre,Urbana,Sierra,Secundaria,10,5.0,27.0,Empleado,Comercio,1 a 10 trabajadores,No,5,666.0
29,Mujer,Urbana,Lima Metropolitana,Primaria o menos,4,21.0,47.0,Obrero,Servicios,Mas de 50 trabajadores,No,6,1196.0
27,Mujer,Urbana,Sierra,Secundaria,9,11.0,42.0,Empleado,Servicios,1 a 10 trabajadores,No,5,773.0
41,Hombre,Urbana,Costa,Superior universitaria,14,19.0,60.0,Empleador,Comercio,11 a 50 trabajadores,Si,5,4111.0
40,Hombre,Urbana,Lima Metropolitana,Superior no universitaria,15,21.0,54.0,Trabajador independiente,Comercio,1 a 10 trabajadores,No,6,2529.0
43,Hombre,Rural,Sierra,Secundaria,10,27.0,38.0,Empleado,Agropecuario,1 a 10 trabajadores,No,1,497.0
42,Hombre,Urbana,Sierra,Superior no universitaria,15,21.0,51.0,Obrero,Agropecuario,1 a 10 trabajadores,No,3,1092.0
33,Hombre,Urbana,Lima Metropolitana,Superior no universitaria,15,11.0,48.0,Empleador,Servicios,1 a 10 trabajadores,No,3,3020.0
18,Hombre,Urbana,Sierra,Superior universitaria,17,0.0,46.0,Trabajador independiente,"Administracion publica, educacion y salud",1 a 10 trabajadores,No,1,1939.0
33,Hombre,Rural,Sierra,Secundaria,11,13.0,56.0,Trabajador independiente,Agropecuario,1 a 10 trabajadores,No,6,381.0
56,Hombre,Urbana,Costa,Secundaria,9,41.0,33.0,Empleado,Agropecuario,11 a 50 trabajadores,No,3,1239.0
38,Hombre,Urbana,Lima Metropolitana,Secundaria,8,27.0,56.0,Empleado,"Administracion publica, educacion y salud",11 a 50 trabajadores,Si,5,2431.0
45,Mujer,Urbana,Sierra,Secundaria,10,29.0,44.0,Empleado,Manufactura,Mas de 50 trabajadores,No,6,2120.0
55,Hombre,Urbana,Costa,Superior universitaria,14,35.0,51.0,Empleado,Servicios,Mas de 50 trabajadores,Si,4,3601.0
47,Hombre,Urbana,Selva,Superior universitaria,16,30.0,52.0,Trabajador independiente,Servicios,11 a 50 trabajadores,Si,5,5284.0
29,Hombre,Rural,Sierra,Secundaria,10,11.0,10.0,Trabajador independiente,Agropecuario,1 a 10 trabajadores,,2,163.0
21,Mujer,Urbana,Selva,Superior no universitaria,14,5.0,48.0,Obrero,Comercio,Mas de 50 trabajadores,No,3,1965.0
36,Hombre,Rural,Sierra,Secundaria,7,26.0,55.0,Trabajador independiente,Servicios,1 a 10 trabajadores,No,2,615.0
50,Hombre,Urbana,Costa,Secundaria,9,35.0,52.0,Obrero,"Administracion publica, educacion y salud",11 a 50 trabajadores,No,4,1127.0
43,Hombre,Rural,Sierra,Secundaria,7,30.0,44.0,Obrero,Agropecuario,11 a 50 trabajadores,Si,5,309.0
32,Hombre,Rural,Costa,Primaria o menos,5,20.0,54.0,Trabajador independiente,Servicios,1 a 10 trabajadores,No,1,656.0
18,Hombre,Urbana,Costa,Superior universitaria,17,0.0,53.0,Empleado,"Administracion publica, educacion y salud",11 a 50 trabajadores,Si,7,5354.0
52,Hombre,Urbana,Costa,Primaria o menos,5,41.0,43.0,Trabajador independiente,Comercio,1 a 10 trabajadores,Si,1,499.0
42,Mujer,Rural,Selva,Secundaria,8,28.0,49.0,Trabajador independiente,Agropecuario,1 a 10 trabajadores,No,7,229.0
27,Hombre,Urbana,Lima Metropolitana,Primaria o menos,6,,14.0,Trabajador independiente,Construccion,1 a 10 trabajadores,No,3,365.0
39,Hombre,Urbana,Sierra,Superior no universitaria,12,22.0,26.0,Trabajador independiente,Servicios,1 a 10 trabajadores,No,3,1033.0
54,Hombre,Rural,Selva,Primaria o menos,6,40.0,46.0,Trabajador independiente,Manufactura,1 a 10 trabajadores,No,5,218.0
46,Hombre,Urbana,Lima Metropolitana,Secundaria,10,29.0,40.0,Obrero,Construccion,11 a 50 trabajadores,No,4,1301.0
21,Hombre,Rural,Sierra,Secundaria,7,10.0,24.0,Trabajador independiente,Servicios,1 a 10 trabajadores,No,3,171.0
23,Hombre,Urbana,Lima Metropolitana,Superior no universitaria,14,3.0,69.0,Trabajador independiente,Manufactura,1 a 10 trabajadores,No,2,1991.0
21,Mujer,Rural,Sierra,Primaria o menos,5,8.0,44.0,Trabajador independiente,Agropecuario,1 a 10 trabajadores,Si,3,190.0
33,Mujer,Urbana,Costa,Secundaria,9,20.0,52.0,Empleado,Servicios,Mas de 50 trabajadores,No,5,2100.0
49,Hombre,Urbana,Lima Metropolitana,Secundaria,7,38.0,39.0,Empleador,Comercio,1 a 10 trabajadores,No,4,1165.0
43,Hombre,Urbana,Lima Metropolitana,Primaria o menos,4,30.0,28.0,Empleado,Servicios,1 a 10 trabajadores,No,2,1127.0
65,Hombre,Urbana,Sierra,Secundaria,9,45.0,52.0,Obrero,Comercio,11 a 50 trabajadores,No,4,1009.0
37,Hombre,Rural,Sierra,Primaria o menos,2,27.0,42.0,Empleador,Construccion,1 a 10 trabajadores,No,7,548.0
44,Hombre,Urbana,Lima Metropolitana,Secundaria,9,29.0,37.0,Trabajador independiente,Construccion,1 a 10 trabajadores,No,1,1031.0
58,Mujer,Urbana,Costa,Superior no universitaria,12,42.0,,Trabajador independiente,Construccion,1 a 10 trabajadores,No,2,1087.0
31,Mujer,Rural,Selva,Superior no universitaria,15,11.0,36.0,Trabajador independiente,Agropecuario,1 a 10 trabajadores,No,4,507.0
59,Hombre,Urbana,Sierra,Secundaria,7,45.0,37.0,Trabajador independiente,"Administracion publica, educacion y salud",1 a 10 trabajadores,No,6,1842.0
27,Hombre,Urbana,Lima Metropolitana,Primaria o menos,2,17.0,29.0,Obrero,Comercio,11 a 50 trabajadores,Si,4,375.0
51,Hombre,Urbana,Sierra,Secundaria,7,34.0,22.0,Empleado,Manufactura,Mas de 50 trabajadores,No,4,1056.0
50,Mujer,Urbana,Costa,Posgrado,19,26.0,73.0,Trabajador independiente,Agropecuario,1 a 10 trabajadores,No,4,4141.0
24,Hombre,Urbana,Costa,Secundaria,9,11.0,50.0,Empleado,Servicios,Mas de 50 trabajadores,No,5,1619.0
31,Hombre,Rural,Sierra,Primaria o menos,6,20.0,36.0,Trabajador independiente,Comercio,1 a 10 trabajadores,Si,4,365.0
30,Mujer,Rural,Selva,Secundaria,9,17.0,32.0,Trabajador independiente,Agropecuario,1 a 10 trabajadores,,7,271.0
32,Mujer,Urbana,Selva,Superior no universitaria,13,14.0,41.0,Trabajador independiente,Manufactura,1 a 10 trabajadores,No,2,1409.0
64,Mujer,Rural,Sierra,Secundaria,10,45.0,50.0,Trabajador independiente,Agropecuario,1 a 10 trabajadores,No,3,290.0
38,Hombre,Urbana,Costa,Superior no universitaria,15,19.0,72.0,Trabajador independiente,Comercio,1 a 10 trabajadores,No,6,1705.0
45,Hombre,Urbana,Lima Metropolitana,Superior universitaria,14,26.0,39.0,Trabajador independiente,Servicios,1 a 10 trabajadores,No,3,2538.0
20,Mujer,Urbana,Lima Metropolitana,Secundaria,7,5.0,46.0,Trabajador independiente,Servicios,1 a 10 trabajadores,No,3,682.0
18,Hombre,Urbana,Lima Metropolitana,Secundaria,11,5.0,45.0,Empleado,Manufactura,1 a 10 trabajadores,No,9,1673.0
46,Hombre,Urbana,Lima Metropolitana,Primaria o menos,4,38.0,34.0,Empleado,Comercio,Mas de 50 trabajadores,Si,1,1104.0
65,Mujer,Urbana,Costa,Secundaria,9,45.0,,Empleado,"Administracion publica, educacion y salud",1 a 10 trabajadores,No,4,1738.0
43,Hombre,Urbana,Selva,Superior universitaria,14,26.0,20.0,Trabajador independiente,Construccion,1 a 10 trabajadores,No,1,1521.0
43,Mujer,Rural,Sierra,Secundaria,11,26.0,33.0,Trabajador independiente,Agropecuario,1 a 10 trabajadores,No,10,230.0
38,Hombre,Urbana,Costa,Superior no universitaria,14,17.0,44.0,Empleador,Servicios,1 a 10 trabajadores,No,3,2444.0
45,Hombre,Rural,Sierra,Secundaria,11,27.0,48.0,Trabajador independiente,Agropecuario,1 a 10 trabajadores,,4,572.0
34,Hombre,Rural,Sierra,Secundaria,11,23.0,35.0,Trabajador independiente,Agropecuario,1 a 10 trabajadores,No,4,244.0
41,Mujer,Urbana,Lima Metropolitana,Superior universitaria,14,23.0,53.0,Obrero,Manufactura,Mas de 50 trabajadores,Si,4,7306.0
18,Hombre,Urbana,Costa,Superior no universitaria,15,0.0,46.0,Empleado,Servicios,11 a 50 trabajadores,Si,4,3358.0
43,Mujer,Urbana,Lima Metropolitana,Secundaria,10,24.0,43.0,Trabajador independiente,Manufactura,Mas de 50 trabajadores,No,5,1363.0
27,Hombre,Urbana,Costa,Superior universitaria,14,5.0,46.0,Trabajador independiente,Manufactura,1 a 10 trabajadores,No,4,909.0
38,Mujer,Urbana,Lima Metropolitana,Secundaria,8,21.0,32.0,Trabajador independiente,"Administracion publica, educacion y salud",1 a 10 trabajadores,No,5,587.0
37,Hombre,Urbana,Selva,Secundaria,10,18.0,31.0,Empleado,Comercio,1 a 10 trabajadores,No,2,1168.0
33,Mujer,Urbana,Lima Metropolitana,Secundaria,11,13.0,46.0,Empleado,Servicios,11 a 50 trabajadores,No,1,1085.0
48,Hombre,Urbana,Selva,Superior no universitaria,14,30.0,34.0,Empleado,Servicios,Mas de 50 trabajadores,Si,3,5425.0
46,Hombre,Urbana,Costa,Superior universitaria,15,28.0,55.0,Empleado,Servicios,Mas de 50 trabajadores,No,7,5065.0
27,Hombre,Rural,Sierra,Primaria o menos,5,17.0,36.0,Trabajador independiente,Agropecuario,1 a 10 trabajadores,No,3,174.0
51,Hombre,Rural,Sierra,Secundaria,11,34.0,36.0,Trabajador independiente,Agropecuario,1 a 10 trabajadores,No,3,461.0
21,Hombre,Urbana,Lima Metropolitana,Primaria o menos,6,9.0,58.0,Empleado,Comercio,11 a 50 trabajadores,No,5,1018.0
45,Hombre,Urbana,Costa,Secundaria,9,29.0,52.0,Empleado,Servicios,Mas de 50 trabajadores,No,5,2320.0
45,Mujer,Rural,Sierra,Secundaria,9,30.0,24.0,Trabajador independiente,Agropecuario,1 a 10 trabajadores,No,5,324.0
47,Hombre,Rural,Costa,Primaria o menos,3,35.0,32.0,Trabajador independiente,Construccion,1 a 10 trabajadores,No,4,594.0
27,Mujer,Rural,Selva,Superior no universitaria,13,8.0,51.0,Trabajador independiente,Agropecuario,1 a 10 trabajadores,No,4,150.0
53,Hombre,Urbana,Selva,Primaria o menos,6,41.0,49.0,Trabajador independiente,Servicios,1 a 10 trabajadores,No,4,1268.0
46,Mujer,Urbana,Costa,Superior universitaria,14,27.0,69.0,Empleado,Servicios,1 a 10 trabajadores,Si,7,2383.0
49,Hombre,Urbana,Lima Metropolitana,Superior universitaria,17,24.0,37.0,Trabajador independiente,Manufactura,1 a 10 trabajadores,No,4,6149.0
35,Hombre,Urbana,Selva,Superior universitaria,16,13.0,45.0,Trabajador independiente,Comercio,1 a 10 trabajadores,No,5,2071.0
24,Mujer,Urbana,Selva,Superior universitaria,14,4.0,28.0,Empleado,Servicios,Mas de 50 trabajadores,Si,7,4345.0
22,Hombre,Urbana,Costa,Posgrado,17,0.0,41.0,Trabajador independiente,Servicios,1 a 10 trabajadores,No,6,1832.0
49,Hombre,Urbana,Costa,Superior universitaria,14,31.0,25.0,Empleado,Manufactura,11 a 50 trabajadores,Si,4,1946.0
37,Hombre,Urbana,Selva,Secundaria,7,24.0,48.0,Trabajador independiente,Comercio,1 a 10 trabajadores,No,3,730.0
51,Mujer,Rural,Costa,Primaria o menos,4,44.0,39.0,Trabajador independiente,Agropecuario,1 a 10 trabajadores,No,1,226.0
63,Mujer,Urbana,Lima Metropolitana,Secundaria,8,45.0,39.0,Empleado,Manufactura,11 a 50 trabajadores,No,3,1380.0
45,Hombre,Rural,Selva,Secundaria,11,27.0,18.0,Obrero,Manufactura,Mas de 50 trabajadores,Si,5,982.0
38,Mujer,Urbana,Selva,Superior universitaria,14,19.0,37.0,Empleado,Servicios,1 a 10 trabajadores,No,5,1915.0
62,Hombre,Urbana,Lima Metropolitana,Superior universitaria,14,42.0,46.0,Empleado,Manufactura,11 a 50 trabajadores,Si,4,2905.0
37,Mujer,Urbana,Costa,Primaria o menos,6,23.0,32.0,Empleado,Servicios,11 a 50 trabajadores,Si,3,1223.0
25,Hombre,Urbana,Selva,Primaria o menos,3,18.0,31.0,Trabajador independiente,Comercio,1 a 10 trabajadores,No,3,395.0
53,Hombre,Urbana,Sierra,Superior no universitaria,13,33.0,46.0,Empleado,Manufactura,11 a 50 trabajadores,Si,2,1634.0
55,Mujer,Urbana,Selva,Primaria o menos,3,45.0,34.0,Empleado,Comercio,1 a 10 trabajadores,No,3,337.0
36,Hombre,Rural,Sierra,Primaria o menos,2,32.0,28.0,Empleado,Agropecuario,1 a 10 trabajadores,No,2,199.0
52,Hombre,Urbana,Costa,Superior universitaria,16,29.0,60.0,Empleado,Servicios,11 a 50 trabajadores,No,6,3241.0
18,Hombre,Urbana,Costa,Secundaria,10,1.0,42.0,Trabajador independiente,Manufactura,1 a 10 trabajadores,No,7,1084.0
47,Hombre,Rural,Sierra,Superior no universitaria,14,27.0,50.0,Trabajador independiente,Agropecuario,11 a 50 trabajadores,No,5,723.0
43,Hombre,Rural,Selva,Secundaria,7,30.0,57.0,Trabajador independiente,Manufactura,1 a 10 trabajadores,No,2,609.0
50,Mujer,Urbana,Lima Metropolitana,Superior no universitaria,13,34.0,35.0,Obrero,Servicios,1 a 10 trabajadores,No,2,1141.0
42,Mujer,Urbana,Sierra,Secundaria,8,23.0,59.0,Empleado,Servicios,Mas de 50 trabajadores,Si,5,2147.0
60,Mujer,Rural,Sierra,Superior universitaria,14,39.0,20.0,Trabajador independiente,Agropecuario,1 a 10 trabajadores,No,2,219.0
27,Mujer,Urbana,Selva,Superior no universitaria,12,8.0,20.0,Empleador,Construccion,1 a 10 trabajadores,No,3,1321.0
22,Mujer,Urbana,Lima Metropolitana,Superior universitaria,14,5.0,49.0,Empleado,Comercio,11 a 50 trabajadores,Si,3,2474.0
60,Hombre,Urbana,Selva,Superior universitaria,17,39.0,,Empleado,Construccion,Mas de 50 trabajadores,Si,6,11824.0
39,Hombre,Rural,Sierra,Secundaria,8,24.0,34.0,Obrero,Agropecuario,1 a 10 trabajadores,No,5,409.0
32,Mujer,Rural,Selva,Primaria o menos,5,23.0,32.0,Trabajador independiente,Agropecuario,11 a 50 trabajadores,No,3,150.0
25,Mujer,Urbana,Costa,Superior universitaria,14,4.0,41.0,Empleado,Construccion,Mas de 50 trabajadores,Si,6,5449.0
18,Hombre,Urbana,Lima Metropolitana,Superior universitaria,17,0.0,47.0,Empleado,Construccion,11 a 50 trabajadores,No,4,2474.0
37,Hombre,Rural,Costa,Primaria o menos,3,29.0,53.0,Trabajador independiente,Agropecuario,1 a 10 trabajadores,No,7,292.0
38,Mujer,Urbana,Lima Metropolitana,Superior no universitaria,12,22.0,38.0,Obrero,Servicios,11 a 50 trabajadores,Si,6,3554.0
40,Hombre,Rural,Sierra,Secundaria,9,29.0,54.0,Obrero,Agropecuario,1 a 10 trabajadores,No,4,499.0
38,Mujer,Rural,Selva,Primaria o menos,6,25.0,33.0,Obrero,Servicios,11 a 50 trabajadores,Si,3,639.0
37,Hombre,Urbana,Selva,Posgrado,17,10.0,48.0,Trabajador independiente,Comercio,1 a 10 trabajadores,Si,4,6316.0
53,Hombre,Urbana,Lima Metropolitana,Superior no universitaria,14,33.0,64.0,Empleador,Servicios,1 a 10 trabajadores,Si,5,4005.0
18,Hombre,Urbana,Lima Metropolitana,Secundaria,11,0.0,44.0,Trabajador independiente,Servicios,1 a 10 trabajadores,No,6,1163.0
36,Hombre,Urbana,Lima Metropolitana,Superior no universitaria,13,13.0,59.0,Empleado,Servicios,1 a 10 trabajadores,No,3,1710.0
30,Hombre,Urbana,Costa,Superior no universitaria,14,12.0,45.0,Empleado,Manufactura,11 a 50 trabajadores,No,6,1867.0
47,Hombre,Urbana,Sierra,Secundaria,9,30.0,52.0,Trabajador independiente,Manufactura,1 a 10 trabajadores,No,6,756.0
64,Hombre,Urbana,Lima Metropolitana,Superior universitaria,15,42.0,30.0,Empleado,Manufactura,Mas de 50 trabajadores,No,7,3390.0
39,Hombre,Urbana,Costa,Primaria o menos,5,32.0,33.0,Empleado,Comercio,Mas de 50 trabajadores,Si,2,1393.0
19,Mujer,Urbana,Sierra,Superior universitaria,15,0.0,48.0,Empleado,Comercio,1 a 10 trabajadores,Si,4,2035.0
44,Hombre,Rural,Selva,Primaria o menos,6,31.0,40.0,Trabajador independiente,Agropecuario,1 a 10 trabajadores,No,2,302.0
44,Hombre,Urbana,Selva,Secundaria,7,31.0,37.0,Trabajador independiente,Comercio,1 a 10 trabajadores,Si,1,623.0
53,Mujer,Urbana,Lima Metropolitana,Primaria o menos,6,42.0,46.0,Obrero,"Administracion publica, educacion y salud",1 a 10 trabajadores,No,4,922.0
40,Mujer,Rural,Sierra,Secundaria,7,27.0,41.0,Trabajador independiente,Agropecuario,1 a 10 trabajadores,No,4,150.0
42,Hombre,Urbana,Sierra,Secundaria,10,26.0,33.0,Trabajador independiente,Comercio,1 a 10 trabajadores,No,4,1361.0
28,Mujer,Urbana,Lima Metropolitana,Secundaria,11,10.0,20.0,Trabajador independiente,Comercio,1 a 10 trabajadores,No,4,634.0
18,Hombre,Urbana,Lima Metropolitana,Secundaria,8,1.0,56.0,Empleado,Manufactura,1 a 10 trabajadores,No,9,1348.0
26,Hombre,Urbana,Lima Metropolitana,Superior no universitaria,14,6.0,48.0,Trabajador independiente,Servicios,1 a 10 trabajadores,No,8,994.0
32,Hombre,Rural,Sierra,Secundaria,9,19.0,28.0,Trabajador independiente,Agropecuario,1 a 10 trabajadores,No,3,306.0
40,Hombre,Urbana,Costa,Superior no universitaria,12,25.0,47.0,Obrero,Servicios,11 a 50 trabajadores,Si,4,1471.0
24,Hombre,Urbana,Costa,Primaria o menos,3,14.0,63.0,Empleado,Agropecuario,1 a 10 trabajadores,No,5,330.0
44,Hombre,Urbana,Lima Metropolitana,Secundaria,10,29.0,61.0,Empleador,Manufactura,11 a 50 trabajadores,Si,4,3879.0
45,Mujer,Urbana,Lima Metropolitana,Superior universitaria,17,25.0,44.0,Obrero,Comercio,Mas de 50 trabajadores,No,3,4777.0
35,Hombre,Rural,Selva,Secundaria,11,17.0,21.0,Trabajador independiente,Construccion,1 a 10 trabajadores,No,1,307.0
64,Mujer,Rural,Sierra,Superior no universitaria,12,45.0,47.0,Trabajador independiente,Construccion,1 a 10 trabajadores,No,2,371.0
24,Hombre,Urbana,Costa,Superior universitaria,15,4.0,39.0,Empleado,Servicios,11 a 50 trabajadores,Si,2,3595.0
54,Hombre,Urbana,Costa,Secundaria,10,43.0,27.0,Empleado,Servicios,11 a 50 trabajadores,No,4,1215.0
28,Hombre,Rural,Sierra,Primaria o menos,5,18.0,33.0,Trabajador independiente,Servicios,1 a 10 trabajadores,No,2,208.0
34,Mujer,Rural,Sierra,Secundaria,8,20.0,23.0,Trabajador independiente,Agropecuario,1 a 10 trabajadores,No,3,298.0
43,Hombre,Urbana,Selva,Primaria o menos,2,38.0,37.0,Trabajador independiente,Agropecuario,1 a 10 trabajadores,No,5,392.0
18,Hombre,Urbana,Costa,Secundaria,7,5.0,16.0,Trabajador independiente,Manufactura,1 a 10 trabajadores,No,3,691.0
40,Hombre,Urbana,Lima Metropolitana,Secundaria,11,22.0,40.0,Empleado,Comercio,1 a 10 trabajadores,No,3,2111.0
35,Mujer,Urbana,Selva,Superior universitaria,16,12.0,67.0,Trabajador independiente,Servicios,1 a 10 trabajadores,No,3,1591.0
36,Mujer,Urbana,Selva,Superior no universitaria,12,17.0,47.0,Empleado,Servicios,Mas de 50 trabajadores,Si,5,2871.0
27,Mujer,Urbana,Selva,Superior no universitaria,13,10.0,41.0,Empleador,Comercio,1 a 10 trabajadores,No,5,1314.0
29,Mujer,Urbana,Lima Metropolitana,Primaria o menos,6,18.0,36.0,Obrero,Construccion,Mas de 50 trabajadores,No,4,601.0
42,Mujer,Rural,Sierra,Superior no universitaria,12,21.0,51.0,Trabajador independiente,Manufactura,1 a 10 trabajadores,No,2,837.0
61,Mujer,Urbana,Costa,Secundaria,11,45.0,53.0,Empleado,"Administracion publica, educacion y salud",11 a 50 trabajadores,Si,4,1615.0
45,Mujer,Urbana,Selva,Secundaria,7,31.0,43.0,Empleado,Comercio,11 a 50 trabajadores,No,6,869.0
35,Mujer,Rural,Costa,Secundaria,7,24.0,33.0,Trabajador independiente,Construccion,11 a 50 trabajadores,No,4,407.0
61,Mujer,Urbana,Sierra,Primaria o menos,6,45.0,50.0,Obrero,Manufactura,Mas de 50 trabajadores,Si,4,882.0
50,Hombre,Urbana,Lima Metropolitana,Secundaria,7,37.0,53.0,Empleado,Comercio,11 a 50 trabajadores,No,3,1712.0
32,Hombre,Urbana,Lima Metropolitana,Secundaria,9,19.0,25.0,Trabajador independiente,Manufactura,1 a 10 trabajadores,No,8,897.0
24,Hombre,Rural,Costa,Primaria o menos,4,13.0,44.0,Trabajador independiente,Agropecuario,1 a 10 trabajadores,No,2,274.0
47,Hombre,Rural,Sierra,Primaria o menos,5,32.0,23.0,Obrero,Agropecuario,Mas de 50 trabajadores,No,5,355.0
33,Hombre,Urbana,Costa,Secundaria,10,18.0,55.0,Trabajador independiente,Servicios,1 a 10 trabajadores,No,5,1486.0
38,Hombre,Urbana,Lima Metropolitana,Primaria o menos,5,27.0,45.0,Empleado,Servicios,Mas de 50 trabajadores,No,3,1424.0
45,Hombre,Urbana,Selva,Secundaria,10,30.0,,Empleador,Servicios,1 a 10 trabajadores,No,7,2231.0
36,Mujer,Rural,Sierra,Secundaria,8,18.0,38.0,Obrero,Manufactura,1 a 10 trabajadores,No,3,251.0
36,Mujer,Urbana,Lima Metropolitana,Superior no universitaria,13,,25.0,Trabajador independiente,"Administracion publica, educacion y salud",1 a 10 trabajadores,Si,6,1613.0
37,Hombre,Rural,Costa,Secundaria,10,19.0,28.0,Trabajador independiente,Agropecuario,1 a 10 trabajadores,No,4,283.0
43,Hombre,Urbana,Sierra,Superior universitaria,15,24.0,29.0,Empleado,Construccion,1 a 10 trabajadores,Si,3,2627.0
40,Hombre,Urbana,Lima Metropolitana,Secundaria,10,26.0,31.0,Empleado,"Administracion publica, educacion y salud",Mas de 50 trabajadores,Si,2,2733.0
34,Hombre,Urbana,Sierra,Secundaria,8,21.0,46.0,Empleado,Comercio,11 a 50 trabajadores,No,4,810.0
40,Mujer,Urbana,Costa,Primaria o menos,3,31.0,36.0,Trabajador independiente,Construccion,1 a 10 trabajadores,No,6,394.0
63,Mujer,Urbana,Lima Metropolitana,Primaria o menos,6,45.0,55.0,Trabajador independiente,Servicios,1 a 10 trabajadores,No,4,593.0
26,Hombre,Urbana,Lima Metropolitana,Superior universitaria,16,5.0,32.0,Empleado,Servicios,1 a 10 trabajadores,No,2,2614.0
31,Hombre,Urbana,Sierra,Secundaria,11,12.0,52.0,Empleado,Servicios,1 a 10 trabajadores,Si,8,1405.0
37,Hombre,Urbana,Lima Metropolitana,Superior no universitaria,12,19.0,44.0,Empleado,"Administracion publica, educacion y salud",1 a 10 trabajadores,No,6,1809.0
45,Hombre,Urbana,Lima Metropolitana,Superior universitaria,14,24.0,61.0,Trabajador independiente,Comercio,1 a 10 trabajadores,No,2,3552.0
44,Hombre,Rural,Sierra,Secundaria,10,,43.0,Trabajador independiente,Agropecuario,1 a 10 trabajadores,No,4,246.0
18,Hombre,Urbana,Lima Metropolitana,Superior no universitaria,14,1.0,18.0,Empleado,"Administracion publica, educacion y salud",Mas de 50 trabajadores,No,5,1997.0
58,Hombre,Rural,Sierra,Primaria o menos,6,43.0,39.0,Trabajador independiente,Construccion,1 a 10 trabajadores,No,4,369.0
49,Hombre,Rural,Selva,Primaria o menos,2,41.0,44.0,Trabajador independiente,Servicios,1 a 10 trabajadores,No,6,512.0
35,Mujer,Urbana,Costa,Superior universitaria,15,12.0,45.0,Empleado,Comercio,1 a 10 trabajadores,Si,3,2770.0
65,Hombre,Urbana,Costa,Superior universitaria,14,45.0,42.0,Empleado,Servicios,Mas de 50 trabajadores,No,3,3178.0
41,Hombre,Rural,Costa,Primaria o menos,3,31.0,36.0,Trabajador independiente,Agropecuario,1 a 10 trabajadores,No,3,244.0
38,Mujer,Urbana,Lima Metropolitana,Secundaria,9,24.0,55.0,Trabajador independiente,Construccion,1 a 10 trabajadores,No,10,1160.0
29,Mujer,Urbana,Costa,Primaria o menos,4,20.0,69.0,Trabajador independiente,Servicios,1 a 10 trabajadores,No,4,394.0
24,Hombre,Urbana,Sierra,Superior no universitaria,12,8.0,34.0,Empleado,Servicios,1 a 10 trabajadores,No,3,1751.0
39,Mujer,Urbana,Lima Metropolitana,Secundaria,10,21.0,63.0,Empleado,Servicios,11 a 50 trabajadores,No,6,1449.0
42,Mujer,Urbana,Lima Metropolitana,Primaria o menos,2,36.0,38.0,Empleado,Comercio,Mas de 50 trabajadores,Si,5,1046.0
44,Hombre,Rural,Sierra,Secundaria,10,31.0,29.0,Obrero,Agropecuario,1 a 10 trabajadores,No,5,296.0
47,Mujer,Urbana,Sierra,Secundaria,10,29.0,50.0,Obrero,"Administracion publica, educacion y salud",11 a 50 trabajadores,,3,1753.0
30,Mujer,Urbana,Sierra,Primaria o menos,5,20.0,45.0,Empleado,Servicios,1 a 10 trabajadores,Si,4,406.0
23,Mujer,Urbana,Sierra,Superior no universitaria,12,7.0,42.0,Trabajador independiente,Servicios,1 a 10 trabajadores,No,3,623.0
46,Hombre,Rural,Sierra,Secundaria,9,30.0,39.0,Trabajador independiente,Comercio,1 a 10 trabajadores,No,4,380.0
31,Hombre,Rural,Sierra,Primaria o menos,4,19.0,41.0,Trabajador independiente,Agropecuario,1 a 10 trabajadores,No,4,153.0
62,Hombre,Urbana,Sierra,Superior universitaria,14,43.0,39.0,Empleado,Manufactura,1 a 10 trabajadores,No,5,1276.0
33,Mujer,Rural,Sierra,Secundaria,10,20.0,62.0,Trabajador independiente,Comercio,1 a 10 trabajadores,No,5,330.0
46,Mujer,Urbana,Lima Metropolitana,Primaria o menos,5,34.0,46.0,Trabajador independiente,Comercio,11 a 50 trabajadores,No,5,668.0
23,Mujer,Urbana,Costa,Primaria o menos,5,13.0,51.0,Empleado,"Administracion publica, educacion y salud",Mas de 50 trabajadores,Si,1,1946.0
49,Mujer,Rural,Selva,Primaria o menos,3,36.0,38.0,Obrero,Servicios,1 a 10 trabajadores,No,4,351.0
52,Mujer,Urbana,Sierra,Superior universitaria,14,32.0,45.0,Empleado,"Administracion publica, educacion y salud",Mas de 50 trabajadores,Si,4,8361.0
54,Mujer,Urbana,Costa,Secundaria,8,40.0,26.0,Obrero,Construccion,11 a 50 trabajadores,No,8,682.0
38,Hombre,Rural,Selva,Primaria o menos,5,24.0,27.0,Trabajador independiente,Agropecuario,1 a 10 trabajadores,No,5,186.0
21,Mujer,Urbana,Costa,Secundaria,10,5.0,60.0,Empleado,Construccion,11 a 50 trabajadores,No,3,897.0
39,Hombre,Urbana,Costa,Superior universitaria,17,16.0,53.0,Empleado,Servicios,1 a 10 trabajadores,Si,6,3553.0
26,Hombre,Urbana,Selva,Secundaria,7,11.0,55.0,Empleado,"Administracion publica, educacion y salud",Mas de 50 trabajadores,Si,6,2082.0
23,Hombre,Urbana,Sierra,Superior universitaria,14,3.0,51.0,Empleado,Servicios,11 a 50 trabajadores,Si,3,2729.0
32,Hombre,Urbana,Lima Metropolitana,Primaria o menos,4,20.0,59.0,Obrero,Agropecuario,Mas de 50 trabajadores,No,4,703.0
32,Mujer,Urbana,Lima Metropolitana,Superior no universitaria,12,12.0,33.0,Trabajador independiente,Comercio,1 a 10 trabajadores,No,4,1685.0
31,Hombre,Urbana,Costa,Primaria o menos,4,21.0,44.0,Empleado,Manufactura,1 a 10 trabajadores,No,4,764.0
40,Mujer,Urbana,Lima Metropolitana,Superior no universitaria,15,19.0,35.0,Empleado,Comercio,11 a 50 trabajadores,No,5,1773.0
38,Mujer,Rural,Sierra,Primaria o menos,4,25.0,52.0,Empleado,Agropecuario,1 a 10 trabajadores,No,5,316.0
37,Hombre,Rural,Sierra,Secundaria,7,26.0,42.0,Obrero,Agropecuario,11 a 50 trabajadores,No,7,404.0
25,Mujer,Urbana,Costa,Superior no universitaria,14,3.0,31.0,Empleado,Construccion,Mas de 50 trabajadores,No,6,1854.0
57,Hombre,Urbana,Lima Metropolitana,Superior no universitaria,15,37.0,42.0,Empleado,"Administracion publica, educacion y salud",Mas de 50 trabajadores,Si,2,5397.0
34,Hombre,Urbana,Sierra,Superior no universitaria,12,16.0,47.0,Empleado,Construccion,1 a 10 trabajadores,No,4,1295.0
39,Mujer,Rural,Sierra,Superior universitaria,15,19.0,36.0,Empleado,Agropecuario,Mas de 50 trabajadores,Si,7,1575.0
31,Mujer,Urbana,Sierra,Secundaria,11,11.0,32.0,Empleador,Servicios,1 a 10 trabajadores,No,1,1697.0
53,Mujer,Urbana,Lima Metropolitana,Superior universitaria,14,33.0,61.0,Empleado,Manufactura,1 a 10 trabajadores,No,2,2679.0
33,Hombre,Rural,Sierra,Primaria o menos,3,25.0,55.0,Trabajador independiente,Agropecuario,1 a 10 trabajadores,No,3,224.0
50,Hombre,Urbana,Sierra,Superior no universitaria,14,32.0,25.0,Empleado,Servicios,Mas de 50 trabajadores,No,3,2391.0
38,Mujer,Urbana,Selva,Secundaria,7,25.0,36.0,Empleado,Comercio,1 a 10 trabajadores,No,3,753.0
37,Hombre,Urbana,Selva,Superior no universitaria,14,18.0,75.0,Trabajador independiente,Comercio,1 a 10 trabajadores,No,4,1002.0
38,Mujer,Urbana,Lima Metropolitana,Secundaria,7,26.0,63.0,Empleado,Comercio,Mas de 50 trabajadores,No,6,1147.0
44,Mujer,Urbana,Lima Metropolitana,Superior no universitaria,12,24.0,55.0,Trabajador independiente,"Administracion publica, educacion y salud",Mas de 50 trabajadores,Si,4,2449.0
47,Mujer,Rural,Sierra,Secundaria,9,31.0,51.0,Obrero,Agropecuario,11 a 50 trabajadores,No,6,413.0
36,Hombre,Rural,Selva,Primaria o menos,2,29.0,42.0,Trabajador independiente,Servicios,1 a 10 trabajadores,No,8,383.0
37,Hombre,Rural,Costa,Primaria o menos,2,30.0,42.0,Trabajador independiente,Comercio,1 a 10 trabajadores,No,5,186.0
35,Hombre,Rural,Selva,Primaria o menos,5,24.0,33.0,Trabajador independiente,Agropecuario,1 a 10 trabajadores,No,1,236.0
55,Mujer,Urbana,Sierra,Secundaria,9,41.0,45.0,Trabajador independiente,Servicios,1 a 10 trabajadores,No,5,724.0
61,Hombre,Urbana,Costa,Secundaria,10,45.0,58.0,Empleado,Manufactura,11 a 50 trabajadores,No,5,2232.0
35,Mujer,Urbana,Lima Metropolitana,Secundaria,11,17.0,41.0,Empleador,Comercio,11 a 50 trabajadores,No,4,2870.0
34,Mujer,Rural,Sierra,Primaria o menos,4,23.0,29.0,Trabajador independiente,Agropecuario,1 a 10 trabajadores,No,3,176.0
29,Hombre,Urbana,Selva,Superior universitaria,17,5.0,46.0,Empleador,Servicios,11 a 50 trabajadores,Si,6,8086.0
36,Hombre,Urbana,Sierra,Secundaria,9,15.0,73.0,Obrero,"Administracion publica, educacion y salud",Mas de 50 trabajadores,Si,8,1823.0
28,Hombre,Urbana,Costa,Superior universitaria,16,6.0,61.0,Trabajador independiente,Servicios,1 a 10 trabajadores,No,6,1759.0
29,Hombre,Urbana,Selva,Superior no universitaria,12,10.0,33.0,Trabajador independiente,Comercio,1 a 10 trabajadores,No,7,974.0
55,Hombre,Rural,Costa,Secundaria,8,42.0,39.0,Obrero,Comercio,1 a 10 trabajadores,Si,5,432.0
32,Mujer,Urbana,Selva,Secundaria,11,13.0,16.0,Trabajador independiente,Comercio,1 a 10 trabajadores,No,3,711.0
52,Hombre,Urbana,Lima Metropolitana,Secundaria,9,36.0,50.0,Trabajador independiente,Servicios,1 a 10 trabajadores,No,4,1480.0
33,Mujer,Urbana,Selva,Secundaria,8,19.0,69.0,Obrero,Comercio,Mas de 50 trabajadores,Si,3,1111.0
37,Mujer,Urbana,Lima Metropolitana,Primaria o menos,6,27.0,39.0,Obrero,Comercio,Mas de 50 trabajadores,Si,7,1095.0
48,Hombre,Urbana,Costa,Secundaria,11,30.0,39.0,Empleado,"Administracion publica, educacion y salud",Mas de 50 trabajadores,Si,4,4957.0
37,Hombre,Urbana,Sierra,Primaria o menos,4,26.0,47.0,Empleado,Manufactura,11 a 50 trabajadores,No,5,430.0
43,Hombre,Urbana,Lima Metropolitana,Superior universitaria,16,18.0,61.0,Empleado,"Administracion publica, educacion y salud",Mas de 50 trabajadores,Si,4,6113.0
23,Hombre,Urbana,Selva,Secundaria,11,5.0,53.0,Empleado,Comercio,Mas de 50 trabajadores,Si,3,3154.0
29,Mujer,Urbana,Sierra,Superior no universitaria,13,12.0,49.0,Trabajador independiente,Servicios,1 a 10 trabajadores,No,4,1382.0
36,Hombre,Rural,Selva,Primaria o menos,5,22.0,42.0,Trabajador independiente,Agropecuario,1 a 10 trabajadores,No,4,276.0
44,Mujer,Rural,Selva,Primaria o menos,3,34.0,50.0,Trabajador independiente,Agropecuario,1 a 10 trabajadores,No,5,166.0
40,Hombre,Urbana,Selva,Superior no universitaria,12,24.0,63.0,Empleado,"Administracion publica, educacion y salud",11 a 50 trabajadores,Si,7,2800.0
34,Mujer,Rural,Sierra,Primaria o menos,4,23.0,23.0,Trabajador independiente,Construccion,1 a 10 trabajadores,No,4,369.0
53,Hombre,Urbana,Selva,Superior no universitaria,12,34.0,42.0,Trabajador independiente,Servicios,1 a 10 trabajadores,No,3,1378.0
48,Mujer,Rural,Sierra,Primaria o menos,4,38.0,45.0,Trabajador independiente,Agropecuario,1 a 10 trabajadores,No,3,235.0
50,Hombre,Urbana,Lima Metropolitana,Superior no universitaria,15,26.0,55.0,Empleado,Comercio,1 a 10 trabajadores,No,3,3690.0
31,Mujer,Rural,Selva,Primaria o menos,5,18.0,30.0,Trabajador independiente,Agropecuario,1 a 10 trabajadores,No,4,265.0
31,Mujer,Rural,Sierra,Secundaria,7,19.0,30.0,Trabajador independiente,Agropecuario,1 a 10 trabajadores,No,7,185.0
37,Hombre,Rural,Sierra,Primaria o menos,3,28.0,35.0,Trabajador independiente,Agropecuario,1 a 10 trabajadores,No,3,268.0
61,Hombre,Urbana,Costa,Superior no universitaria,13,44.0,41.0,Empleado,Comercio,Mas de 50 trabajadores,Si,3,6966.0
40,Mujer,Urbana,Costa,Secundaria,11,23.0,42.0,Empleado,Agropecuario,1 a 10 trabajadores,No,6,1656.0
37,Mujer,Rural,Sierra,Secundaria,10,20.0,43.0,Trabajador independiente,Agropecuario,1 a 10 trabajadores,No,3,320.0
26,Hombre,Urbana,Lima Metropolitana,Posgrado,18,0.0,28.0,Trabajador independiente,Construccion,1 a 10 trabajadores,No,2,3909.0
43,Hombre,Urbana,Sierra,Secundaria,10,26.0,60.0,Empleador,"Administracion publica, educacion y salud",1 a 10 trabajadores,No,5,1936.0
36,Mujer,Urbana,Lima Metropolitana,Superior no universitaria,13,16.0,44.0,Empleado,"Administracion publica, educacion y salud",1 a 10 trabajadores,Si,3,4452.0
35,Hombre,Urbana,Lima Metropolitana,Posgrado,17,12.0,45.0,Trabajador independiente,Manufactura,1 a 10 trabajadores,Si,6,4763.0
53,Hombre,Urbana,Costa,Superior no universitaria,13,34.0,26.0,Empleado,Manufactura,1 a 10 trabajadores,No,2,923.0
23,Mujer,Urbana,Lima Metropolitana,Superior universitaria,17,0.0,44.0,Empleado,Servicios,1 a 10 trabajadores,No,7,2921.0
31,Mujer,Urbana,Sierra,Superior no universitaria,15,8.0,47.0,Trabajador independiente,"Administracion publica, educacion y salud",1 a 10 trabajadores,No,5,1790.0
43,Mujer,Urbana,Costa,Primaria o menos,4,34.0,21.0,Empleado,Servicios,1 a 10 trabajadores,No,4,719.0
23,Hombre,Urbana,Costa,Primaria o menos,2,18.0,51.0,Empleado,Comercio,Mas de 50 trabajadores,No,3,508.0
54,Mujer,Urbana,Costa,Primaria o menos,5,41.0,47.0,Empleado,Comercio,1 a 10 trabajadores,No,2,784.0
51,Hombre,Rural,Sierra,Secundaria,7,39.0,21.0,Trabajador independiente,Agropecuario,1 a 10 trabajadores,No,4,220.0
56,Hombre,Rural,Sierra,Secundaria,10,42.0,63.0,Trabajador independiente,Agropecuario,1 a 10 trabajadores,No,5,350.0
63,Mujer,Urbana,Costa,Primaria o menos,4,45.0,58.0,Trabajador independiente,Comercio,1 a 10 trabajadores,Si,6,387.0
43,Hombre,Urbana,Costa,Secundaria,8,28.0,38.0,Trabajador independiente,Servicios,1 a 10 trabajadores,No,3,914.0
38,Mujer,Urbana,Costa,Secundaria,7,23.0,61.0,Trabajador independiente,"Administracion publica, educacion y salud",1 a 10 trabajadores,No,2,611.0
42,Hombre,Rural,Costa,Secundaria,9,30.0,49.0,Trabajador independiente,Agropecuario,1 a 10 trabajadores,No,6,219.0
36,Mujer,Rural,Costa,Secundaria,10,20.0,29.0,Trabajador independiente,Comercio,1 a 10 trabajadores,No,7,418.0
54,Hombre,Urbana,Lima Metropolitana,Superior no universitaria,14,34.0,61.0,Obrero,Construccion,Mas de 50 trabajadores,No,5,2512.0
35,Hombre,Rural,Selva,Primaria o menos,2,30.0,32.0,Trabajador independiente,Comercio,11 a 50 trabajadores,No,1,287.0
38,Hombre,Urbana,Lima Metropolitana,Superior universitaria,14,18.0,35.0,Empleado,Comercio,1 a 10 trabajadores,No,3,2413.0
26,Hombre,Urbana,Costa,Superior no universitaria,15,8.0,48.0,Empleado,Servicios,11 a 50 trabajadores,No,3,1856.0
65,Mujer,Urbana,Selva,Secundaria,11,45.0,35.0,Trabajador independiente,Servicios,1 a 10 trabajadores,No,2,940.0
63,Mujer,Urbana,Selva,Secundaria,10,45.0,26.0,Empleado,Construccion,Mas de 50 trabajadores,No,4,1526.0
53,Hombre,Rural,Selva,Secundaria,9,40.0,61.0,Trabajador independiente,Agropecuario,1 a 10 trabajadores,No,5,460.0
41,Mujer,Urbana,Selva,Superior universitaria,16,21.0,66.0,Trabajador independiente,Manufactura,11 a 50 trabajadores,No,2,3029.0
30,Mujer,Urbana,Selva,Superior no universitaria,15,6.0,39.0,Trabajador independiente,Servicios,1 a 10 trabajadores,No,2,1959.0
26,Mujer,Urbana,Lima Metropolitana,Secundaria,8,11.0,11.0,Empleador,Construccion,1 a 10 trabajadores,No,2,692.0
51,Hombre,Urbana,Lima Metropolitana,Secundaria,8,40.0,60.0,Empleado,Construccion,11 a 50 trabajadores,No,5,1781.0
30,Mujer,Urbana,Costa,Secundaria,11,13.0,60.0,Empleado,Servicios,Mas de 50 trabajadores,Si,2,2594.0
35,Mujer,Rural,Sierra,Primaria o menos,2,28.0,44.0,Trabajador independiente,Agropecuario,1 a 10 trabajadores,No,5,150.0
37,Hombre,Rural,Sierra,Secundaria,11,15.0,52.0,Trabajador independiente,Agropecuario,1 a 10 trabajadores,No,6,241.0
49,Mujer,Rural,Selva,Secundaria,9,36.0,50.0,Trabajador independiente,Agropecuario,1 a 10 trabajadores,No,2,337.0
58,Hombre,Urbana,Sierra,Primaria o menos,5,44.0,44.0,Empleado,Servicios,Mas de 50 trabajadores,No,4,647.0
44,Mujer,Urbana,Lima Metropolitana,Superior universitaria,15,21.0,41.0,Empleado,Agropecuario,Mas de 50 trabajadores,Si,5,3400.0
34,Hombre,Urbana,Sierra,Secundaria,10,24.0,67.0,Trabajador independiente,"Administracion publica, educacion y salud",1 a 10 trabajadores,No,3,1678.0
46,Mujer,Urbana,Lima Metropolitana,Superior universitaria,17,26.0,47.0,Empleado,Comercio,11 a 50 trabajadores,Si,7,5791.0
45,Hombre,Urbana,Lima Metropolitana,Primaria o menos,5,29.0,49.0,Trabajador independiente,"Administracion publica, educacion y salud",11 a 50 trabajadores,Si,5,985.0
40,Mujer,Urbana,Selva,Superior universitaria,16,21.0,63.0,Trabajador independiente,Comercio,1 a 10 trabajadores,Si,1,1696.0
21,Mujer,Urbana,Sierra,Primaria o menos,2,10.0,61.0,Empleado,Construccion,11 a 50 trabajadores,Si,6,876.0
35,Mujer,Urbana,Sierra,Secundaria,10,19.0,17.0,Trabajador independiente,"Administracion publica, educacion y salud",1 a 10 trabajadores,No,4,949.0
44,Hombre,Rural,Selva,Secundaria,9,29.0,23.0,Trabajador independiente,Manufactura,1 a 10 trabajadores,No,4,352.0
49,Mujer,Urbana,Lima Metropolitana,Superior universitaria,14,32.0,45.0,Empleado,Comercio,11 a 50 trabajadores,Si,6,2754.0
36,Hombre,Rural,Sierra,Secundaria,8,22.0,39.0,Trabajador independiente,Agropecuario,1 a 10 trabajadores,No,3,235.0
35,Mujer,Urbana,Costa,Secundaria,9,23.0,54.0,Trabajador independiente,Servicios,1 a 10 trabajadores,No,6,559.0
33,Mujer,Rural,Sierra,Secundaria,9,19.0,33.0,Trabajador independiente,Agropecuario,1 a 10 trabajadores,No,2,150.0
32,Hombre,Urbana,Sierra,Superior universitaria,15,12.0,31.0,Empleado,Servicios,Mas de 50 trabajadores,No,7,2408.0
37,Hombre,Rural,Costa,Primaria o menos,6,24.0,38.0,Trabajador independiente,Agropecuario,1 a 10 trabajadores,No,5,219.0
34,Mujer,Rural,Sierra,Primaria o menos,3,22.0,37.0,Trabajador independiente,Agropecuario,1 a 10 trabajadores,No,3,230.0
36,Mujer,Urbana,Lima Metropolitana,Superior no universitaria,14,12.0,31.0,Trabajador independiente,Servicios,1 a 10 trabajadores,No,7,1018.0
38,Mujer,Rural,Sierra,Secundaria,10,22.0,38.0,Trabajador independiente,Agropecuario,1 a 10 trabajadores,No,2,182.0
36,Mujer,Urbana,Selva,Secundaria,10,19.0,35.0,Empleado,Manufactura,1 a 10 trabajadores,No,4,1056.0
54,Hombre,Rural,Sierra,Secundaria,10,40.0,55.0,Obrero,Agropecuario,1 a 10 trabajadores,No,8,293.0
65,Hombre,Urbana,Sierra,Secundaria,7,45.0,34.0,Obrero,Comercio,Mas de 50 trabajadores,No,3,875.0
39,Hombre,Rural,Costa,Secundaria,9,22.0,8.0,Trabajador independiente,Agropecuario,1 a 10 trabajadores,No,4,183.0
27,Hombre,Urbana,Sierra,Secundaria,7,13.0,49.0,Trabajador independiente,Comercio,1 a 10 trabajadores,No,6,616.0
29,Mujer,Urbana,Sierra,Superior universitaria,15,8.0,56.0,Empleado,Construccion,1 a 10 trabajadores,Si,3,2370.0
42,Hombre,Urbana,Selva,Secundaria,10,31.0,50.0,Obrero,Servicios,1 a 10 trabajadores,No,3,1376.0
45,Mujer,Urbana,Costa,Superior universitaria,14,26.0,42.0,Empleador,Comercio,1 a 10 trabajadores,No,2,3464.0
44,Hombre,Urbana,Lima Metropolitana,Primaria o menos,3,37.0,34.0,Trabajador independiente,Servicios,1 a 10 trabajadores,No,6,1182.0
31,Mujer,Urbana,Sierra,Superior no universitaria,13,11.0,34.0,Trabajador independiente,Servicios,1 a 10 trabajadores,No,5,951.0
53,Mujer,Urbana,Costa,Secundaria,10,37.0,46.0,Empleado,Comercio,1 a 10 trabajadores,No,6,835.0
37,Mujer,Urbana,Sierra,Superior universitaria,15,14.0,45.0,Empleado,Servicios,Mas de 50 trabajadores,Si,5,8130.0
65,Mujer,Rural,Costa,Secundaria,11,45.0,49.0,Trabajador independiente,Agropecuario,1 a 10 trabajadores,No,7,304.0
26,Mujer,Urbana,Selva,Primaria o menos,6,9.0,14.0,Trabajador independiente,Manufactura,1 a 10 trabajadores,No,3,353.0
27,Mujer,Urbana,Sierra,Superior universitaria,16,2.0,61.0,Empleado,Servicios,Mas de 50 trabajadores,No,6,2440.0
23,Mujer,Rural,Sierra,Primaria o menos,6,5.0,38.0,Trabajador independiente,Agropecuario,1 a 10 trabajadores,No,2,150.0
18,Mujer,Urbana,Costa,Superior universitaria,14,0.0,45.0,Trabajador independiente,Servicios,1 a 10 trabajadores,No,1,886.0
29,Hombre,Urbana,Lima Metropolitana,Superior universitaria,14,10.0,29.0,Empleado,Servicios,1 a 10 trabajadores,No,4,2292.0
48,Hombre,Urbana,Selva,Primaria o menos,5,38.0,53.0,Empleado,"Administracion publica, educacion y salud",11 a 50 trabajadores,Si,6,1369.0
42,Mujer,Rural,Sierra,Primaria o menos,5,28.0,48.0,Trabajador independiente,Comercio,Mas de 50 trabajadores,No,7,489.0
35,Mujer,Urbana,Costa,Superior no universitaria,14,17.0,52.0,Obrero,Servicios,11 a 50 trabajadores,No,8,1986.0
24,Hombre,Rural,Sierra,Superior universitaria,15,2.0,32.0,Trabajador independiente,Agropecuario,1 a 10 trabajadores,No,6,319.0
33,Hombre,Urbana,Sierra,Superior no universitaria,14,16.0,33.0,Trabajador independiente,"Administracion publica, educacion y salud",1 a 10 trabajadores,No,6,3145.0
58,Hombre,Urbana,Lima Metropolitana,Secundaria,8,45.0,61.0,Empleado,Comercio,Mas de 50 trabajadores,Si,5,2921.0
37,Hombre,Urbana,Sierra,Secundaria,9,19.0,50.0,Empleado,"Administracion publica, educacion y salud",Mas de 50 trabajadores,Si,6,3082.0
43,Hombre,Urbana,Costa,Secundaria,10,25.0,31.0,Trabajador independiente,Comercio,1 a 10 trabajadores,No,6,694.0
18,Hombre,Urbana,Costa,Secundaria,10,0.0,42.0,Obrero,Comercio,1 a 10 trabajadores,No,4,508.0
26,Hombre,Rural,Selva,Secundaria,11,6.0,49.0,Trabajador independiente,Servicios,1 a 10 trabajadores,No,5,417.0
38,Hombre,Urbana,Lima Metropolitana,Primaria o menos,4,29.0,25.0,Empleado,Servicios,11 a 50 trabajadores,No,7,687.0
61,Hombre,Urbana,Lima Metropolitana,Primaria o menos,2,45.0,38.0,Trabajador independiente,Comercio,1 a 10 trabajadores,No,7,507.0
23,Hombre,Urbana,Costa,Superior universitaria,17,0.0,49.0,Empleado,Servicios,1 a 10 trabajadores,No,4,2222.0
29,Mujer,Urbana,Selva,Secundaria,11,11.0,49.0,Obrero,Comercio,Mas de 50 trabajadores,,3,1588.0
54,Hombre,Urbana,Lima Metropolitana,Secundaria,9,36.0,49.0,Empleado,"Administracion publica, educacion y salud",Mas de 50 trabajadores,Si,7,4193.0
39,Hombre,Urbana,Sierra,Superior no universitaria,14,19.0,40.0,Trabajador independiente,"Administracion publica, educacion y salud",1 a 10 trabajadores,No,4,2188.0
39,Mujer,Urbana,Lima Metropolitana,Superior universitaria,17,18.0,35.0,Trabajador independiente,"Administracion publica, educacion y salud",1 a 10 trabajadores,No,5,3958.0
39,Hombre,Rural,Costa,Primaria o menos,5,28.0,20.0,Trabajador independiente,Agropecuario,1 a 10 trabajadores,No,4,150.0
42,Hombre,Rural,Selva,Primaria o menos,6,31.0,26.0,Obrero,Comercio,Mas de 50 trabajadores,No,3,541.0
29,Hombre,Rural,Sierra,Superior no universitaria,15,11.0,25.0,Trabajador independiente,"Administracion publica, educacion y salud",11 a 50 trabajadores,No,4,519.0
57,Hombre,Urbana,Costa,Secundaria,9,41.0,33.0,Empleado,"Administracion publica, educacion y salud",1 a 10 trabajadores,No,4,2149.0
43,Hombre,Rural,Sierra,Secundaria,10,30.0,47.0,Empleado,Agropecuario,1 a 10 trabajadores,No,5,566.0
40,Mujer,Rural,Sierra,Superior no universitaria,12,25.0,39.0,Trabajador independiente,Agropecuario,11 a 50 trabajadores,No,2,560.0
36,Mujer,Urbana,Selva,Superior universitaria,17,14.0,62.0,Trabajador independiente,"Administracion publica, educacion y salud",1 a 10 trabajadores,No,2,2523.0
25,Hombre,Rural,Sierra,Secundaria,10,13.0,33.0,Empleado,Agropecuario,1 a 10 trabajadores,No,2,376.0
34,Hombre,Urbana,Sierra,Superior universitaria,14,14.0,57.0,Empleado,Construccion,11 a 50 trabajadores,No,7,4136.0
28,Hombre,Urbana,Selva,Superior no universitaria,14,10.0,42.0,Empleado,"Administracion publica, educacion y salud",1 a 10 trabajadores,No,3,2637.0
36,Hombre,Urbana,Costa,Superior universitaria,16,16.0,51.0,Trabajador independiente,Comercio,1 a 10 trabajadores,No,3,1860.0
36,Hombre,Urbana,Selva,Superior universitaria,15,15.0,50.0,Obrero,"Administracion publica, educacion y salud",1 a 10 trabajadores,Si,6,3230.0
43,Hombre,Urbana,Costa,Superior no universitaria,14,23.0,44.0,Trabajador independiente,Manufactura,1 a 10 trabajadores,No,5,3656.0
52,Mujer,Rural,Costa,Secundaria,9,39.0,37.0,Trabajador independiente,Agropecuario,1 a 10 trabajadores,No,4,348.0
39,Mujer,Rural,Sierra,Secundaria,7,23.0,37.0,Trabajador independiente,Servicios,1 a 10 trabajadores,No,6,330.0
35,Mujer,Rural,Sierra,Superior no universitaria,15,15.0,44.0,Trabajador independiente,Construccion,1 a 10 trabajadores,No,4,503.0
59,Mujer,Urbana,Sierra,Superior no universitaria,13,39.0,44.0,Trabajador independiente,Servicios,1 a 10 trabajadores,No,5,1909.0
52,Hombre,Rural,Sierra,Superior no universitaria,14,32.0,52.0,Trabajador independiente,Agropecuario,1 a 10 trabajadores,No,1,266.0
45,Hombre,Urbana,Costa,Superior no universitaria,14,23.0,68.0,Empleado,Comercio,1 a 10 trabajadores,No,4,1636.0
47,Hombre,Rural,Costa,Secundaria,9,31.0,23.0,Trabajador independiente,Agropecuario,1 a 10 trabajadores,No,4,318.0
32,Hombre,Urbana,Sierra,Secundaria,11,14.0,57.0,Empleado,Servicios,Mas de 50 trabajadores,Si,5,1795.0
39,Hombre,Urbana,Lima Metropolitana,Secundaria,7,26.0,39.0,Empleado,"Administracion publica, educacion y salud",1 a 10 trabajadores,No,4,1148.0
31,Hombre,Urbana,Lima Metropolitana,Superior universitaria,14,8.0,27.0,Trabajador independiente,Servicios,1 a 10 trabajadores,No,3,3143.0
36,Mujer,Urbana,Lima Metropolitana,Superior universitaria,17,15.0,41.0,Trabajador independiente,Manufactura,Mas de 50 trabajadores,No,3,3611.0
29,Hombre,Urbana,Sierra,Superior no universitaria,14,9.0,40.0,Empleado,Manufactura,11 a 50 trabajadores,,3,1304.0
55,Mujer,Urbana,Sierra,Secundaria,7,41.0,23.0,Empleado,Servicios,Mas de 50 trabajadores,Si,3,1972.0
34,Hombre,Rural,Sierra,Secundaria,7,23.0,47.0,Trabajador independiente,Agropecuario,1 a 10 trabajadores,No,3,316.0
55,Hombre,Rural,Sierra,Primaria o menos,6,45.0,45.0,Trabajador independiente,Construccion,1 a 10 trabajadores,No,4,385.0
38,Hombre,Urbana,Costa,Primaria o menos,4,28.0,51.0,Trabajador independiente,"Administracion publica, educacion y salud",1 a 10 trabajadores,No,5,837.0
33,Mujer,Urbana,Lima Metropolitana,Superior universitaria,16,9.0,63.0,Empleado,Servicios,1 a 10 trabajadores,No,3,2078.0
22,Mujer,Urbana,Selva,Secundaria,8,12.0,30.0,Empleado,"Administracion publica, educacion y salud",1 a 10 trabajadores,Si,6,772.0
28,Hombre,Rural,Sierra,Secundaria,9,15.0,21.0,Empleador,Agropecuario,1 a 10 trabajadores,No,5,369.0
57,Mujer,Rural,Sierra,Secundaria,10,41.0,36.0,Trabajador independiente,Construccion,1 a 10 trabajadores,No,4,440.0
48,Hombre,Urbana,Costa,Primaria o menos,2,39.0,55.0,Trabajador independiente,"Administracion publica, educacion y salud",1 a 10 trabajadores,No,6,583.0
34,Hombre,Urbana,Costa,Secundaria,7,,45.0,Trabajador independiente,"Administracion publica, educacion y salud",1 a 10 trabajadores,No,3,932.0
41,Mujer,Urbana,Costa,Superior no universitaria,13,22.0,,Trabajador independiente,Servicios,1 a 10 trabajadores,No,5,1552.0
59,Mujer,Rural,Sierra,Secundaria,7,45.0,29.0,Empleado,Agropecuario,11 a 50 trabajadores,Si,6,360.0
39,Hombre,Rural,Sierra,Primaria o menos,6,28.0,58.0,Trabajador independiente,Agropecuario,1 a 10 trabajadores,No,4,257.0
30,Hombre,Urbana,Sierra,Secundaria,7,17.0,52.0,Trabajador independiente,Servicios,11 a 50 trabajadores,Si,4,686.0
39,Hombre,Urbana,Costa,Primaria o menos,2,30.0,38.0,Empleado,"Administracion publica, educacion y salud",11 a 50 trabajadores,Si,4,1075.0
42,Mujer,Urbana,Lima Metropolitana,Secundaria,9,28.0,29.0,Empleado,"Administracion publica, educacion y salud",Mas de 50 trabajadores,No,1,1766.0
47,Mujer,Rural,Sierra,Secundaria,7,36.0,23.0,Trabajador independiente,Agropecuario,1 a 10 trabajadores,No,4,157.0
35,Hombre,Urbana,Selva,Superior universitaria,15,14.0,47.0,Empleado,Construccion,1 a 10 trabajadores,No,2,2643.0
46,Mujer,Urbana,Lima Metropolitana,Secundaria,11,25.0,61.0,Trabajador independiente,Construccion,1 a 10 trabajadores,No,7,1497.0
44,Mujer,Rural,Selva,Primaria o menos,3,,48.0,Trabajador independiente,Manufactura,Mas de 50 trabajadores,No,2,525.0
18,Hombre,Urbana,Costa,Superior universitaria,15,0.0,43.0,Trabajador independiente,Servicios,1 a 10 trabajadores,No,1,1260.0
36,Hombre,Urbana,Lima Metropolitana,Secundaria,10,20.0,36.0,Empleado,Comercio,Mas de 50 trabajadores,Si,6,2371.0
37,Hombre,Urbana,Costa,Primaria o menos,3,27.0,46.0,Trabajador independiente,Manufactura,1 a 10 trabajadores,No,6,390.0
32,Mujer,Rural,Costa,Secundaria,11,17.0,21.0,Trabajador independiente,Agropecuario,1 a 10 trabajadores,No,3,216.0
42,Hombre,Urbana,Lima Metropolitana,Superior universitaria,17,18.0,51.0,Trabajador independiente,Servicios,1 a 10 trabajadores,Si,3,3138.0
34,Mujer,Rural,Sierra,Primaria o menos,6,22.0,35.0,Trabajador independiente,Agropecuario,1 a 10 trabajadores,No,5,201.0
44,Hombre,Rural,Sierra,Primaria o menos,3,34.0,32.0,Trabajador independiente,Agropecuario,1 a 10 trabajadores,No,5,301.0
37,Mujer,Urbana,Sierra,Secundaria,9,24.0,46.0,Empleado,Servicios,1 a 10 trabajadores,No,5,1165.0
35,Hombre,Urbana,Sierra,Superior universitaria,14,13.0,33.0,Trabajador independiente,"Administracion publica, educacion y salud",1 a 10 trabajadores,No,5,2038.0
37,Mujer,Urbana,Lima Metropolitana,Superior no universitaria,12,20.0,48.0,Empleador,Comercio,11 a 50 trabajadores,No,3,2652.0
35,Hombre,Urbana,Lima Metropolitana,Secundaria,8,19.0,28.0,Empleador,Servicios,1 a 10 trabajadores,No,1,1136.0
55,Mujer,Urbana,Lima Metropolitana,Secundaria,8,41.0,35.0,Empleado,Manufactura,1 a 10 trabajadores,No,3,678.0
23,Hombre,Rural,Sierra,Primaria o menos,5,12.0,43.0,Empleado,Agropecuario,11 a 50 trabajadores,No,2,232.0
27,Mujer,Urbana,Costa,Superior no universitaria,14,6.0,17.0,Trabajador independiente,Comercio,1 a 10 trabajadores,No,5,1237.0
31,Hombre,Rural,Costa,Secundaria,8,18.0,39.0,Trabajador independiente,Agropecuario,1 a 10 trabajadores,No,2,291.0
44,Hombre,Urbana,Sierra,Secundaria,10,31.0,47.0,Empleado,Manufactura,11 a 50 trabajadores,No,6,921.0
45,Mujer,Rural,Sierra,Primaria o menos,4,33.0,47.0,Trabajador independiente,Agropecuario,11 a 50 trabajadores,No,5,150.0
32,Hombre,Urbana,Costa,Superior universitaria,14,13.0,28.0,Empleado,Servicios,Mas de 50 trabajadores,Si,4,2090.0
63,Hombre,Urbana,Selva,Secundaria,8,45.0,27.0,Trabajador independiente,Comercio,1 a 10 trabajadores,No,3,591.0
48,Mujer,Urbana,Sierra,Superior universitaria,15,28.0,50.0,Obrero,"Administracion publica, educacion y salud",1 a 10 trabajadores,No,5,3100.0
54,Mujer,Urbana,Lima Metropolitana,Secundaria,9,43.0,23.0,Empleado,Servicios,Mas de 50 trabajadores,No,5,848.0
29,Mujer,Urbana,Costa,Secundaria,11,12.0,55.0,Empleado,Servicios,1 a 10 trabajadores,Si,2,1238.0
28,Hombre,Rural,Sierra,Secundaria,10,10.0,28.0,Obrero,Comercio,Mas de 50 trabajadores,No,5,571.0
32,Hombre,Rural,Sierra,Secundaria,8,19.0,42.0,Trabajador independiente,Agropecuario,1 a 10 trabajadores,No,9,337.0
54,Mujer,Urbana,Sierra,Superior no universitaria,14,37.0,42.0,Empleado,Agropecuario,1 a 10 trabajadores,Si,4,1116.0
62,Hombre,Urbana,Sierra,Superior no universitaria,15,43.0,51.0,Trabajador independiente,Servicios,1 a 10 trabajadores,Si,2,2481.0
50,Mujer,Urbana,Sierra,Superior no universitaria,13,30.0,18.0,Trabajador independiente,Comercio,1 a 10 trabajadores,No,5,624.0
19,Hombre,Rural,Selva,Secundaria,9,2.0,31.0,Trabajador independiente,Agropecuario,1 a 10 trabajadores,No,4,255.0
55,Hombre,Urbana,Costa,Primaria o menos,6,43.0,38.0,Empleado,"Administracion publica, educacion y salud",11 a 50 trabajadores,Si,5,1297.0
46,Hombre,Urbana,Sierra,Posgrado,19,18.0,47.0,Obrero,Manufactura,Mas de 50 trabajadores,No,6,6348.0
28,Mujer,Urbana,Lima Metropolitana,Secundaria,11,11.0,60.0,Obrero,Servicios,11 a 50 trabajadores,No,2,1767.0
22,Mujer,Urbana,Lima Metropolitana,Superior universitaria,15,0.0,59.0,Obrero,Servicios,11 a 50 trabajadores,No,5,2163.0
38,Mujer,Urbana,Lima Metropolitana,Superior no universitaria,13,22.0,64.0,Empleado,Construccion,11 a 50 trabajadores,No,6,2833.0
40,Mujer,Urbana,Lima Metropolitana,Superior no universitaria,12,22.0,35.0,Empleado,Comercio,11 a 50 trabajadores,Si,3,1694.0
39,Mujer,Urbana,Sierra,Superior no universitaria,13,20.0,28.0,Trabajador independiente,Servicios,1 a 10 trabajadores,No,7,1019.0
47,Mujer,Rural,Costa,Primaria o menos,2,41.0,38.0,Trabajador independiente,Comercio,1 a 10 trabajadores,No,3,260.0
27,Mujer,Rural,Sierra,Secundaria,7,12.0,48.0,Trabajador independiente,Agropecuario,1 a 10 trabajadores,No,2,263.0
36,Mujer,Urbana,Costa,Secundaria,8,22.0,38.0,Empleado,Servicios,Mas de 50 trabajadores,Si,3,1805.0
31,Hombre,Urbana,Costa,Superior universitaria,16,9.0,34.0,Empleado,Comercio,Mas de 50 trabajadores,Si,4,6619.0
25,Hombre,Rural,Sierra,Secundaria,9,11.0,47.0,Trabajador independiente,Agropecuario,1 a 10 trabajadores,No,1,328.0
37,Hombre,Urbana,Costa,Primaria o menos,3,28.0,45.0,Trabajador independiente,Comercio,1 a 10 trabajadores,No,4,513.0
56,Mujer,Urbana,Costa,Superior no universitaria,12,36.0,28.0,Empleado,"Administracion publica, educacion y salud",Mas de 50 trabajadores,Si,6,3169.0
27,Hombre,Urbana,Costa,Secundaria,7,18.0,57.0,Obrero,Servicios,Mas de 50 trabajadores,Si,5,1256.0
47,Hombre,Rural,Sierra,Superior universitaria,15,26.0,30.0,Empleado,Agropecuario,1 a 10 trabajadores,No,6,666.0
47,Mujer,Rural,Sierra,Superior no universitaria,14,27.0,43.0,Trabajador independiente,Manufactura,1 a 10 trabajadores,No,2,688.0
31,Mujer,Urbana,Selva,Superior universitaria,16,6.0,46.0,Trabajador independiente,Manufactura,1 a 10 trabajadores,No,5,1791.0
30,Hombre,Urbana,Costa,Primaria o menos,3,24.0,35.0,Empleado,"Administracion publica, educacion y salud",11 a 50 trabajadores,Si,2,1501.0
40,Mujer,Rural,Sierra,Primaria o menos,4,32.0,60.0,Trabajador independiente,Agropecuario,11 a 50 trabajadores,No,2,182.0
36,Mujer,Urbana,Costa,Secundaria,9,22.0,43.0,Empleado,Comercio,11 a 50 trabajadores,No,4,819.0
27,Hombre,Rural,Selva,Secundaria,9,14.0,28.0,Trabajador independiente,Agropecuario,1 a 10 trabajadores,No,4,302.0
28,Mujer,Rural,Sierra,Secundaria,11,10.0,,Empleador,Agropecuario,1 a 10 trabajadores,No,9,587.0
40,Mujer,Urbana,Lima Metropolitana,Superior universitaria,15,19.0,38.0,Empleado,"Administracion publica, educacion y salud",Mas de 50 trabajadores,Si,4,6552.0
36,Hombre,Rural,Sierra,Primaria o menos,4,25.0,46.0,Trabajador independiente,Agropecuario,1 a 10 trabajadores,No,7,283.0
41,Hombre,Rural,Sierra,Primaria o menos,6,32.0,42.0,Trabajador independiente,Comercio,1 a 10 trabajadores,No,7,326.0
26,Mujer,Rural,Selva,Superior universitaria,14,6.0,,Empleado,Agropecuario,1 a 10 trabajadores,No,4,437.0
31,Mujer,Urbana,Sierra,Superior universitaria,16,10.0,58.0,Empleado,Servicios,Mas de 50 trabajadores,Si,3,7147.0
31,Hombre,Rural,Sierra,Primaria o menos,2,24.0,54.0,Trabajador independiente,Agropecuario,1 a 10 trabajadores,No,6,182.0
30,Hombre,Urbana,Costa,Secundaria,8,15.0,46.0,Empleado,Manufactura,1 a 10 trabajadores,No,2,1745.0
43,Hombre,Rural,Sierra,Secundaria,11,27.0,36.0,Trabajador independiente,Agropecuario,1 a 10 trabajadores,No,4,244.0
53,Hombre,Urbana,Lima Metropolitana,Secundaria,9,41.0,53.0,Trabajador independiente,Comercio,1 a 10 trabajadores,No,5,1382.0
33,Mujer,Urbana,Sierra,Primaria o menos,5,22.0,38.0,Obrero,Servicios,Mas de 50 trabajadores,No,2,510.0
32,Hombre,Urbana,Lima Metropolitana,Superior universitaria,14,10.0,47.0,Empleado,"Administracion publica, educacion y salud",1 a 10 trabajadores,Si,4,4274.0
46,Hombre,Urbana,Sierra,Secundaria,7,32.0,40.0,Trabajador independiente,Comercio,1 a 10 trabajadores,No,3,677.0
39,Mujer,Urbana,Costa,Primaria o menos,3,28.0,33.0,Empleado,Comercio,Mas de 50 trabajadores,Si,3,551.0
25,Mujer,Rural,Sierra,Primaria o menos,2,17.0,30.0,Empleado,Agropecuario,11 a 50 trabajadores,No,7,252.0
54,Mujer,Urbana,Selva,Superior no universitaria,14,33.0,24.0,Obrero,Servicios,11 a 50 trabajadores,No,5,940.0
18,Mujer,Urbana,Sierra,Superior no universitaria,14,0.0,58.0,Trabajador independiente,Manufactura,1 a 10 trabajadores,No,1,1041.0
34,Mujer,Urbana,Sierra,Superior universitaria,17,16.0,42.0,Empleado,Servicios,Mas de 50 trabajadores,Si,4,4698.0
54,Hombre,Urbana,Lima Metropolitana,Secundaria,8,43.0,38.0,Empleado,"Administracion publica, educacion y salud",1 a 10 trabajadores,No,6,2158.0
37,Hombre,Urbana,Sierra,Secundaria,10,19.0,57.0,Trabajador independiente,Servicios,1 a 10 trabajadores,No,4,908.0
52,Hombre,Urbana,Selva,Secundaria,7,41.0,52.0,Obrero,Servicios,11 a 50 trabajadores,No,4,1163.0
59,Hombre,Urbana,Selva,Secundaria,8,42.0,37.0,Trabajador independiente,Servicios,1 a 10 trabajadores,Si,4,1383.0
41,Hombre,Urbana,Sierra,Superior no universitaria,12,26.0,49.0,Empleado,Manufactura,Mas de 50 trabajadores,No,3,2680.0
49,Hombre,Urbana,Lima Metropolitana,Secundaria,9,35.0,39.0,Empleado,"Administracion publica, educacion y salud",11 a 50 trabajadores,Si,5,2077.0
33,Hombre,Urbana,Costa,Secundaria,8,17.0,47.0,Empleado,Comercio,Mas de 50 trabajadores,Si,3,1195.0
33,Hombre,Urbana,Lima Metropolitana,Superior universitaria,15,8.0,51.0,Trabajador independiente,Manufactura,1 a 10 trabajadores,No,4,2169.0
34,Hombre,Urbana,Costa,Superior no universitaria,14,13.0,13.0,Trabajador independiente,Servicios,1 a 10 trabajadores,No,1,685.0
38,Mujer,Urbana,Lima Metropolitana,Superior universitaria,15,18.0,62.0,Empleado,Servicios,Mas de 50 trabajadores,Si,7,7491.0
30,Hombre,Rural,Costa,Secundaria,10,11.0,35.0,Trabajador independiente,Servicios,1 a 10 trabajadores,No,6,558.0
24,Hombre,Rural,Sierra,Secundaria,9,12.0,33.0,Trabajador independiente,"Administracion publica, educacion y salud",1 a 10 trabajadores,No,4,911.0
50,Mujer,Urbana,Costa,Superior universitaria,14,30.0,44.0,Obrero,Manufactura,Mas de 50 trabajadores,Si,9,1893.0
40,Mujer,Rural,Costa,Primaria o menos,4,31.0,60.0,Trabajador independiente,"Administracion publica, educacion y salud",11 a 50 trabajadores,No,4,780.0
54,Hombre,Urbana,Costa,Superior universitaria,17,29.0,61.0,Empleado,Comercio,Mas de 50 trabajadores,Si,6,4924.0
49,Hombre,Urbana,Sierra,Secundaria,7,35.0,46.0,Empleado,Servicios,Mas de 50 trabajadores,Si,5,1918.0
42,Mujer,Rural,Sierra,Secundaria,8,25.0,50.0,Trabajador independiente,Agropecuario,1 a 10 trabajadores,No,5,248.0
47,Hombre,Urbana,Lima Metropolitana,Superior no universitaria,15,25.0,34.0,Empleado,"Administracion publica, educacion y salud",11 a 50 trabajadores,No,7,4044.0
27,Mujer,Urbana,Lima Metropolitana,Primaria o menos,6,15.0,50.0,Trabajador independiente,Construccion,1 a 10 trabajadores,No,2,906.0
47,Hombre,Urbana,Lima Metropolitana,Superior no universitaria,12,30.0,44.0,Trabajador independiente,Servicios,1 a 10 trabajadores,No,6,2184.0
26,Hombre,Rural,Sierra,Primaria o menos,3,19.0,55.0,Obrero,Agropecuario,1 a 10 trabajadores,No,4,193.0
18,Hombre,Urbana,Lima Metropolitana,Primaria o menos,2,13.0,46.0,Trabajador independiente,Comercio,1 a 10 trabajadores,No,3,719.0
29,Hombre,Rural,Selva,Secundaria,9,16.0,41.0,Trabajador independiente,Construccion,1 a 10 trabajadores,No,2,441.0
23,Mujer,Urbana,Lima Metropolitana,Posgrado,18,0.0,52.0,Empleado,Servicios,1 a 10 trabajadores,No,2,3318.0
38,Hombre,Urbana,Costa,Secundaria,9,22.0,41.0,Empleado,Servicios,11 a 50 trabajadores,No,5,1867.0
36,Mujer,Urbana,Lima Metropolitana,Posgrado,20,10.0,38.0,Trabajador independiente,Comercio,1 a 10 trabajadores,No,5,3064.0
43,Hombre,Urbana,Lima Metropolitana,Superior universitaria,14,21.0,46.0,Empleado,Servicios,Mas de 50 trabajadores,Si,5,7380.0
46,Mujer,Urbana,Sierra,Superior universitaria,17,23.0,25.0,Empleado,Servicios,Mas de 50 trabajadores,No,1,2319.0
37,Hombre,Urbana,Sierra,Posgrado,20,14.0,40.0,Empleado,Manufactura,11 a 50 trabajadores,Si,3,2190.0
60,Hombre,Urbana,Costa,Superior no universitaria,13,41.0,48.0,Obrero,Comercio,Mas de 50 trabajadores,No,5,1566.0
34,Hombre,Urbana,Lima Metropolitana,Superior no universitaria,15,17.0,44.0,Trabajador independiente,Comercio,1 a 10 trabajadores,No,4,2464.0
30,Hombre,Urbana,Selva,Posgrado,19,6.0,59.0,Empleado,Construccion,1 a 10 trabajadores,No,3,4258.0
20,Hombre,Urbana,Lima Metropolitana,Posgrado,19,0.0,57.0,Empleado,Servicios,Mas de 50 trabajadores,No,2,8707.0
36,Mujer,Urbana,Costa,Primaria o menos,5,21.0,48.0,Trabajador independiente,Servicios,1 a 10 trabajadores,No,2,682.0
39,Hombre,Rural,Costa,Secundaria,10,23.0,19.0,Trabajador independiente,Manufactura,1 a 10 trabajadores,No,5,423.0
53,Hombre,Rural,Sierra,Secundaria,11,37.0,33.0,Trabajador independiente,Agropecuario,1 a 10 trabajadores,No,2,308.0
45,Hombre,Rural,Selva,Secundaria,9,31.0,49.0,Empleado,Agropecuario,11 a 50 trabajadores,No,4,823.0
39,Mujer,Urbana,Costa,Primaria o menos,4,27.0,42.0,Trabajador independiente,Comercio,11 a 50 trabajadores,No,7,596.0
36,Hombre,Urbana,Costa,Superior no universitaria,13,17.0,49.0,Empleado,Comercio,11 a 50 trabajadores,Si,7,2571.0
28,Hombre,Urbana,Costa,Superior universitaria,15,6.0,43.0,Empleado,Comercio,1 a 10 trabajadores,No,4,2201.0
37,Hombre,Urbana,Costa,Superior universitaria,16,16.0,40.0,Empleado,Servicios,Mas de 50 trabajadores,Si,8,10559.0
36,Hombre,Urbana,Lima Metropolitana,Superior universitaria,16,15.0,28.0,Empleador,Servicios,11 a 50 trabajadores,No,4,5710.0
46,Mujer,Urbana,Costa,Superior no universitaria,12,32.0,51.0,Trabajador independiente,Manufactura,1 a 10 trabajadores,No,4,943.0
60,Hombre,Urbana,Costa,Secundaria,10,45.0,31.0,Trabajador independiente,Construccion,1 a 10 trabajadores,No,2,1333.0
31,Hombre,Rural,Costa,Superior universitaria,14,13.0,51.0,Empleado,Agropecuario,1 a 10 trabajadores,No,5,677.0
42,Hombre,Urbana,Lima Metropolitana,Secundaria,7,30.0,46.0,Empleado,"Administracion publica, educacion y salud",Mas de 50 trabajadores,Si,2,2368.0
50,Hombre,Rural,Sierra,Secundaria,9,32.0,34.0,Trabajador independiente,Agropecuario,1 a 10 trabajadores,No,4,221.0
18,Hombre,Urbana,Lima Metropolitana,Secundaria,7,7.0,36.0,Empleado,Comercio,1 a 10 trabajadores,No,3,629.0
36,Mujer,Urbana,Lima Metropolitana,Secundaria,7,25.0,46.0,Trabajador independiente,Manufactura,1 a 10 trabajadores,No,5,691.0
26,Hombre,Urbana,Costa,Superior no universitaria,13,11.0,49.0,Trabajador independiente,"Administracion publica, educacion y salud",1 a 10 trabajadores,No,5,1784.0
54,Hombre,Urbana,Costa,Secundaria,10,37.0,42.0,Empleado,"Administracion publica, educacion y salud",11 a 50 trabajadores,Si,3,1266.0
52,Hombre,Urbana,Lima Metropolitana,Superior universitaria,16,26.0,37.0,Obrero,Manufactura,11 a 50 trabajadores,No,3,3807.0
39,Hombre,Urbana,Lima Metropolitana,Secundaria,11,20.0,48.0,Empleado,Comercio,Mas de 50 trabajadores,No,4,2892.0
29,Hombre,Urbana,Sierra,Posgrado,19,4.0,25.0,Trabajador independiente,Servicios,1 a 10 trabajadores,No,2,2510.0
50,Hombre,Rural,Selva,Primaria o menos,3,42.0,40.0,Trabajador independiente,Agropecuario,1 a 10 trabajadores,Si,5,347.0
62,Mujer,Rural,Sierra,Primaria o menos,5,45.0,26.0,Trabajador independiente,Comercio,1 a 10 trabajadores,No,3,215.0
33,Hombre,Urbana,Lima Metropolitana,Secundaria,8,20.0,38.0,Empleado,"Administracion publica, educacion y salud",Mas de 50 trabajadores,Si,3,3691.0
39,Mujer,Rural,Sierra,Secundaria,7,25.0,8.0,Trabajador independiente,Agropecuario,1 a 10 trabajadores,No,4,196.0
22,Hombre,Urbana,Sierra,Primaria o menos,5,11.0,35.0,Obrero,Construccion,Mas de 50 trabajadores,Si,4,809.0
51,Hombre,Urbana,Costa,Superior no universitaria,15,29.0,32.0,Trabajador independiente,Comercio,1 a 10 trabajadores,No,5,2553.0
34,Mujer,Rural,Costa,Superior no universitaria,12,13.0,39.0,Empleado,Agropecuario,11 a 50 trabajadores,No,4,593.0
31,Hombre,Urbana,Lima Metropolitana,Superior universitaria,14,12.0,36.0,Obrero,"Administracion publica, educacion y salud",Mas de 50 trabajadores,Si,7,6156.0
46,Mujer,Urbana,Selva,Superior no universitaria,14,26.0,39.0,Empleado,Servicios,Mas de 50 trabajadores,,2,2106.0
27,Mujer,Urbana,Selva,Superior universitaria,14,6.0,76.0,Empleado,Servicios,1 a 10 trabajadores,No,5,2187.0
26,Hombre,Rural,Sierra,Primaria o menos,3,17.0,34.0,Trabajador independiente,Agropecuario,1 a 10 trabajadores,No,6,213.0
32,Hombre,Urbana,Lima Metropolitana,Superior no universitaria,15,9.0,45.0,Empleado,Comercio,11 a 50 trabajadores,Si,5,2566.0
18,Mujer,Urbana,Sierra,Superior universitaria,16,0.0,23.0,Trabajador independiente,Manufactura,1 a 10 trabajadores,No,3,637.0
26,Mujer,Urbana,Costa,Superior universitaria,17,6.0,65.0,Trabajador independiente,Construccion,1 a 10 trabajadores,No,3,1491.0
60,Hombre,Rural,Sierra,Secundaria,9,45.0,44.0,Trabajador independiente,Agropecuario,1 a 10 trabajadores,No,3,212.0
32,Mujer,Urbana,Selva,Secundaria,10,16.0,34.0,Empleado,"Administracion publica, educacion y salud",1 a 10 trabajadores,Si,5,1789.0
43,Hombre,Urbana,Sierra,Secundaria,7,28.0,45.0,Trabajador independiente,Manufactura,1 a 10 trabajadores,No,3,856.0
35,Hombre,Urbana,Costa,Secundaria,10,18.0,67.0,Empleado,Comercio,11 a 50 trabajadores,No,4,1408.0
52,Mujer,Urbana,Costa,Superior universitaria,14,28.0,56.0,Empleado,"Administracion publica, educacion y salud",Mas de 50 trabajadores,No,3,2678.0
36,Hombre,Urbana,Costa,Secundaria,10,20.0,74.0,Empleado,Manufactura,11 a 50 trabajadores,No,2,1629.0
46,Mujer,Rural,Selva,Secundaria,7,34.0,30.0,Empleador,Agropecuario,1 a 10 trabajadores,No,8,355.0
60,Hombre,Urbana,Lima Metropolitana,Superior no universitaria,12,43.0,50.0,Empleado,"Administracion publica, educacion y salud",1 a 10 trabajadores,No,6,3378.0
37,Mujer,Rural,Selva,Secundaria,11,23.0,43.0,Empleado,Servicios,1 a 10 trabajadores,No,8,552.0
20,Hombre,Urbana,Lima Metropolitana,Superior universitaria,14,0.0,43.0,Empleado,Comercio,1 a 10 trabajadores,No,3,2604.0
34,Hombre,Rural,Sierra,Primaria o menos,4,22.0,44.0,Empleado,Agropecuario,Mas de 50 trabajadores,No,3,331.0
50,Hombre,Rural,Sierra,Secundaria,8,34.0,39.0,Trabajador independiente,Agropecuario,1 a 10 trabajadores,No,3,226.0
43,Mujer,Urbana,Sierra,Superior no universitaria,12,25.0,52.0,Trabajador independiente,"Administracion publica, educacion y salud",1 a 10 trabajadores,No,3,1001.0
54,Mujer,Urbana,Sierra,Superior no universitaria,15,35.0,50.0,Empleado,Servicios,Mas de 50 trabajadores,Si,6,4311.0
26,Hombre,Urbana,Sierra,Superior no universitaria,15,3.0,36.0,Empleado,Servicios,1 a 10 trabajadores,Si,2,2170.0
27,Mujer,Rural,Selva,Secundaria,7,18.0,35.0,Trabajador independiente,Servicios,1 a 10 trabajadores,No,5,290.0
33,Mujer,Rural,Sierra,Primaria o menos,6,18.0,17.0,Trabajador independiente,Servicios,1 a 10 trabajadores,No,4,171.0
35,Mujer,Urbana,Sierra,Superior no universitaria,12,14.0,52.0,Obrero,Servicios,Mas de 50 trabajadores,No,7,1459.0
51,Hombre,Rural,Sierra,Secundaria,8,37.0,34.0,Empleado,Agropecuario,1 a 10 trabajadores,No,7,610.0
58,Mujer,Urbana,Selva,Superior no universitaria,12,40.0,46.0,Empleado,Comercio,Mas de 50 trabajadores,No,10,1690.0
41,Mujer,Urbana,Sierra,Superior universitaria,17,21.0,73.0,Empleado,Comercio,1 a 10 trabajadores,Si,2,5320.0
43,Hombre,Urbana,Lima Metropolitana,Secundaria,9,26.0,37.0,Empleado,Construccion,Mas de 50 trabajadores,Si,6,2257.0
33,Hombre,Urbana,Costa,Superior universitaria,14,11.0,36.0,Empleado,Comercio,11 a 50 trabajadores,No,3,3322.0
35,Hombre,Urbana,Selva,Superior no universitaria,15,12.0,28.0,Trabajador independiente,Comercio,1 a 10 trabajadores,No,8,1307.0
21,Hombre,Rural,Sierra,Secundaria,8,7.0,70.0,Trabajador independiente,Agropecuario,1 a 10 trabajadores,No,4,201.0
39,Mujer,Rural,Costa,Secundaria,10,24.0,25.0,Empleado,Agropecuario,1 a 10 trabajadores,Si,4,443.0
51,Mujer,Rural,Sierra,Superior no universitaria,15,28.0,50.0,Trabajador independiente,Agropecuario,1 a 10 trabajadores,No,8,437.0
29,Hombre,Rural,Selva,Primaria o menos,4,19.0,39.0,Trabajador independiente,Manufactura,11 a 50 trabajadores,No,4,396.0
36,Hombre,Urbana,Costa,Primaria o menos,3,26.0,37.0,Obrero,Manufactura,Mas de 50 trabajadores,No,4,670.0
51,Hombre,Urbana,Sierra,Superior universitaria,17,29.0,55.0,Empleado,Comercio,Mas de 50 trabajadores,Si,6,8783.0
63,Mujer,Rural,Sierra,Secundaria,8,45.0,31.0,Trabajador independiente,Agropecuario,1 a 10 trabajadores,No,2,157.0
30,Hombre,Rural,Sierra,Superior no universitaria,12,13.0,37.0,Trabajador independiente,Manufactura,1 a 10 trabajadores,No,1,328.0
26,Hombre,Urbana,Costa,Superior universitaria,15,4.0,58.0,Trabajador independiente,Servicios,1 a 10 trabajadores,No,5,2112.0
46,Hombre,Urbana,Lima Metropolitana,Primaria o menos,6,34.0,43.0,Trabajador independiente,Servicios,1 a 10 trabajadores,No,4,1153.0
23,Mujer,Urbana,Sierra,Secundaria,10,5.0,57.0,Trabajador independiente,Manufactura,1 a 10 trabajadores,No,2,820.0
44,Mujer,Urbana,Costa,Secundaria,10,30.0,44.0,Empleado,"Administracion publica, educacion y salud",1 a 10 trabajadores,No,2,1260.0
25,Hombre,Urbana,Costa,Secundaria,8,10.0,65.0,Empleado,Comercio,Mas de 50 trabajadores,Si,4,1080.0
43,Mujer,Urbana,Costa,Superior no universitaria,12,26.0,51.0,Obrero,Manufactura,Mas de 50 trabajadores,Si,4,4034.0
32,Mujer,Urbana,Lima Metropolitana,Superior no universitaria,12,12.0,36.0,Trabajador independiente,Agropecuario,1 a 10 trabajadores,No,3,907.0
31,Hombre,Urbana,Lima Metropolitana,Secundaria,8,16.0,,Empleado,Servicios,1 a 10 trabajadores,Si,7,1278.0
45,Mujer,Urbana,Costa,Secundaria,10,26.0,20.0,Trabajador independiente,Servicios,1 a 10 trabajadores,No,6,538.0
41,Hombre,Urbana,Costa,Secundaria,11,21.0,15.0,Empleado,Construccion,11 a 50 trabajadores,No,5,1027.0
33,Hombre,Rural,Costa,Secundaria,7,21.0,68.0,Trabajador independiente,Agropecuario,1 a 10 trabajadores,No,5,190.0
31,Mujer,Urbana,Lima Metropolitana,Secundaria,7,16.0,40.0,Empleado,Comercio,Mas de 50 trabajadores,Si,3,992.0
19,Hombre,Urbana,Selva,Superior no universitaria,15,0.0,48.0,Trabajador independiente,Manufactura,1 a 10 trabajadores,Si,4,929.0
42,Mujer,Urbana,Lima Metropolitana,Superior universitaria,16,21.0,56.0,Trabajador independiente,Construccion,1 a 10 trabajadores,No,7,4343.0
47,Mujer,Urbana,Costa,Superior no universitaria,13,30.0,30.0,Trabajador independiente,Comercio,1 a 10 trabajadores,No,3,682.0
58,Hombre,Urbana,Sierra,Secundaria,8,41.0,53.0,Obrero,Manufactura,1 a 10 trabajadores,No,5,669.0
32,Mujer,Urbana,Selva,Superior no universitaria,13,14.0,57.0,Trabajador independiente,Manufactura,1 a 10 trabajadores,No,7,1489.0
51,Hombre,Urbana,Lima Metropolitana,Secundaria,11,33.0,61.0,Trabajador independiente,Servicios,1 a 10 trabajadores,No,2,1907.0
34,Mujer,Rural,Sierra,Primaria o menos,3,28.0,50.0,Obrero,Agropecuario,11 a 50 trabajadores,Si,5,427.0
33,Hombre,Rural,Sierra,Secundaria,10,16.0,14.0,Obrero,Agropecuario,1 a 10 trabajadores,No,7,299.0
47,Hombre,Urbana,Sierra,Secundaria,9,34.0,34.0,Empleado,Servicios,Mas de 50 trabajadores,No,4,1596.0
57,Hombre,Urbana,Selva,Superior universitaria,15,36.0,25.0,Empleado,Comercio,1 a 10 trabajadores,Si,5,3658.0
40,Mujer,Rural,Sierra,Secundaria,8,29.0,46.0,Empleado,Agropecuario,1 a 10 trabajadores,Si,5,280.0
18,Mujer,Urbana,Lima Metropolitana,Secundaria,11,0.0,54.0,Trabajador independiente,Manufactura,1 a 10 trabajadores,No,2,1528.0
18,Mujer,Urbana,Costa,Secundaria,10,4.0,35.0,Obrero,"Administracion publica, educacion y salud",Mas de 50 trabajadores,Si,4,1897.0
65,Hombre,Urbana,Costa,Superior universitaria,15,45.0,53.0,Trabajador independiente,Manufactura,11 a 50 trabajadores,No,2,2046.0
42,Hombre,Urbana,Lima Metropolitana,Secundaria,10,29.0,29.0,Trabajador independiente,Comercio,1 a 10 trabajadores,No,3,779.0
65,Mujer,Urbana,Lima Metropolitana,Secundaria,9,45.0,48.0,Empleado,Manufactura,1 a 10 trabajadores,No,2,1111.0
54,Mujer,Urbana,Lima Metropolitana,Superior universitaria,17,29.0,37.0,Trabajador independiente,Manufactura,1 a 10 trabajadores,Si,3,4524.0
31,Hombre,Urbana,Lima Metropolitana,Secundaria,9,16.0,50.0,Trabajador independiente,Servicios,1 a 10 trabajadores,No,2,1113.0
33,Hombre,Rural,Costa,Primaria o menos,3,22.0,46.0,Trabajador independiente,Servicios,1 a 10 trabajadores,No,6,303.0
36,Hombre,Urbana,Sierra,Superior universitaria,15,15.0,55.0,Empleado,"Administracion publica, educacion y salud",11 a 50 trabajadores,No,4,6100.0
29,Hombre,Urbana,Lima Metropolitana,Secundaria,10,14.0,29.0,Empleado,Manufactura,1 a 10 trabajadores,No,2,898.0
43,Mujer,Urbana,Costa,Superior universitaria,14,24.0,43.0,Empleado,Servicios,11 a 50 trabajadores,Si,3,2603.0
29,Mujer,Urbana,Sierra,Superior universitaria,14,7.0,53.0,Empleado,Servicios,1 a 10 trabajadores,No,6,1436.0
46,Mujer,Urbana,Lima Metropolitana,Superior universitaria,14,23.0,72.0,Trabajador independiente,Manufactura,1 a 10 trabajadores,No,3,2507.0
51,Hombre,Urbana,Lima Metropolitana,Secundaria,7,40.0,54.0,Obrero,Servicios,1 a 10 trabajadores,No,5,918.0
37,Hombre,Rural,Sierra,Primaria o menos,4,24.0,28.0,Obrero,Agropecuario,1 a 10 trabajadores,No,2,365.0
46,Mujer,Urbana,Costa,Primaria o menos,4,36.0,49.0,Trabajador independiente,Construccion,1 a 10 trabajadores,Si,2,1575.0
37,Hombre,Urbana,Costa,Secundaria,10,20.0,66.0,Trabajador independiente,Servicios,1 a 10 trabajadores,No,5,1406.0
49,Hombre,Rural,Sierra,Secundaria,9,33.0,61.0,Trabajador independiente,Manufactura,1 a 10 trabajadores,No,5,410.0
56,Mujer,Urbana,Lima Metropolitana,Superior universitaria,16,36.0,44.0,Empleado,Construccion,11 a 50 trabajadores,No,6,4125.0
41,Hombre,Urbana,Costa,Secundaria,9,22.0,43.0,Empleado,Servicios,11 a 50 trabajadores,No,3,2037.0
53,Hombre,Urbana,Lima Metropolitana,Secundaria,10,39.0,31.0,Obrero,"Administracion publica, educacion y salud",Mas de 50 trabajadores,No,6,1655.0
53,Mujer,Urbana,Lima Metropolitana,Superior no universitaria,12,36.0,58.0,Empleador,Servicios,1 a 10 trabajadores,No,3,3322.0
34,Mujer,Urbana,Lima Metropolitana,Secundaria,9,21.0,55.0,Empleador,Servicios,1 a 10 trabajadores,No,5,1265.0
47,Hombre,Urbana,Selva,Superior no universitaria,13,29.0,52.0,Trabajador independiente,"Administracion publica, educacion y salud",1 a 10 trabajadores,No,3,2473.0
55,Hombre,Urbana,Costa,Superior universitaria,14,34.0,46.0,Trabajador independiente,Construccion,1 a 10 trabajadores,No,4,2642.0
42,Mujer,Urbana,Costa,Secundaria,7,32.0,36.0,Obrero,"Administracion publica, educacion y salud",1 a 10 trabajadores,No,5,686.0
32,Mujer,Urbana,Costa,Secundaria,7,17.0,53.0,Trabajador independiente,Servicios,1 a 10 trabajadores,No,4,640.0
19,Mujer,Rural,Selva,Secundaria,7,3.0,63.0,Trabajador independiente,Agropecuario,1 a 10 trabajadores,No,3,153.0
44,Hombre,Urbana,Sierra,Superior no universitaria,12,28.0,40.0,Trabajador independiente,Manufactura,1 a 10 trabajadores,No,5,961.0
49,Mujer,Urbana,Lima Metropolitana,Superior universitaria,16,25.0,59.0,Empleado,Servicios,1 a 10 trabajadores,Si,5,8450.0
33,Hombre,Urbana,Lima Metropolitana,Secundaria,7,23.0,39.0,Empleado,Comercio,11 a 50 trabajadores,No,3,1695.0
44,Hombre,Urbana,Sierra,Superior no universitaria,14,,32.0,Empleado,Servicios,Mas de 50 trabajadores,Si,5,3571.0
37,Hombre,Urbana,Sierra,Superior no universitaria,13,19.0,46.0,Trabajador independiente,Comercio,1 a 10 trabajadores,No,4,1268.0
41,Mujer,Rural,Sierra,Superior universitaria,17,18.0,31.0,Trabajador independiente,Servicios,1 a 10 trabajadores,No,4,775.0
57,Mujer,Urbana,Costa,Secundaria,8,43.0,51.0,Trabajador independiente,Construccion,1 a 10 trabajadores,No,7,926.0
21,Hombre,Urbana,Costa,Primaria o menos,2,14.0,63.0,Obrero,"Administracion publica, educacion y salud",1 a 10 trabajadores,No,3,604.0
51,Hombre,Rural,Sierra,Secundaria,7,40.0,62.0,Trabajador independiente,Agropecuario,1 a 10 trabajadores,No,2,150.0
64,Mujer,Urbana,Sierra,Primaria o menos,2,45.0,37.0,Obrero,Comercio,1 a 10 trabajadores,No,6,249.0
31,Hombre,Urbana,Sierra,Secundaria,11,15.0,45.0,Empleado,Servicios,11 a 50 trabajadores,No,1,1420.0
54,Hombre,Rural,Sierra,Superior universitaria,15,34.0,12.0,Empleado,Servicios,1 a 10 trabajadores,No,4,446.0
42,Hombre,Urbana,Sierra,Superior no universitaria,13,21.0,43.0,Trabajador independiente,Comercio,1 a 10 trabajadores,No,2,1301.0
31,Mujer,Urbana,Selva,Superior no universitaria,13,13.0,31.0,Trabajador independiente,Manufactura,1 a 10 trabajadores,No,3,1343.0
40,Hombre,Rural,Sierra,Primaria o menos,2,37.0,23.0,Trabajador independiente,Agropecuario,1 a 10 trabajadores,Si,2,269.0
33,Mujer,Urbana,Selva,Superior no universitaria,14,15.0,43.0,Empleado,Comercio,Mas de 50 trabajadores,Si,6,2841.0
24,Hombre,Urbana,Lima Metropolitana,Superior universitaria,14,7.0,44.0,Empleado,Manufactura,1 a 10 trabajadores,Si,4,1960.0
56,Mujer,Urbana,Sierra,Superior universitaria,15,36.0,38.0,Trabajador independiente,"Administracion publica, educacion y salud",1 a 10 trabajadores,No,4,3319.0
45,Mujer,Urbana,Lima Metropolitana,Secundaria,11,28.0,51.0,Empleado,Comercio,1 a 10 trabajadores,No,3,865.0
23,Hombre,Urbana,Lima Metropolitana,Superior no universitaria,13,2.0,31.0,Trabajador independiente,Manufactura,Mas de 50 trabajadores,No,1,895.0
57,Hombre,Urbana,Sierra,Secundaria,10,41.0,41.0,Trabajador independiente,Comercio,1 a 10 trabajadores,No,3,865.0
28,Hombre,Urbana,Selva,Superior universitaria,15,7.0,26.0,Empleado,Comercio,11 a 50 trabajadores,No,7,1466.0
27,Hombre,Rural,Sierra,Secundaria,11,8.0,16.0,Trabajador independiente,Agropecuario,1 a 10 trabajadores,No,6,177.0
36,Hombre,Rural,Sierra,Superior no universitaria,15,16.0,39.0,Trabajador independiente,Servicios,1 a 10 trabajadores,No,2,444.0
41,Hombre,Urbana,Sierra,Superior no universitaria,15,19.0,72.0,Empleado,Servicios,1 a 10 trabajadores,No,4,2571.0
47,Mujer,Urbana,Sierra,Superior universitaria,14,27.0,46.0,Empleado,"Administracion publica, educacion y salud",1 a 10 trabajadores,Si,4,4247.0
43,Mujer,Urbana,Costa,Superior universitaria,17,20.0,48.0,Empleado,"Administracion publica, educacion y salud",Mas de 50 trabajadores,Si,4,7664.0
33,Mujer,Urbana,Costa,Superior no universitaria,13,11.0,61.0,Trabajador independiente,Manufactura,1 a 10 trabajadores,No,2,1092.0
37,Mujer,Urbana,Lima Metropolitana,Secundaria,11,19.0,23.0,Trabajador independiente,Servicios,1 a 10 trabajadores,No,5,1161.0
40,Mujer,Urbana,Selva,Superior no universitaria,15,22.0,52.0,Trabajador independiente,Manufactura,1 a 10 trabajadores,No,9,1371.0
41,Mujer,Urbana,Selva,Primaria o menos,6,29.0,30.0,Trabajador independiente,Construccion,1 a 10 trabajadores,No,6,607.0
54,Mujer,Rural,Sierra,Superior no universitaria,14,41.0,,Trabajador independiente,Agropecuario,1 a 10 trabajadores,No,7,242.0
35,Hombre,Urbana,Selva,Superior universitaria,17,13.0,66.0,Trabajador independiente,Servicios,1 a 10 trabajadores,Si,3,3240.0
27,Hombre,Urbana,Lima Metropolitana,Secundaria,9,12.0,62.0,Trabajador independiente,Manufactura,1 a 10 trabajadores,No,5,837.0
54,Mujer,Urbana,Costa,Superior no universitaria,13,36.0,43.0,Empleado,"Administracion publica, educacion y salud",Mas de 50 trabajadores,No,3,2903.0
39,Mujer,Rural,Sierra,Primaria o menos,4,29.0,39.0,Trabajador independiente,Agropecuario,1 a 10 trabajadores,No,1,188.0
43,Mujer,Urbana,Lima Metropolitana,Secundaria,8,28.0,44.0,Empleado,Servicios,Mas de 50 trabajadores,Si,2,2066.0
31,Hombre,Urbana,Lima Metropolitana,Secundaria,8,15.0,23.0,Empleado,Servicios,11 a 50 trabajadores,Si,4,1025.0
32,Mujer,Rural,Selva,Superior no universitaria,15,10.0,47.0,Obrero,Manufactura,1 a 10 trabajadores,No,7,630.0
23,Hombre,Urbana,Costa,Secundaria,9,8.0,52.0,Trabajador independiente,Manufactura,1 a 10 trabajadores,No,3,1088.0
37,Hombre,Rural,Sierra,Primaria o menos,5,28.0,24.0,Trabajador independiente,"Administracion publica, educacion y salud",1 a 10 trabajadores,No,5,280.0
55,Mujer,Rural,Selva,Secundaria,9,43.0,,Empleado,Agropecuario,11 a 50 trabajadores,No,2,684.0
35,Hombre,Urbana,Costa,Primaria o menos,3,26.0,33.0,Empleador,"Administracion publica, educacion y salud",1 a 10 trabajadores,Si,4,861.0
33,Mujer,Urbana,Lima Metropolitana,Secundaria,11,16.0,51.0,Trabajador independiente,Servicios,11 a 50 trabajadores,No,7,1931.0
35,Hombre,Urbana,Sierra,Secundaria,7,19.0,42.0,Trabajador independiente,Servicios,1 a 10 trabajadores,No,6,522.0
43,Hombre,Rural,Sierra,Secundaria,9,27.0,25.0,Empleador,Manufactura,1 a 10 trabajadores,No,4,563.0
52,Mujer,Urbana,Costa,Superior universitaria,14,30.0,48.0,Trabajador independiente,Servicios,1 a 10 trabajadores,No,4,2495.0
36,Mujer,Urbana,Sierra,Superior universitaria,17,11.0,43.0,Empleado,Servicios,Mas de 50 trabajadores,Si,3,4644.0
54,Mujer,Rural,Sierra,Primaria o menos,2,45.0,32.0,Empleado,Agropecuario,1 a 10 trabajadores,No,3,207.0
32,Mujer,Rural,Sierra,Primaria o menos,6,19.0,47.0,Trabajador independiente,Agropecuario,1 a 10 trabajadores,No,4,228.0
34,Mujer,Urbana,Costa,Secundaria,11,18.0,35.0,Trabajador independiente,Comercio,1 a 10 trabajadores,No,4,1605.0
18,Mujer,Urbana,Lima Metropolitana,Secundaria,11,0.0,53.0,Empleado,Agropecuario,1 a 10 trabajadores,Si,4,1412.0
20,Mujer,Urbana,Costa,Superior no universitaria,14,0.0,54.0,Obrero,Servicios,11 a 50 trabajadores,No,6,2074.0
44,Mujer,Rural,Sierra,Superior universitaria,15,23.0,19.0,Trabajador independiente,Agropecuario,1 a 10 trabajadores,Si,6,214.0
21,Hombre,Urbana,Costa,Secundaria,7,8.0,26.0,Trabajador independiente,Comercio,1 a 10 trabajadores,No,5,295.0
34,Mujer,Rural,Sierra,Primaria o menos,2,25.0,44.0,Trabajador independiente,Agropecuario,1 a 10 trabajadores,No,6,194.0
50,Mujer,Rural,Sierra,Primaria o menos,6,33.0,43.0,Trabajador independiente,Agropecuario,1 a 10 trabajadores,No,5,204.0
18,Hombre,Urbana,Costa,Superior no universitaria,14,0.0,44.0,Obrero,Comercio,1 a 10 trabajadores,No,7,1319.0
29,Mujer,Urbana,Lima Metropolitana,Superior universitaria,15,5.0,46.0,Trabajador independiente,Comercio,1 a 10 trabajadores,No,5,1918.0
28,Hombre,Urbana,Lima Metropolitana,Superior no universitaria,12,7.0,39.0,Empleado,"Administracion publica, educacion y salud",Mas de 50 trabajadores,Si,5,3212.0
23,Mujer,Rural,Costa,Secundaria,11,7.0,30.0,Empleado,Agropecuario,Mas de 50 trabajadores,Si,3,423.0
30,Hombre,Rural,Selva,Primaria o menos,3,18.0,43.0,Trabajador independiente,Manufactura,1 a 10 trabajadores,No,9,530.0
52,Mujer,Urbana,Lima Metropolitana,Superior no universitaria,12,36.0,34.0,Trabajador independiente,Construccion,1 a 10 trabajadores,No,5,1891.0
33,Hombre,Rural,Sierra,Secundaria,8,19.0,23.0,Trabajador independiente,Agropecuario,1 a 10 trabajadores,No,3,247.0
21,Hombre,Urbana,Lima Metropolitana,Primaria o menos,3,13.0,51.0,Trabajador independiente,Comercio,1 a 10 trabajadores,No,7,528.0
29,Hombre,Rural,Sierra,Secundaria,8,17.0,39.0,Trabajador independiente,Comercio,1 a 10 trabajadores,No,5,251.0
39,Hombre,Urbana,Sierra,Secundaria,11,24.0,67.0,Trabajador independiente,Servicios,1 a 10 trabajadores,No,5,1308.0
21,Mujer,Urbana,Selva,Secundaria,9,7.0,57.0,Obrero,Manufactura,Mas de 50 trabajadores,Si,3,1341.0
55,Mujer,Urbana,Selva,Superior universitaria,16,30.0,43.0,Empleado,Agropecuario,1 a 10 trabajadores,Si,2,3613.0
45,Mujer,Rural,Sierra,Secundaria,7,34.0,47.0,Trabajador independiente,Agropecuario,1 a 10 trabajadores,No,7,365.0
53,Hombre,Urbana,Sierra,Primaria o menos,5,41.0,65.0,Obrero,Construccion,1 a 10 trabajadores,No,5,840.0
50,Mujer,Urbana,Sierra,Superior universitaria,14,31.0,,Trabajador independiente,Construccion,11 a 50 trabajadores,No,4,1426.0
43,Hombre,Urbana,Lima Metropolitana,Superior universitaria,15,20.0,43.0,Empleado,Servicios,Mas de 50 trabajadores,No,5,3552.0
52,Hombre,Rural,Sierra,Primaria o menos,5,41.0,44.0,Trabajador independiente,Agropecuario,1 a 10 trabajadores,No,4,408.0
48,Hombre,Urbana,Lima Metropolitana,Secundaria,9,35.0,44.0,Empleado,"Administracion publica, educacion y salud",Mas de 50 trabajadores,Si,6,3500.0
45,Mujer,Urbana,Costa,Secundaria,7,32.0,26.0,Empleado,Construccion,11 a 50 trabajadores,No,8,797.0
48,Mujer,Urbana,Costa,Superior universitaria,14,29.0,41.0,Empleado,"Administracion publica, educacion y salud",Mas de 50 trabajadores,Si,2,6044.0
20,Hombre,Urbana,Lima Metropolitana,Superior universitaria,15,1.0,42.0,Empleado,Manufactura,11 a 50 trabajadores,Si,4,1955.0
45,Mujer,Urbana,Sierra,Secundaria,10,,43.0,Trabajador independiente,Construccion,1 a 10 trabajadores,No,3,1766.0
42,Mujer,Rural,Selva,Secundaria,10,23.0,49.0,Empleado,Servicios,1 a 10 trabajadores,No,6,779.0
45,Hombre,Urbana,Sierra,Posgrado,18,26.0,42.0,Empleado,Manufactura,Mas de 50 trabajadores,Si,5,10333.0
22,Hombre,Urbana,Lima Metropolitana,Secundaria,11,3.0,57.0,Obrero,Agropecuario,1 a 10 trabajadores,No,4,1083.0
49,Mujer,Urbana,Lima Metropolitana,Superior no universitaria,15,30.0,57.0,Empleado,Comercio,Mas de 50 trabajadores,Si,4,4786.0
50,Hombre,Rural,Sierra,Secundaria,9,37.0,32.0,Trabajador independiente,Agropecuario,1 a 10 trabajadores,No,4,309.0
34,Hombre,Rural,Sierra,Superior no universitaria,12,17.0,45.0,Trabajador independiente,"Administracion publica, educacion y salud",1 a 10 trabajadores,No,2,495.0
40,Mujer,Urbana,Lima Metropolitana,Superior universitaria,16,18.0,36.0,Empleado,Servicios,Mas de 50 trabajadores,Si,6,5903.0
65,Mujer,Rural,Sierra,Superior no universitaria,14,43.0,48.0,Empleado,Agropecuario,1 a 10 trabajadores,No,1,749.0
57,Hombre,Urbana,Lima Metropolitana,Secundaria,9,42.0,50.0,Empleado,Agropecuario,1 a 10 trabajadores,No,5,764.0
23,Hombre,Urbana,Lima Metropolitana,Secundaria,9,9.0,30.0,Empleado,Servicios,1 a 10 trabajadores,No,4,1347.0
27,Hombre,Urbana,Costa,Secundaria,8,13.0,40.0,Empleado,Servicios,Mas de 50 trabajadores,Si,3,2717.0
31,Hombre,Urbana,Lima Metropolitana,Secundaria,8,19.0,48.0,Empleado,Servicios,11 a 50 trabajadores,No,4,1338.0
30,Hombre,Urbana,Sierra,Superior no universitaria,13,11.0,26.0,Empleado,"Administracion publica, educacion y salud",1 a 10 trabajadores,Si,2,1710.0
33,Mujer,Urbana,Lima Metropolitana,Primaria o menos,2,25.0,68.0,Trabajador independiente,Servicios,1 a 10 trabajadores,No,8,417.0
32,Mujer,Urbana,Lima Metropolitana,Superior universitaria,15,14.0,41.0,Empleado,Comercio,11 a 50 trabajadores,Si,5,2888.0
45,Hombre,Urbana,Lima Metropolitana,Secundaria,7,33.0,40.0,Empleado,Manufactura,1 a 10 trabajadores,No,4,1293.0
38,Mujer,Rural,Selva,Secundaria,8,23.0,37.0,Trabajador independiente,Agropecuario,1 a 10 trabajadores,No,4,269.0
37,Hombre,Rural,Costa,Secundaria,11,17.0,46.0,Trabajador independiente,Agropecuario,1 a 10 trabajadores,No,5,228.0
34,Hombre,Urbana,Lima Metropolitana,Primaria o menos,6,23.0,56.0,Trabajador independiente,Servicios,1 a 10 trabajadores,No,4,879.0
36,Hombre,Urbana,Lima Metropolitana,Superior no universitaria,14,17.0,47.0,Empleado,Servicios,1 a 10 trabajadores,No,3,2598.0
32,Mujer,Urbana,Costa,Superior no universitaria,15,9.0,40.0,Trabajador independiente,"Administracion publica, educacion y salud",1 a 10 trabajadores,No,4,1637.0
50,Mujer,Urbana,Costa,Superior universitaria,14,31.0,50.0,Trabajador independiente,Comercio,1 a 10 trabajadores,No,6,2166.0
41,Hombre,Urbana,Sierra,Superior universitaria,14,21.0,34.0,Empleado,Construccion,11 a 50 trabajadores,Si,6,1885.0
35,Hombre,Urbana,Costa,Superior no universitaria,14,13.0,33.0,Trabajador independiente,Manufactura,1 a 10 trabajadores,,7,2192.0
37,Mujer,Urbana,Costa,Superior no universitaria,14,16.0,42.0,Empleado,"Administracion publica, educacion y salud",11 a 50 trabajadores,Si,3,4539.0
42,Mujer,Rural,Costa,Primaria o menos,5,28.0,50.0,Trabajador independiente,Agropecuario,1 a 10 trabajadores,No,3,223.0
34,Hombre,Urbana,Sierra,Posgrado,18,15.0,47.0,Empleado,Servicios,11 a 50 trabajadores,No,5,4935.0
33,Mujer,Urbana,Sierra,Primaria o menos,4,22.0,28.0,Empleado,Comercio,Mas de 50 trabajadores,No,3,633.0
36,Mujer,Rural,Sierra,Secundaria,8,26.0,29.0,Obrero,Agropecuario,1 a 10 trabajadores,No,4,261.0
42,Mujer,Rural,Selva,Secundaria,10,24.0,57.0,Obrero,Agropecuario,11 a 50 trabajadores,Si,4,770.0
40,Hombre,Urbana,Lima Metropolitana,Superior universitaria,16,19.0,53.0,Empleado,Manufactura,Mas de 50 trabajadores,No,5,5116.0
29,Hombre,Urbana,Sierra,Superior universitaria,17,4.0,39.0,Empleado,"Administracion publica, educacion y salud",Mas de 50 trabajadores,Si,2,6532.0
24,Hombre,Urbana,Sierra,Superior universitaria,14,3.0,50.0,Empleado,Comercio,1 a 10 trabajadores,No,3,1661.0
18,Hombre,Rural,Costa,Secundaria,10,1.0,63.0,Trabajador independiente,Agropecuario,1 a 10 trabajadores,No,4,150.0
65,Hombre,Rural,Selva,Superior no universitaria,13,45.0,61.0,Trabajador independiente,Agropecuario,1 a 10 trabajadores,No,2,394.0
45,Mujer,Urbana,Lima Metropolitana,Superior no universitaria,14,25.0,46.0,Trabajador independiente,Manufactura,1 a 10 trabajadores,No,2,909.0
30,Hombre,Rural,Sierra,Secundaria,10,13.0,31.0,Trabajador independiente,Agropecuario,1 a 10 trabajadores,Si,4,422.0
57,Hombre,Urbana,Costa,Superior no universitaria,15,40.0,38.0,Trabajador independiente,Servicios,1 a 10 trabajadores,No,3,1681.0
42,Hombre,Urbana,Lima Metropolitana,Superior no universitaria,15,22.0,52.0,Empleado,Servicios,Mas de 50 trabajadores,,3,3688.0
48,Hombre,Rural,Sierra,Secundaria,10,29.0,42.0,Trabajador independiente,Agropecuario,1 a 10 trabajadores,No,1,236.0
42,Mujer,Rural,Sierra,Secundaria,8,27.0,29.0,Trabajador independiente,Agropecuario,1 a 10 trabajadores,No,4,221.0
47,Hombre,Urbana,Sierra,Superior no universitaria,13,25.0,44.0,Trabajador independiente,Servicios,1 a 10 trabajadores,No,3,2589.0
31,Hombre,Urbana,Lima Metropolitana,Secundaria,8,17.0,37.0,Empleado,Comercio,11 a 50 trabajadores,Si,5,2330.0
48,Hombre,Urbana,Costa,Superior universitaria,17,23.0,34.0,Empleado,Servicios,1 a 10 trabajadores,Si,4,2791.0
38,Hombre,Urbana,Lima Metropolitana,Superior no universitaria,13,18.0,38.0,Empleado,Construccion,11 a 50 trabajadores,No,7,3266.0
59,Hombre,Urbana,Lima Metropolitana,Secundaria,10,42.0,42.0,Empleado,Manufactura,Mas de 50 trabajadores,Si,4,3475.0
47,Mujer,Urbana,Costa,Secundaria,7,33.0,45.0,Empleado,Comercio,Mas de 50 trabajadores,Si,7,1262.0
54,Hombre,Urbana,Lima Metropolitana,Secundaria,9,41.0,14.0,Trabajador independiente,Servicios,1 a 10 trabajadores,No,1,968.0
35,Mujer,Rural,Sierra,Secundaria,9,21.0,36.0,Trabajador independiente,Agropecuario,1 a 10 trabajadores,No,5,269.0
20,Mujer,Urbana,Sierra,Superior no universitaria,14,1.0,42.0,Obrero,Comercio,Mas de 50 trabajadores,Si,4,2738.0
44,Mujer,Urbana,Selva,Superior universitaria,15,24.0,49.0,Trabajador independiente,Construccion,1 a 10 trabajadores,Si,4,2145.0
51,Mujer,Urbana,Lima Metropolitana,Secundaria,9,37.0,47.0,Obrero,Manufactura,11 a 50 trabajadores,No,3,860.0
43,Mujer,Urbana,Lima Metropolitana,Secundaria,7,30.0,68.0,Empleador,Servicios,1 a 10 trabajadores,No,7,1996.0
24,Mujer,Urbana,Lima Metropolitana,Superior universitaria,17,1.0,39.0,Empleado,Servicios,Mas de 50 trabajadores,Si,5,5307.0
22,Mujer,Urbana,Sierra,Superior no universitaria,14,3.0,23.0,Empleado,"Administracion publica, educacion y salud",Mas de 50 trabajadores,Si,3,2379.0
36,Hombre,Urbana,Costa,Secundaria,11,17.0,,Empleado,Manufactura,11 a 50 trabajadores,Si,5,1165.0
44,Hombre,Urbana,Lima Metropolitana,Superior universitaria,17,20.0,18.0,Empleador,Comercio,1 a 10 trabajadores,No,4,5009.0
27,Hombre,Urbana,Lima Metropolitana,Secundaria,11,12.0,42.0,Obrero,Comercio,Mas de 50 trabajadores,No,3,1218.0
27,Mujer,Urbana,Lima Metropolitana,Superior no universitaria,15,5.0,61.0,Trabajador independiente,Comercio,1 a 10 trabajadores,No,4,1346.0
36,Hombre,Urbana,Lima Metropolitana,Superior universitaria,14,16.0,39.0,Trabajador independiente,Comercio,1 a 10 trabajadores,No,5,969.0
36,Hombre,Urbana,Lima Metropolitana,Superior no universitaria,14,16.0,62.0,Trabajador independiente,Servicios,1 a 10 trabajadores,No,6,1995.0
49,Mujer,Urbana,Lima Metropolitana,Superior universitaria,14,31.0,41.0,Trabajador independiente,Comercio,1 a 10 trabajadores,No,4,1510.0
45,Hombre,Urbana,Sierra,Superior universitaria,16,26.0,32.0,Trabajador independiente,Comercio,1 a 10 trabajadores,No,4,1935.0
26,Mujer,Rural,Selva,Primaria o menos,6,16.0,35.0,Trabajador independiente,"Administracion publica, educacion y salud",1 a 10 trabajadores,No,2,348.0
34,Hombre,Rural,Sierra,Primaria o menos,4,24.0,32.0,Trabajador independiente,Agropecuario,1 a 10 trabajadores,No,4,323.0
44,Mujer,Urbana,Lima Metropolitana,Secundaria,7,31.0,22.0,Obrero,Construccion,1 a 10 trabajadores,No,2,976.0
18,Hombre,Rural,Selva,Primaria o menos,5,10.0,29.0,Empleado,Agropecuario,1 a 10 trabajadores,No,3,330.0
43,Hombre,Urbana,Sierra,Superior no universitaria,14,24.0,35.0,Trabajador independiente,Comercio,11 a 50 trabajadores,Si,6,1283.0
45,Mujer,Urbana,Sierra,Superior no universitaria,14,26.0,51.0,Empleado,Servicios,11 a 50 trabajadores,No,5,1876.0
47,Mujer,Urbana,Lima Metropolitana,Superior no universitaria,12,32.0,45.0,Empleado,Servicios,11 a 50 trabajadores,No,3,5500.0
52,Hombre,Urbana,Costa,Superior universitaria,15,33.0,33.0,Empleador,"Administracion publica, educacion y salud",1 a 10 trabajadores,No,3,4159.0
27,Mujer,Urbana,Sierra,Secundaria,7,8.0,41.0,Empleado,"Administracion publica, educacion y salud",1 a 10 trabajadores,No,2,938.0
53,Mujer,Urbana,Lima Metropolitana,Posgrado,20,26.0,47.0,Empleado,"Administracion publica, educacion y salud",1 a 10 trabajadores,Si,3,10308.0
21,Mujer,Rural,Sierra,Primaria o menos,3,10.0,33.0,Trabajador independiente,Manufactura,1 a 10 trabajadores,No,4,213.0
55,Hombre,Rural,Costa,Superior no universitaria,14,35.0,39.0,Empleado,Agropecuario,1 a 10 trabajadores,Si,4,1245.0
56,Mujer,Rural,Sierra,Primaria o menos,4,45.0,32.0,Empleado,Servicios,1 a 10 trabajadores,No,4,401.0
59,Hombre,Rural,Sierra,Primaria o menos,6,45.0,19.0,Trabajador independiente,Comercio,1 a 10 trabajadores,No,7,245.0
37,Mujer,Urbana,Selva,Secundaria,11,18.0,44.0,Obrero,Manufactura,Mas de 50 trabajadores,Si,3,2097.0
43,Mujer,Urbana,Costa,Primaria o menos,3,33.0,45.0,Trabajador independiente,Servicios,1 a 10 trabajadores,No,5,639.0
36,Mujer,Urbana,Costa,Superior universitaria,16,17.0,32.0,Trabajador independiente,Comercio,1 a 10 trabajadores,No,9,2924.0
50,Mujer,Urbana,Costa,Secundaria,10,37.0,32.0,Empleado,Comercio,Mas de 50 trabajadores,No,4,1746.0
28,Mujer,Urbana,Costa,Superior universitaria,16,9.0,25.0,Empleado,Manufactura,Mas de 50 trabajadores,Si,5,2393.0
47,Hombre,Urbana,Lima Metropolitana,Superior no universitaria,12,30.0,36.0,Trabajador independiente,Servicios,1 a 10 trabajadores,No,3,1107.0
32,Hombre,Urbana,Selva,Superior no universitaria,12,10.0,32.0,Empleado,"Administracion publica, educacion y salud",1 a 10 trabajadores,Si,6,3477.0
22,Mujer,Urbana,Lima Metropolitana,Primaria o menos,5,13.0,45.0,Empleado,Comercio,Mas de 50 trabajadores,,3,678.0
39,Hombre,Urbana,Sierra,Secundaria,11,21.0,62.0,Empleado,"Administracion publica, educacion y salud",Mas de 50 trabajadores,No,4,2811.0
23,Hombre,Urbana,Lima Metropolitana,Secundaria,11,4.0,33.0,Trabajador independiente,Comercio,1 a 10 trabajadores,Si,5,1660.0
30,Hombre,Rural,Sierra,Secundaria,8,15.0,39.0,Trabajador independiente,Agropecuario,1 a 10 trabajadores,No,5,324.0
47,Mujer,Rural,Sierra,Secundaria,11,31.0,30.0,Trabajador independiente,Agropecuario,1 a 10 trabajadores,No,2,223.0
63,Hombre,Urbana,Selva,Secundaria,10,45.0,34.0,Empleador,Construccion,1 a 10 trabajadores,No,6,2439.0
55,Mujer,Urbana,Lima Metropolitana,Primaria o menos,2,45.0,48.0,Empleado,Comercio,Mas de 50 trabajadores,No,3,664.0
55,Hombre,Urbana,Costa,Superior no universitaria,14,34.0,55.0,Empleado,Comercio,Mas de 50 trabajadores,Si,4,2792.0
47,Mujer,Urbana,Sierra,Superior universitaria,17,22.0,41.0,Trabajador independiente,Servicios,1 a 10 trabajadores,No,5,1837.0
60,Mujer,Urbana,Selva,Superior no universitaria,12,43.0,53.0,Empleado,Agropecuario,Mas de 50 trabajadores,No,2,2417.0
32,Mujer,Urbana,Lima Metropolitana,Superior universitaria,16,9.0,45.0,Empleado,"Administracion publica, educacion y salud",11 a 50 trabajadores,Si,7,8330.0
37,Hombre,Urbana,Costa,Superior no universitaria,13,20.0,37.0,Trabajador independiente,Comercio,1 a 10 trabajadores,No,4,1600.0
31,Mujer,Rural,Sierra,Primaria o menos,5,23.0,54.0,Trabajador independiente,Agropecuario,1 a 10 trabajadores,No,5,256.0
38,Hombre,Rural,Sierra,Primaria o menos,6,28.0,36.0,Trabajador independiente,Agropecuario,1 a 10 trabajadores,No,3,150.0
41,Mujer,Urbana,Costa,Superior universitaria,15,20.0,53.0,Empleado,Construccion,Mas de 50 trabajadores,Si,8,5961.0
41,Hombre,Rural,Sierra,Secundaria,8,27.0,30.0,Trabajador independiente,Agropecuario,1 a 10 trabajadores,No,4,442.0
22,Hombre,Urbana,Lima Metropolitana,Superior no universitaria,15,0.0,34.0,Obrero,Servicios,Mas de 50 trabajadores,No,3,1485.0
30,Mujer,Urbana,Lima Metropolitana,Superior no universitaria,13,12.0,65.0,Obrero,Comercio,Mas de 50 trabajadores,Si,7,2679.0
28,Hombre,Urbana,Sierra,Secundaria,8,14.0,34.0,Trabajador independiente,Construccion,1 a 10 trabajadores,No,5,1278.0
33,Hombre,Urbana,Costa,Posgrado,18,8.0,30.0,Empleado,Servicios,Mas de 50 trabajadores,Si,8,7632.0
49,Mujer,Urbana,Costa,Secundaria,10,34.0,47.0,Obrero,Construccion,1 a 10 trabajadores,Si,5,2367.0
33,Mujer,Urbana,Lima Metropolitana,Secundaria,7,19.0,50.0,Trabajador independiente,Agropecuario,1 a 10 trabajadores,No,7,789.0
65,Hombre,Rural,Sierra,Primaria o menos,5,45.0,53.0,Trabajador independiente,Agropecuario,1 a 10 trabajadores,No,5,211.0
34,Hombre,Urbana,Lima Metropolitana,Secundaria,10,20.0,20.0,Empleado,"Administracion publica, educacion y salud",11 a 50 trabajadores,No,9,920.0
31,Mujer,Urbana,Costa,Superior no universitaria,14,10.0,28.0,Empleado,Manufactura,Mas de 50 trabajadores,No,2,2096.0
25,Mujer,Urbana,Lima Metropolitana,Secundaria,9,9.0,34.0,Empleado,Servicios,Mas de 50 trabajadores,Si,4,2159.0
38,Hombre,Rural,Sierra,Primaria o menos,2,31.0,32.0,Empleado,Agropecuario,1 a 10 trabajadores,No,6,247.0
59,Mujer,Urbana,Sierra,Secundaria,11,41.0,45.0,Empleado,Construccion,Mas de 50 trabajadores,Si,5,1966.0
18,Hombre,Urbana,Sierra,Primaria o menos,2,9.0,29.0,Trabajador independiente,Manufactura,1 a 10 trabajadores,No,5,229.0
27,Hombre,Urbana,Lima Metropolitana,Superior universitaria,15,6.0,60.0,Trabajador independiente,Comercio,1 a 10 trabajadores,No,2,4414.0
54,Hombre,Urbana,Costa,Secundaria,11,40.0,45.0,Empleador,Comercio,11 a 50 trabajadores,Si,5,3541.0
36,Mujer,Rural,Sierra,Primaria o menos,6,25.0,16.0,Empleado,Agropecuario,1 a 10 trabajadores,No,4,261.0
23,Hombre,Urbana,Sierra,Superior universitaria,14,3.0,42.0,Empleado,"Administracion publica, educacion y salud",11 a 50 trabajadores,Si,7,4560.0
42,Hombre,Urbana,Costa,Secundaria,10,26.0,61.0,Empleado,Construccion,1 a 10 trabajadores,Si,3,2000.0
60,Hombre,Urbana,Lima Metropolitana,Superior no universitaria,14,39.0,64.0,Empleado,"Administracion publica, educacion y salud",11 a 50 trabajadores,Si,8,3698.0
63,Hombre,Urbana,Lima Metropolitana,Secundaria,11,45.0,28.0,Obrero,Servicios,1 a 10 trabajadores,No,7,960.0
38,Mujer,Urbana,Sierra,Secundaria,11,22.0,40.0,Trabajador independiente,Manufactura,1 a 10 trabajadores,No,5,1152.0
28,Hombre,Rural,Costa,Superior no universitaria,12,12.0,42.0,Trabajador independiente,Agropecuario,1 a 10 trabajadores,No,6,336.0
32,Hombre,Urbana,Costa,Secundaria,9,20.0,,Trabajador independiente,Agropecuario,1 a 10 trabajadores,No,7,374.0
39,Hombre,Rural,Selva,Secundaria,10,24.0,48.0,Trabajador independiente,Agropecuario,1 a 10 trabajadores,No,4,339.0
32,Hombre,Urbana,Sierra,Primaria o menos,3,19.0,42.0,Trabajador independiente,Servicios,1 a 10 trabajadores,No,4,245.0
42,Hombre,Urbana,Sierra,Secundaria,10,28.0,33.0,Empleado,Manufactura,1 a 10 trabajadores,No,4,1628.0
34,Mujer,Urbana,Lima Metropolitana,Secundaria,10,19.0,47.0,Empleado,Servicios,1 a 10 trabajadores,No,6,1114.0
61,Hombre,Urbana,Lima Metropolitana,Superior no universitaria,12,44.0,23.0,Empleado,Servicios,1 a 10 trabajadores,No,5,954.0
37,Mujer,Urbana,Lima Metropolitana,Secundaria,11,18.0,,Obrero,Servicios,11 a 50 trabajadores,No,6,1199.0
24,Hombre,Urbana,Lima Metropolitana,Posgrado,17,1.0,47.0,Trabajador independiente,Servicios,1 a 10 trabajadores,No,3,2804.0
18,Hombre,Urbana,Sierra,Primaria o menos,6,3.0,41.0,Obrero,Servicios,Mas de 50 trabajadores,No,5,615.0
44,Mujer,Rural,Sierra,Secundaria,11,28.0,18.0,Empleado,Servicios,1 a 10 trabajadores,No,5,262.0
24,Mujer,Urbana,Sierra,Superior universitaria,15,3.0,39.0,Empleado,Comercio,1 a 10 trabajadores,Si,2,1576.0
43,Mujer,Urbana,Costa,Superior no universitaria,13,23.0,39.0,Empleado,Comercio,11 a 50 trabajadores,Si,5,1909.0
39,Mujer,Urbana,Lima Metropolitana,Secundaria,7,27.0,47.0,Trabajador independiente,Manufactura,1 a 10 trabajadores,No,5,808.0
39,Hombre,Rural,Sierra,Superior universitaria,17,18.0,53.0,Empleado,Comercio,1 a 10 trabajadores,No,3,1278.0
39,Hombre,Rural,Sierra,Secundaria,8,23.0,48.0,Trabajador independiente,Comercio,Mas de 50 trabajadores,No,6,484.0
48,Hombre,Rural,Costa,Superior universitaria,17,25.0,32.0,Empleado,Servicios,1 a 10 trabajadores,No,5,1115.0
49,Mujer,Urbana,Sierra,Superior no universitaria,12,33.0,57.0,Trabajador independiente,Construccion,1 a 10 trabajadores,No,5,800.0
18,Hombre,Urbana,Costa,Superior universitaria,16,0.0,60.0,Empleado,Servicios,Mas de 50 trabajadores,No,4,2583.0
43,Mujer,Urbana,Sierra,Superior no universitaria,14,24.0,47.0,Trabajador independiente,Servicios,1 a 10 trabajadores,Si,3,2368.0
46,Hombre,Urbana,Costa,Secundaria,8,33.0,49.0,Empleado,Agropecuario,1 a 10 trabajadores,No,6,1077.0
45,Mujer,Urbana,Lima Metropolitana,Superior no universitaria,14,27.0,29.0,Obrero,Agropecuario,1 a 10 trabajadores,No,3,1969.0
40,Mujer,Urbana,Costa,Superior no universitaria,12,20.0,41.0,Trabajador independiente,Comercio,1 a 10 trabajadores,No,5,1165.0
31,Mujer,Urbana,Lima Metropolitana,Superior no universitaria,14,10.0,27.0,Trabajador independiente,Comercio,11 a 50 trabajadores,No,2,1752.0
52,Hombre,Rural,Costa,Primaria o menos,2,44.0,23.0,Trabajador independiente,Agropecuario,1 a 10 trabajadores,No,2,387.0
45,Hombre,Urbana,Selva,Superior universitaria,15,21.0,14.0,Empleado,Comercio,Mas de 50 trabajadores,,6,2730.0
33,Hombre,Urbana,Sierra,Secundaria,10,16.0,40.0,Trabajador independiente,Manufactura,1 a 10 trabajadores,Si,6,783.0
40,Hombre,Urbana,Costa,Secundaria,7,25.0,42.0,Empleado,Servicios,Mas de 50 trabajadores,Si,5,1665.0
19,Hombre,Urbana,Lima Metropolitana,Superior no universitaria,14,0.0,42.0,Empleado,Manufactura,Mas de 50 trabajadores,Si,1,2830.0
28,Mujer,Urbana,Lima Metropolitana,Secundaria,10,16.0,44.0,Trabajador independiente,Comercio,Mas de 50 trabajadores,No,3,1459.0
28,Mujer,Urbana,Sierra,Secundaria,9,12.0,44.0,Empleado,Servicios,1 a 10 trabajadores,No,9,786.0
32,Hombre,Urbana,Sierra,Secundaria,8,15.0,30.0,Empleado,Servicios,1 a 10 trabajadores,Si,7,1105.0
35,Mujer,Urbana,Selva,Superior universitaria,14,13.0,32.0,Empleado,Servicios,Mas de 50 trabajadores,Si,4,2338.0
59,Hombre,Urbana,Sierra,Secundaria,10,42.0,38.0,Trabajador independiente,"Administracion publica, educacion y salud",1 a 10 trabajadores,No,10,743.0
45,Mujer,Rural,Selva,Primaria o menos,5,32.0,33.0,Trabajador independiente,Comercio,1 a 10 trabajadores,No,3,180.0
44,Hombre,Urbana,Sierra,Secundaria,10,31.0,31.0,Trabajador independiente,"Administracion publica, educacion y salud",1 a 10 trabajadores,No,2,1239.0
36,Mujer,Rural,Costa,Secundaria,10,22.0,45.0,Trabajador independiente,Construccion,1 a 10 trabajadores,No,2,346.0
39,Hombre,Urbana,Lima Metropolitana,Primaria o menos,3,31.0,50.0,Trabajador independiente,Manufactura,1 a 10 trabajadores,No,3,543.0
46,Mujer,Urbana,Lima Metropolitana,Secundaria,11,27.0,44.0,Trabajador independiente,Construccion,11 a 50 trabajadores,No,4,1083.0
35,Mujer,Urbana,Sierra,Superior universitaria,16,14.0,18.0,Empleado,Servicios,11 a 50 trabajadores,No,3,1737.0
40,Hombre,Urbana,Selva,Secundaria,7,21.0,63.0,Empleado,Servicios,11 a 50 trabajadores,Si,4,1547.0
31,Hombre,Urbana,Selva,Superior universitaria,14,9.0,64.0,Empleado,"Administracion publica, educacion y salud",11 a 50 trabajadores,No,6,2898.0
47,Mujer,Urbana,Lima Metropolitana,Secundaria,10,29.0,42.0,Empleado,Servicios,11 a 50 trabajadores,Si,3,1524.0
37,Mujer,Urbana,Selva,Secundaria,9,23.0,28.0,Obrero,Manufactura,Mas de 50 trabajadores,Si,10,989.0
29,Hombre,Rural,Sierra,Primaria o menos,6,18.0,60.0,Trabajador independiente,"Administracion publica, educacion y salud",1 a 10 trabajadores,No,5,277.0
50,Hombre,Rural,Sierra,Primaria o menos,3,41.0,46.0,Empleado,Comercio,11 a 50 trabajadores,Si,3,379.0
44,Hombre,Urbana,Costa,Secundaria,11,31.0,40.0,Trabajador independiente,Comercio,1 a 10 trabajadores,No,5,2185.0
21,Mujer,Urbana,Costa,Superior no universitaria,14,0.0,45.0,Obrero,Servicios,1 a 10 trabajadores,No,3,1132.0
20,Hombre,Urbana,Sierra,Secundaria,9,6.0,47.0,Obrero,Construccion,Mas de 50 trabajadores,Si,7,1443.0
18,Hombre,Urbana,Lima Metropolitana,Secundaria,8,3.0,42.0,Empleado,"Administracion publica, educacion y salud",1 a 10 trabajadores,No,2,1321.0
54,Hombre,Rural,Sierra,Primaria o menos,6,44.0,45.0,Trabajador independiente,Agropecuario,1 a 10 trabajadores,No,4,205.0
44,Mujer,Rural,Sierra,Secundaria,10,26.0,41.0,Obrero,Agropecuario,Mas de 50 trabajadores,Si,4,560.0
55,Hombre,Urbana,Lima Metropolitana,Secundaria,11,39.0,16.0,Empleado,Comercio,1 a 10 trabajadores,Si,5,1377.0
37,Mujer,Urbana,Sierra,Secundaria,8,25.0,67.0,Empleado,Servicios,1 a 10 trabajadores,Si,4,723.0
49,Hombre,Urbana,Selva,Posgrado,19,24.0,37.0,Empleador,Comercio,1 a 10 trabajadores,No,5,5379.0
36,Hombre,Rural,Sierra,Secundaria,11,20.0,37.0,Trabajador independiente,Comercio,1 a 10 trabajadores,No,5,444.0
49,Hombre,Urbana,Selva,Superior universitaria,15,28.0,47.0,Trabajador independiente,"Administracion publica, educacion y salud",1 a 10 trabajadores,No,2,3225.0
18,Hombre,Rural,Selva,Superior universitaria,17,0.0,49.0,Empleador,Comercio,11 a 50 trabajadores,No,2,1185.0
39,Mujer,Rural,Selva,Secundaria,10,22.0,52.0,Empleado,Agropecuario,11 a 50 trabajadores,No,5,295.0
53,Hombre,Urbana,Sierra,Superior no universitaria,15,34.0,40.0,Trabajador independiente,"Administracion publica, educacion y salud",1 a 10 trabajadores,No,3,2393.0
34,Hombre,Urbana,Costa,Secundaria,11,22.0,45.0,Empleado,Construccion,11 a 50 trabajadores,Si,3,1577.0
54,Mujer,Urbana,Lima Metropolitana,Secundaria,9,40.0,35.0,Empleado,Comercio,Mas de 50 trabajadores,Si,6,1742.0
22,Hombre,Rural,Selva,Secundaria,8,8.0,47.0,Trabajador independiente,Comercio,1 a 10 trabajadores,No,5,239.0
23,Hombre,Rural,Sierra,Superior no universitaria,13,6.0,32.0,Trabajador independiente,Agropecuario,1 a 10 trabajadores,,7,260.0
31,Mujer,Urbana,Lima Metropolitana,Superior no universitaria,13,11.0,31.0,Empleado,Manufactura,11 a 50 trabajadores,Si,3,2939.0
29,Hombre,Urbana,Lima Metropolitana,Secundaria,9,14.0,84.0,Empleado,"Administracion publica, educacion y salud",11 a 50 trabajadores,,2,1561.0
45,Mujer,Urbana,Costa,Superior no universitaria,13,21.0,35.0,Trabajador independiente,Servicios,1 a 10 trabajadores,No,5,876.0
45,Mujer,Rural,Selva,Primaria o menos,3,35.0,20.0,Trabajador independiente,Agropecuario,1 a 10 trabajadores,No,4,162.0
56,Mujer,Urbana,Lima Metropolitana,Secundaria,11,38.0,32.0,Trabajador independiente,Servicios,1 a 10 trabajadores,No,6,797.0
45,Mujer,Rural,Sierra,Primaria o menos,6,38.0,21.0,Trabajador independiente,Agropecuario,1 a 10 trabajadores,No,5,217.0
31,Hombre,Urbana,Selva,Superior universitaria,14,14.0,37.0,Obrero,Servicios,Mas de 50 trabajadores,Si,3,2726.0
37,Mujer,Urbana,Sierra,Secundaria,8,21.0,38.0,Obrero,Servicios,Mas de 50 trabajadores,Si,7,758.0
38,Mujer,Urbana,Lima Metropolitana,Superior no universitaria,12,21.0,50.0,Trabajador independiente,Construccion,1 a 10 trabajadores,No,9,2384.0
31,Mujer,Urbana,Lima Metropolitana,Secundaria,7,20.0,57.0,Trabajador independiente,Servicios,1 a 10 trabajadores,No,5,956.0
20,Hombre,Rural,Sierra,Secundaria,9,9.0,55.0,Trabajador independiente,Servicios,1 a 10 trabajadores,No,4,584.0
42,Mujer,Urbana,Costa,Secundaria,7,30.0,53.0,Empleador,Servicios,1 a 10 trabajadores,No,4,1285.0
45,Mujer,Rural,Selva,Primaria o menos,3,37.0,45.0,Trabajador independiente,Manufactura,1 a 10 trabajadores,No,5,344.0
42,Hombre,Rural,Sierra,Superior no universitaria,13,21.0,43.0,Trabajador independiente,Agropecuario,1 a 10 trabajadores,No,5,719.0
44,Hombre,Rural,Sierra,Secundaria,9,30.0,50.0,Trabajador independiente,Agropecuario,1 a 10 trabajadores,No,5,291.0
59,Hombre,Rural,Sierra,Primaria o menos,2,45.0,12.0,Trabajador independiente,Agropecuario,1 a 10 trabajadores,No,7,150.0
36,Mujer,Urbana,Lima Metropolitana,Primaria o menos,3,28.0,34.0,Trabajador independiente,Comercio,Mas de 50 trabajadores,No,5,636.0
54,Hombre,Urbana,Selva,Secundaria,8,42.0,47.0,Trabajador independiente,Servicios,1 a 10 trabajadores,No,4,1097.0
55,Mujer,Urbana,Lima Metropolitana,Secundaria,10,42.0,58.0,Empleador,Servicios,1 a 10 trabajadores,No,4,1274.0
39,Hombre,Urbana,Sierra,Secundaria,8,24.0,52.0,Empleado,Comercio,Mas de 50 trabajadores,No,3,1452.0
59,Mujer,Urbana,Sierra,Superior no universitaria,14,38.0,40.0,Trabajador independiente,Comercio,1 a 10 trabajadores,No,6,907.0
34,Hombre,Urbana,Sierra,Superior universitaria,16,14.0,66.0,Empleado,Construccion,11 a 50 trabajadores,Si,2,1901.0
46,Hombre,Urbana,Lima Metropolitana,Superior universitaria,16,26.0,46.0,Trabajador independiente,Construccion,1 a 10 trabajadores,No,3,3592.0
33,Hombre,Urbana,Costa,Superior no universitaria,12,16.0,54.0,Trabajador independiente,"Administracion publica, educacion y salud",1 a 10 trabajadores,No,5,1522.0
53,Hombre,Urbana,Sierra,Secundaria,7,38.0,40.0,Empleado,Construccion,Mas de 50 trabajadores,No,1,1301.0
29,Hombre,Urbana,Sierra,Secundaria,9,13.0,51.0,Trabajador independiente,Manufactura,1 a 10 trabajadores,No,5,1061.0
46,Mujer,Urbana,Costa,Primaria o menos,4,33.0,35.0,Empleado,Servicios,1 a 10 trabajadores,No,2,614.0
38,Mujer,Urbana,Lima Metropolitana,Superior no universitaria,14,20.0,41.0,Trabajador independiente,Comercio,1 a 10 trabajadores,No,4,1628.0
43,Hombre,Urbana,Sierra,Superior no universitaria,13,23.0,51.0,Empleado,Comercio,1 a 10 trabajadores,Si,3,2000.0
41,Mujer,Rural,Sierra,Primaria o menos,3,31.0,23.0,Trabajador independiente,Servicios,1 a 10 trabajadores,No,6,339.0
37,Mujer,Urbana,Selva,Superior no universitaria,14,13.0,52.0,Empleado,Comercio,Mas de 50 trabajadores,Si,6,4477.0
38,Hombre,Rural,Sierra,Primaria o menos,5,30.0,8.0,Obrero,Agropecuario,11 a 50 trabajadores,No,2,189.0
29,Hombre,Rural,Costa,Secundaria,8,15.0,30.0,Trabajador independiente,Agropecuario,11 a 50 trabajadores,No,2,303.0
32,Mujer,Urbana,Lima Metropolitana,Secundaria,10,12.0,50.0,Obrero,Construccion,Mas de 50 trabajadores,Si,5,1781.0
49,Mujer,Urbana,Lima Metropolitana,Secundaria,8,36.0,55.0,Empleado,"Administracion publica, educacion y salud",11 a 50 trabajadores,No,3,4555.0
24,Hombre,Urbana,Costa,Superior universitaria,16,2.0,60.0,Empleado,"Administracion publica, educacion y salud",1 a 10 trabajadores,Si,3,3071.0
50,Hombre,Urbana,Sierra,Superior universitaria,17,30.0,49.0,Empleado,Servicios,1 a 10 trabajadores,No,2,5258.0
56,Mujer,Urbana,Sierra,Secundaria,11,39.0,37.0,Trabajador independiente,Comercio,1 a 10 trabajadores,No,5,765.0
43,Hombre,Urbana,Selva,Secundaria,11,25.0,30.0,Trabajador independiente,Servicios,1 a 10 trabajadores,No,3,834.0
23,Hombre,Rural,Sierra,Secundaria,8,10.0,39.0,Obrero,Agropecuario,1 a 10 trabajadores,No,4,230.0
41,Mujer,Urbana,Costa,Secundaria,11,28.0,31.0,Empleado,Comercio,1 a 10 trabajadores,No,5,1240.0
49,Mujer,Rural,Sierra,Primaria o menos,2,43.0,51.0,Trabajador independiente,Agropecuario,1 a 10 trabajadores,No,5,220.0
38,Mujer,Urbana,Selva,Superior no universitaria,14,19.0,42.0,Empleado,Comercio,1 a 10 trabajadores,No,3,1555.0
36,Hombre,Rural,Sierra,Secundaria,11,19.0,42.0,Empleado,Agropecuario,1 a 10 trabajadores,No,2,554.0
57,Hombre,Urbana,Sierra,Superior no universitaria,14,38.0,23.0,Trabajador independiente,Agropecuario,1 a 10 trabajadores,No,6,1084.0
43,Hombre,Urbana,Sierra,Secundaria,11,26.0,51.0,Trabajador independiente,Servicios,1 a 10 trabajadores,No,5,1273.0
34,Mujer,Urbana,Costa,Secundaria,9,21.0,38.0,Empleado,Servicios,Mas de 50 trabajadores,,4,1636.0
23,Mujer,Urbana,Lima Metropolitana,Superior no universitaria,12,8.0,8.0,Trabajador independiente,Servicios,1 a 10 trabajadores,No,4,309.0
29,Mujer,Rural,Sierra,Secundaria,7,15.0,41.0,Empleado,Agropecuario,11 a 50 trabajadores,Si,4,208.0
34,Mujer,Urbana,Costa,Secundaria,11,15.0,43.0,Empleado,"Administracion publica, educacion y salud",1 a 10 trabajadores,No,4,2111.0
22,Mujer,Urbana,Lima Metropolitana,Secundaria,10,2.0,35.0,Obrero,"Administracion publica, educacion y salud",1 a 10 trabajadores,No,2,1493.0
46,Mujer,Urbana,Costa,Superior no universitaria,13,31.0,41.0,Empleado,Manufactura,Mas de 50 trabajadores,Si,6,2655.0
43,Hombre,Rural,Sierra,Primaria o menos,2,36.0,36.0,Empleado,Agropecuario,11 a 50 trabajadores,Si,2,460.0
26,Hombre,Urbana,Lima Metropolitana,Superior universitaria,16,7.0,36.0,Obrero,"Administracion publica, educacion y salud",11 a 50 trabajadores,Si,4,6402.0
30,Mujer,Rural,Selva,Secundaria,9,17.0,30.0,Trabajador independiente,Manufactura,1 a 10 trabajadores,No,3,324.0
31,Hombre,Rural,Sierra,Secundaria,11,10.0,41.0,Trabajador independiente,Agropecuario,1 a 10 trabajadores,No,5,172.0
28,Mujer,Rural,Selva,Primaria o menos,5,21.0,34.0,Trabajador independiente,Servicios,1 a 10 trabajadores,No,7,456.0
28,Hombre,Urbana,Lima Metropolitana,Secundaria,7,16.0,45.0,Empleado,Comercio,Mas de 50 trabajadores,Si,3,1288.0
33,Mujer,Urbana,Costa,Secundaria,11,16.0,29.0,Empleado,Comercio,11 a 50 trabajadores,No,3,1222.0
55,Hombre,Urbana,Costa,Superior universitaria,17,26.0,37.0,Obrero,Servicios,Mas de 50 trabajadores,No,4,2402.0
39,Hombre,Urbana,Sierra,Secundaria,8,24.0,46.0,Empleado,Servicios,Mas de 50 trabajadores,Si,4,1933.0
30,Hombre,Urbana,Costa,Superior universitaria,14,9.0,53.0,Empleado,Servicios,11 a 50 trabajadores,Si,4,2362.0
39,Hombre,Urbana,Sierra,Superior universitaria,15,19.0,46.0,Trabajador independiente,Servicios,1 a 10 trabajadores,No,4,2635.0
30,Hombre,Urbana,Costa,Superior universitaria,16,7.0,52.0,Empleado,Manufactura,Mas de 50 trabajadores,No,2,3248.0
22,Hombre,Rural,Selva,Secundaria,11,6.0,62.0,Trabajador independiente,Agropecuario,1 a 10 trabajadores,No,6,243.0
28,Hombre,Urbana,Lima Metropolitana,Superior no universitaria,14,5.0,26.0,Empleador,Servicios,1 a 10 trabajadores,No,3,2350.0
62,Mujer,Urbana,Costa,Superior no universitaria,14,41.0,21.0,Trabajador independiente,Comercio,1 a 10 trabajadores,No,5,1263.0
41,Mujer,Rural,Selva,Primaria o menos,5,32.0,30.0,Trabajador independiente,Manufactura,1 a 10 trabajadores,No,3,422.0
44,Hombre,Urbana,Lima Metropolitana,Superior universitaria,17,23.0,32.0,Empleado,Comercio,1 a 10 trabajadores,Si,3,4707.0
46,Mujer,Rural,Sierra,Secundaria,9,33.0,30.0,Trabajador independiente,Construccion,1 a 10 trabajadores,No,5,251.0
49,Hombre,Urbana,Lima Metropolitana,Primaria o menos,5,40.0,38.0,Empleado,"Administracion publica, educacion y salud",Mas de 50 trabajadores,Si,3,1858.0
41,Mujer,Urbana,Sierra,Secundaria,9,22.0,55.0,Trabajador independiente,Comercio,1 a 10 trabajadores,No,3,756.0
39,Mujer,Urbana,Costa,Secundaria,11,19.0,39.0,Trabajador independiente,Comercio,1 a 10 trabajadores,No,3,640.0
46,Hombre,Urbana,Lima Metropolitana,Secundaria,8,28.0,52.0,Empleado,Comercio,1 a 10 trabajadores,No,3,1559.0
41,Hombre,Urbana,Sierra,Superior universitaria,14,20.0,57.0,Empleado,Servicios,11 a 50 trabajadores,Si,7,2926.0
62,Mujer,Urbana,Costa,Secundaria,10,45.0,53.0,Trabajador independiente,Servicios,Mas de 50 trabajadores,Si,4,1742.0
32,Hombre,Urbana,Selva,Secundaria,9,18.0,37.0,Empleado,Comercio,1 a 10 trabajadores,No,4,1324.0
35,Mujer,Urbana,Lima Metropolitana,Primaria o menos,6,25.0,53.0,Trabajador independiente,Manufactura,1 a 10 trabajadores,No,2,732.0
39,Mujer,Urbana,Lima Metropolitana,Secundaria,7,28.0,30.0,Trabajador independiente,Servicios,1 a 10 trabajadores,No,3,937.0
37,Hombre,Urbana,Costa,Superior universitaria,15,17.0,33.0,Empleado,"Administracion publica, educacion y salud",1 a 10 trabajadores,No,4,2411.0
52,Mujer,Rural,Sierra,Secundaria,10,38.0,40.0,Obrero,Agropecuario,1 a 10 trabajadores,No,6,280.0
65,Mujer,Urbana,Lima Metropolitana,Secundaria,8,45.0,60.0,Trabajador independiente,Agropecuario,1 a 10 trabajadores,No,5,431.0
38,Mujer,Urbana,Sierra,Secundaria,11,21.0,29.0,Empleador,Comercio,11 a 50 trabajadores,Si,4,3328.0
49,Hombre,Urbana,Selva,Superior universitaria,14,26.0,40.0,Empleado,Servicios,11 a 50 trabajadores,No,3,2919.0
32,Hombre,Rural,Costa,Secundaria,9,19.0,33.0,Trabajador independiente,Agropecuario,1 a 10 trabajadores,No,4,205.0
29,Hombre,Rural,Sierra,Primaria o menos,5,23.0,52.0,Obrero,Manufactura,1 a 10 trabajadores,No,5,365.0
34,Hombre,Urbana,Costa,Superior no universitaria,13,18.0,48.0,Trabajador independiente,Manufactura,1 a 10 trabajadores,No,2,2675.0
61,Hombre,Urbana,Lima Metropolitana,Secundaria,10,42.0,54.0,Empleado,Servicios,11 a 50 trabajadores,No,6,2345.0
51,Hombre,Urbana,Sierra,Secundaria,11,37.0,38.0,Empleado,"Administracion publica, educacion y salud",11 a 50 trabajadores,Si,3,1799.0
54,Mujer,Rural,Sierra,Primaria o menos,2,42.0,26.0,Trabajador independiente,Agropecuario,1 a 10 trabajadores,No,2,150.0
51,Hombre,Rural,Costa,Primaria o menos,2,45.0,43.0,Trabajador independiente,Agropecuario,1 a 10 trabajadores,No,6,197.0
38,Hombre,Rural,Sierra,Primaria o menos,2,30.0,36.0,Trabajador independiente,Manufactura,1 a 10 trabajadores,No,4,219.0
32,Hombre,Urbana,Costa,Superior no universitaria,15,12.0,17.0,Trabajador independiente,"Administracion publica, educacion y salud",1 a 10 trabajadores,No,3,2557.0
29,Hombre,Urbana,Lima Metropolitana,Primaria o menos,5,16.0,44.0,Trabajador independiente,Agropecuario,11 a 50 trabajadores,No,2,483.0
50,Mujer,Urbana,Costa,Secundaria,11,31.0,52.0,Empleado,Comercio,Mas de 50 trabajadores,No,4,2024.0
31,Mujer,Urbana,Sierra,Secundaria,10,11.0,52.0,Trabajador independiente,Agropecuario,1 a 10 trabajadores,No,2,571.0
45,Mujer,Urbana,Costa,Secundaria,8,29.0,47.0,Empleado,"Administracion publica, educacion y salud",1 a 10 trabajadores,No,5,909.0
45,Mujer,Urbana,Lima Metropolitana,Secundaria,8,30.0,20.0,Trabajador independiente,Construccion,1 a 10 trabajadores,No,3,701.0
61,Mujer,Urbana,Costa,Superior no universitaria,15,42.0,48.0,Empleador,Servicios,11 a 50 trabajadores,No,8,5706.0
48,Mujer,Urbana,Lima Metropolitana,Primaria o menos,5,35.0,45.0,Empleado,Servicios,11 a 50 trabajadores,No,2,1228.0
31,Hombre,Urbana,Costa,Secundaria,8,16.0,39.0,Obrero,Comercio,11 a 50 trabajadores,No,3,591.0
39,Mujer,Urbana,Costa,Secundaria,10,23.0,42.0,Empleado,Servicios,Mas de 50 trabajadores,Si,2,3368.0
41,Mujer,Urbana,Lima Metropolitana,Secundaria,10,23.0,28.0,Obrero,Servicios,1 a 10 trabajadores,No,5,658.0
27,Mujer,Urbana,Sierra,Superior no universitaria,12,10.0,22.0,Obrero,Comercio,1 a 10 trabajadores,No,7,598.0
18,Hombre,Rural,Sierra,Superior universitaria,15,0.0,44.0,Trabajador independiente,Agropecuario,1 a 10 trabajadores,No,6,260.0
41,Hombre,Rural,Sierra,Superior universitaria,14,22.0,37.0,Empleado,Agropecuario,11 a 50 trabajadores,No,3,660.0
29,Hombre,Rural,Sierra,Secundaria,9,14.0,47.0,Obrero,Manufactura,1 a 10 trabajadores,No,7,586.0
32,Hombre,Urbana,Costa,Secundaria,8,17.0,41.0,Trabajador independiente,"Administracion publica, educacion y salud",1 a 10 trabajadores,No,7,1146.0
30,Hombre,Urbana,Costa,Secundaria,8,15.0,37.0,Empleado,Servicios,1 a 10 trabajadores,No,4,835.0
32,Hombre,Urbana,Lima Metropolitana,Superior universitaria,15,12.0,50.0,Empleado,"Administracion publica, educacion y salud",Mas de 50 trabajadores,Si,2,7903.0
42,Mujer,Urbana,Lima Metropolitana,Superior universitaria,17,20.0,45.0,Trabajador independiente,Servicios,1 a 10 trabajadores,No,9,3383.0
41,Hombre,Rural,Sierra,Primaria o menos,2,33.0,55.0,Empleador,Agropecuario,1 a 10 trabajadores,No,3,404.0
28,Mujer,Urbana,Sierra,Secundaria,11,9.0,66.0,Obrero,Manufactura,11 a 50 trabajadores,No,3,1055.0
51,Hombre,Urbana,Sierra,Superior universitaria,15,29.0,65.0,Trabajador independiente,Manufactura,1 a 10 trabajadores,No,3,2938.0
39,Hombre,Urbana,Lima Metropolitana,Superior no universitaria,12,23.0,36.0,Trabajador independiente,"Administracion publica, educacion y salud",1 a 10 trabajadores,No,3,1786.0
32,Hombre,Rural,Sierra,Secundaria,7,19.0,34.0,Empleador,Agropecuario,1 a 10 trabajadores,No,7,545.0
37,Mujer,Urbana,Sierra,Secundaria,11,,21.0,Obrero,"Administracion publica, educacion y salud",Mas de 50 trabajadores,Si,2,1387.0
49,Mujer,Urbana,Lima Metropolitana,Superior universitaria,14,26.0,60.0,Trabajador independiente,Comercio,1 a 10 trabajadores,No,6,2280.0
26,Mujer,Urbana,Costa,Primaria o menos,4,16.0,50.0,Trabajador independiente,Manufactura,1 a 10 trabajadores,No,6,552.0
25,Hombre,Urbana,Lima Metropolitana,Secundaria,9,8.0,57.0,Trabajador independiente,Servicios,1 a 10 trabajadores,No,4,1278.0
19,Mujer,Urbana,Lima Metropolitana,Secundaria,11,1.0,47.0,Empleado,Comercio,1 a 10 trabajadores,No,6,1234.0
52,Mujer,Urbana,Lima Metropolitana,Secundaria,7,38.0,70.0,Empleado,Servicios,1 a 10 trabajadores,,5,1400.0
44,Hombre,Rural,Sierra,Primaria o menos,5,32.0,40.0,Trabajador independiente,Agropecuario,1 a 10 trabajadores,No,6,217.0
29,Mujer,Urbana,Lima Metropolitana,Secundaria,10,12.0,64.0,Empleado,"Administracion publica, educacion y salud",11 a 50 trabajadores,No,5,2526.0
34,Hombre,Urbana,Selva,Superior no universitaria,15,12.0,33.0,Empleado,Agropecuario,11 a 50 trabajadores,Si,4,1870.0
48,Mujer,Urbana,Lima Metropolitana,Superior universitaria,14,26.0,52.0,Empleado,Servicios,Mas de 50 trabajadores,Si,4,6197.0
31,Hombre,Urbana,Costa,Superior no universitaria,15,11.0,32.0,Obrero,Manufactura,Mas de 50 trabajadores,Si,5,2903.0
35,Hombre,Rural,Sierra,Primaria o menos,2,25.0,40.0,Empleado,Agropecuario,1 a 10 trabajadores,No,5,317.0
41,Mujer,Urbana,Sierra,Superior universitaria,15,21.0,43.0,Empleado,Servicios,11 a 50 trabajadores,Si,3,2138.0
28,Mujer,Urbana,Costa,Secundaria,11,13.0,39.0,Trabajador independiente,"Administracion publica, educacion y salud",1 a 10 trabajadores,No,3,1395.0
52,Hombre,Urbana,Costa,Secundaria,10,38.0,57.0,Trabajador independiente,Manufactura,11 a 50 trabajadores,No,6,2025.0
34,Mujer,Rural,Sierra,Primaria o menos,5,25.0,56.0,Trabajador independiente,Agropecuario,1 a 10 trabajadores,No,3,363.0
44,Hombre,Urbana,Costa,Superior no universitaria,12,29.0,56.0,Obrero,Servicios,1 a 10 trabajadores,No,5,1632.0
32,Hombre,Urbana,Sierra,Secundaria,11,13.0,64.0,Empleado,Comercio,1 a 10 trabajadores,Si,3,1028.0
32,Hombre,Urbana,Sierra,Primaria o menos,6,19.0,24.0,Trabajador independiente,Construccion,1 a 10 trabajadores,No,5,393.0
54,Mujer,Urbana,Lima Metropolitana,Secundaria,8,41.0,15.0,Empleado,Servicios,Mas de 50 trabajadores,No,3,599.0
46,Hombre,Urbana,Selva,Superior universitaria,17,24.0,36.0,Trabajador independiente,Servicios,Mas de 50 trabajadores,Si,7,3449.0
46,Mujer,Rural,Sierra,Secundaria,8,32.0,34.0,Trabajador independiente,Agropecuario,1 a 10 trabajadores,No,6,187.0
44,Mujer,Rural,Sierra,Secundaria,7,30.0,35.0,Trabajador independiente,Construccion,1 a 10 trabajadores,No,4,531.0
29,Mujer,Urbana,Sierra,Superior no universitaria,13,9.0,37.0,Empleado,Comercio,11 a 50 trabajadores,Si,4,2105.0
44,Hombre,Urbana,Lima Metropolitana,Secundaria,7,32.0,,Empleado,"Administracion publica, educacion y salud",Mas de 50 trabajadores,Si,3,1765.0
39,Mujer,Urbana,Sierra,Superior universitaria,14,16.0,21.0,Trabajador independiente,Servicios,1 a 10 trabajadores,No,4,1426.0
38,Mujer,Urbana,Lima Metropolitana,Superior universitaria,15,19.0,20.0,Empleado,Servicios,Mas de 50 trabajadores,Si,1,4551.0
38,Hombre,Rural,Sierra,Secundaria,10,21.0,42.0,Empleado,Comercio,Mas de 50 trabajadores,Si,3,1036.0
40,Hombre,Urbana,Sierra,Secundaria,10,22.0,32.0,Empleado,"Administracion publica, educacion y salud",Mas de 50 trabajadores,Si,5,2257.0
29,Hombre,Urbana,Lima Metropolitana,Superior universitaria,15,8.0,33.0,Empleado,Agropecuario,1 a 10 trabajadores,Si,4,2291.0
44,Mujer,Urbana,Lima Metropolitana,Superior universitaria,17,18.0,57.0,Empleado,Manufactura,11 a 50 trabajadores,Si,4,6379.0
35,Mujer,Rural,Selva,Superior no universitaria,13,19.0,22.0,Obrero,Agropecuario,1 a 10 trabajadores,No,6,330.0
34,Mujer,Rural,Selva,Primaria o menos,5,26.0,37.0,Trabajador independiente,Agropecuario,1 a 10 trabajadores,No,2,225.0
44,Mujer,Rural,Costa,Secundaria,11,25.0,44.0,Trabajador independiente,Agropecuario,1 a 10 trabajadores,No,5,466.0
40,Hombre,Urbana,Sierra,Secundaria,10,22.0,44.0,Empleado,Manufactura,Mas de 50 trabajadores,Si,3,1913.0
38,Hombre,Urbana,Costa,Secundaria,9,20.0,28.0,Trabajador independiente,Comercio,1 a 10 trabajadores,No,3,798.0
48,Hombre,Rural,Sierra,Primaria o menos,5,37.0,36.0,Empleador,Agropecuario,1 a 10 trabajadores,No,6,295.0
40,Mujer,Rural,Sierra,Superior universitaria,15,18.0,48.0,Empleado,Agropecuario,1 a 10 trabajadores,Si,3,1079.0
38,Hombre,Urbana,Lima Metropolitana,Secundaria,7,26.0,29.0,Empleado,Comercio,Mas de 50 trabajadores,Si,3,2116.0
40,Mujer,Urbana,Selva,Secundaria,10,24.0,56.0,Trabajador independiente,Servicios,1 a 10 trabajadores,No,9,734.0
41,Hombre,Urbana,Sierra,Superior no universitaria,14,22.0,47.0,Trabajador independiente,"Administracion publica, educacion y salud",1 a 10 trabajadores,No,4,2619.0
47,Hombre,Rural,Sierra,Secundaria,8,36.0,62.0,Trabajador independiente,Comercio,1 a 10 trabajadores,No,1,446.0
58,Hombre,Urbana,Costa,Secundaria,7,45.0,32.0,Empleado,Servicios,11 a 50 trabajadores,No,5,761.0
50,Hombre,Urbana,Lima Metropolitana,Secundaria,8,34.0,44.0,Obrero,Servicios,1 a 10 trabajadores,No,5,1184.0
51,Mujer,Rural,Selva,Primaria o menos,2,43.0,61.0,Trabajador independiente,Agropecuario,1 a 10 trabajadores,No,5,150.0
33,Mujer,Urbana,Sierra,Secundaria,9,20.0,8.0,Empleado,"Administracion publica, educacion y salud",11 a 50 trabajadores,Si,4,1166.0
18,Hombre,Urbana,Sierra,Secundaria,8,6.0,42.0,Trabajador independiente,Comercio,1 a 10 trabajadores,No,5,558.0
37,Hombre,Urbana,Sierra,Superior no universitaria,15,15.0,19.0,Empleado,Servicios,1 a 10 trabajadores,No,7,1860.0
40,Mujer,Rural,Costa,Secundaria,11,23.0,44.0,Obrero,Manufactura,11 a 50 trabajadores,No,4,636.0
44,Hombre,Rural,Selva,Primaria o menos,5,32.0,31.0,Trabajador independiente,Agropecuario,1 a 10 trabajadores,No,7,375.0
41,Mujer,Urbana,Costa,Primaria o menos,2,34.0,44.0,Obrero,"Administracion publica, educacion y salud",11 a 50 trabajadores,No,4,565.0
33,Mujer,Rural,Sierra,Secundaria,11,17.0,28.0,Trabajador independiente,Construccion,1 a 10 trabajadores,No,2,254.0
59,Mujer,Rural,Selva,Primaria o menos,4,45.0,41.0,Trabajador independiente,Agropecuario,1 a 10 trabajadores,No,2,187.0
32,Hombre,Urbana,Costa,Secundaria,7,19.0,54.0,Empleado,Comercio,Mas de 50 trabajadores,Si,4,2031.0
23,Mujer,Rural,Sierra,Secundaria,8,13.0,49.0,Trabajador independiente,Servicios,1 a 10 trabajadores,No,2,381.0
27,Hombre,Urbana,Costa,Superior no universitaria,12,7.0,46.0,Trabajador independiente,Comercio,1 a 10 trabajadores,No,4,978.0
46,Mujer,Urbana,Costa,Secundaria,10,30.0,45.0,Trabajador independiente,Agropecuario,1 a 10 trabajadores,No,6,486.0
57,Mujer,Urbana,Selva,Secundaria,7,44.0,44.0,Obrero,Servicios,Mas de 50 trabajadores,No,5,1057.0
29,Mujer,Urbana,Selva,Primaria o menos,3,21.0,46.0,Obrero,Servicios,1 a 10 trabajadores,No,4,397.0
53,Mujer,Urbana,Lima Metropolitana,Superior universitaria,14,31.0,35.0,Empleado,Comercio,Mas de 50 trabajadores,No,3,2121.0
36,Hombre,Rural,Selva,Secundaria,8,23.0,36.0,Trabajador independiente,Agropecuario,1 a 10 trabajadores,No,2,283.0
47,Mujer,Urbana,Sierra,Superior no universitaria,15,26.0,55.0,Empleador,Manufactura,11 a 50 trabajadores,No,6,4868.0
49,Hombre,Urbana,Selva,Superior no universitaria,12,32.0,51.0,Trabajador independiente,Manufactura,1 a 10 trabajadores,No,8,1238.0
57,Hombre,Rural,Sierra,Primaria o menos,2,45.0,48.0,Empleado,Agropecuario,11 a 50 trabajadores,No,7,277.0
36,Hombre,Rural,Sierra,Secundaria,11,18.0,53.0,Trabajador independiente,Comercio,1 a 10 trabajadores,No,1,378.0
32,Mujer,Rural,Sierra,Primaria o menos,6,17.0,36.0,Empleado,"Administracion publica, educacion y salud",1 a 10 trabajadores,No,3,310.0
24,Hombre,Urbana,Sierra,Secundaria,10,9.0,30.0,Trabajador independiente,Comercio,1 a 10 trabajadores,No,3,854.0
21,Mujer,Rural,Sierra,Primaria o menos,6,5.0,44.0,Trabajador independiente,Agropecuario,1 a 10 trabajadores,No,3,231.0
55,Hombre,Urbana,Lima Metropolitana,Superior universitaria,17,37.0,49.0,Empleador,Comercio,1 a 10 trabajadores,No,6,4170.0
39,Hombre,Urbana,Selva,Secundaria,11,20.0,35.0,Trabajador independiente,"Administracion publica, educacion y salud",1 a 10 trabajadores,No,6,1237.0
28,Mujer,Rural,Sierra,Primaria o menos,3,20.0,14.0,Empleado,Agropecuario,1 a 10 trabajadores,No,6,162.0
21,Hombre,Rural,Sierra,Primaria o menos,6,7.0,25.0,Trabajador independiente,Comercio,1 a 10 trabajadores,No,6,180.0
18,Hombre,Urbana,Lima Metropolitana,Superior universitaria,16,0.0,53.0,Empleado,Servicios,Mas de 50 trabajadores,Si,9,6596.0
34,Hombre,Urbana,Costa,Secundaria,8,18.0,44.0,Obrero,Comercio,Mas de 50 trabajadores,No,5,895.0
43,Hombre,Urbana,Sierra,Superior no universitaria,13,24.0,43.0,Trabajador independiente,"Administracion publica, educacion y salud",1 a 10 trabajadores,Si,5,1343.0
26,Hombre,Urbana,Lima Metropolitana,Superior no universitaria,15,4.0,21.0,Obrero,Comercio,11 a 50 trabajadores,Si,3,2595.0
41,Mujer,Urbana,Sierra,Primaria o menos,5,26.0,30.0,Trabajador independiente,Manufactura,1 a 10 trabajadores,No,4,476.0
28,Hombre,Urbana,Lima Metropolitana,Secundaria,8,16.0,25.0,Empleado,Servicios,11 a 50 trabajadores,Si,5,1411.0
19,Hombre,Urbana,Lima Metropolitana,Primaria o menos,4,10.0,34.0,Empleador,Servicios,Mas de 50 trabajadores,No,3,692.0
37,Hombre,Urbana,Costa,Superior universitaria,16,13.0,29.0,Trabajador independiente,Comercio,1 a 10 trabajadores,Si,6,1565.0
49,Mujer,Urbana,Lima Metropolitana,Secundaria,10,36.0,47.0,Obrero,Servicios,11 a 50 trabajadores,No,3,1751.0
24,Hombre,Urbana,Costa,Superior no universitaria,15,3.0,35.0,Empleado,Servicios,1 a 10 trabajadores,Si,3,1607.0
40,Hombre,Urbana,Lima Metropolitana,Superior universitaria,17,15.0,27.0,Empleado,Construccion,1 a 10 trabajadores,No,1,3515.0
24,Mujer,Urbana,Selva,Secundaria,8,14.0,51.0,Trabajador independiente,Servicios,1 a 10 trabajadores,No,8,503.0
25,Mujer,Urbana,Sierra,Secundaria,7,9.0,33.0,Empleado,Comercio,11 a 50 trabajadores,Si,6,447.0
36,Hombre,Urbana,Costa,Secundaria,7,23.0,45.0,Obrero,Manufactura,Mas de 50 trabajadores,Si,4,1246.0
34,Hombre,Rural,Sierra,Secundaria,7,19.0,14.0,Trabajador independiente,Agropecuario,1 a 10 trabajadores,No,3,181.0
18,Hombre,Urbana,Lima Metropolitana,Superior universitaria,15,0.0,11.0,Trabajador independiente,Comercio,1 a 10 trabajadores,No,6,1125.0
45,Hombre,Urbana,Costa,Superior universitaria,14,22.0,69.0,Empleado,Comercio,11 a 50 trabajadores,Si,3,3122.0
43,Mujer,Urbana,Lima Metropolitana,Secundaria,7,31.0,39.0,Empleado,"Administracion publica, educacion y salud",1 a 10 trabajadores,No,3,1044.0
29,Hombre,Urbana,Selva,Superior universitaria,16,8.0,35.0,Trabajador independiente,Comercio,1 a 10 trabajadores,No,4,830.0
36,Mujer,Urbana,Selva,Secundaria,10,20.0,25.0,Empleado,Construccion,Mas de 50 trabajadores,Si,4,1828.0
61,Hombre,Urbana,Lima Metropolitana,Superior universitaria,14,38.0,35.0,Empleado,"Administracion publica, educacion y salud",1 a 10 trabajadores,Si,3,4500.0
39,Hombre,Urbana,Costa,Superior universitaria,15,18.0,51.0,Empleado,Construccion,Mas de 50 trabajadores,Si,2,5216.0
24,Mujer,Urbana,Selva,Secundaria,7,13.0,11.0,Empleado,"Administracion publica, educacion y salud",1 a 10 trabajadores,Si,4,561.0
28,Hombre,Urbana,Lima Metropolitana,Primaria o menos,6,16.0,44.0,Trabajador independiente,Comercio,1 a 10 trabajadores,No,4,464.0
34,Hombre,Urbana,Selva,Secundaria,11,17.0,52.0,Obrero,Manufactura,11 a 50 trabajadores,Si,4,2668.0
54,Mujer,Urbana,Lima Metropolitana,Superior no universitaria,13,37.0,46.0,Trabajador independiente,Servicios,1 a 10 trabajadores,No,4,1847.0
64,Hombre,Urbana,Lima Metropolitana,Superior no universitaria,12,45.0,59.0,Trabajador independiente,Manufactura,11 a 50 trabajadores,No,8,1335.0
54,Hombre,Urbana,Costa,Superior no universitaria,15,33.0,23.0,Empleado,Comercio,Mas de 50 trabajadores,Si,6,7664.0
56,Hombre,Urbana,Lima Metropolitana,Superior universitaria,14,36.0,52.0,Trabajador independiente,Comercio,11 a 50 trabajadores,No,5,2056.0
60,Mujer,Urbana,Lima Metropolitana,Secundaria,8,45.0,41.0,Empleado,Manufactura,1 a 10 trabajadores,No,4,924.0
40,Hombre,Urbana,Selva,Secundaria,7,27.0,59.0,Empleado,"Administracion publica, educacion y salud",1 a 10 trabajadores,No,5,1570.0
49,Mujer,Urbana,Costa,Superior universitaria,14,26.0,44.0,Empleado,Construccion,1 a 10 trabajadores,Si,5,4517.0
24,Hombre,Urbana,Lima Metropolitana,Secundaria,10,9.0,50.0,Obrero,Comercio,11 a 50 trabajadores,No,3,1372.0
25,Hombre,Urbana,Lima Metropolitana,Secundaria,8,11.0,53.0,Empleado,Servicios,11 a 50 trabajadores,No,3,2435.0
34,Hombre,Rural,Sierra,Primaria o menos,3,27.0,23.0,Trabajador independiente,Manufactura,1 a 10 trabajadores,No,3,189.0
48,Hombre,Urbana,Lima Metropolitana,Secundaria,9,31.0,23.0,Trabajador independiente,Manufactura,1 a 10 trabajadores,No,3,717.0
18,Mujer,Urbana,Lima Metropolitana,Secundaria,11,0.0,46.0,Trabajador independiente,Servicios,1 a 10 trabajadores,No,4,1078.0
32,Mujer,Urbana,Lima Metropolitana,Superior universitaria,14,14.0,53.0,Empleado,Agropecuario,11 a 50 trabajadores,No,8,1609.0
38,Mujer,Urbana,Lima Metropolitana,Primaria o menos,3,28.0,47.0,Obrero,Manufactura,11 a 50 trabajadores,Si,8,476.0
19,Hombre,Urbana,Costa,Superior no universitaria,12,5.0,33.0,Empleado,Construccion,11 a 50 trabajadores,Si,2,1477.0
49,Hombre,Urbana,Lima Metropolitana,Superior no universitaria,15,31.0,42.0,Trabajador independiente,"Administracion publica, educacion y salud",1 a 10 trabajadores,No,3,2937.0
46,Mujer,Rural,Sierra,Secundaria,8,32.0,54.0,Obrero,Agropecuario,11 a 50 trabajadores,No,5,457.0
32,Hombre,Rural,Selva,Primaria o menos,5,21.0,10.0,Obrero,Agropecuario,1 a 10 trabajadores,No,3,183.0
28,Mujer,Rural,Selva,Primaria o menos,2,17.0,51.0,Trabajador independiente,Agropecuario,1 a 10 trabajadores,No,3,154.0
39,Mujer,Rural,Sierra,Posgrado,17,13.0,21.0,Empleado,Agropecuario,11 a 50 trabajadores,No,3,844.0
37,Mujer,Urbana,Costa,Primaria o menos,4,29.0,49.0,Obrero,Servicios,11 a 50 trabajadores,No,1,640.0
35,Hombre,Urbana,Lima Metropolitana,Superior universitaria,16,15.0,47.0,Empleado,Construccion,11 a 50 trabajadores,Si,5,3619.0
39,Mujer,Urbana,Lima Metropolitana,Primaria o menos,2,30.0,52.0,Empleado,Servicios,1 a 10 trabajadores,No,7,1123.0
31,Mujer,Rural,Selva,Secundaria,8,18.0,13.0,Trabajador independiente,Agropecuario,1 a 10 trabajadores,No,1,150.0
27,Mujer,Urbana,Sierra,Superior universitaria,16,7.0,48.0,Empleado,Servicios,11 a 50 trabajadores,No,5,1139.0
18,Hombre,Rural,Sierra,Secundaria,10,1.0,21.0,Trabajador independiente,Agropecuario,1 a 10 trabajadores,No,5,150.0
42,Mujer,Urbana,Costa,Primaria o menos,3,34.0,49.0,Empleado,Servicios,1 a 10 trabajadores,No,3,958.0
28,Hombre,Urbana,Selva,Superior universitaria,15,8.0,55.0,Trabajador independiente,Construccion,1 a 10 trabajadores,No,6,2105.0
32,Hombre,Urbana,Lima Metropolitana,Superior no universitaria,14,11.0,60.0,Obrero,"Administracion publica, educacion y salud",11 a 50 trabajadores,No,5,2546.0
45,Hombre,Urbana,Costa,Superior universitaria,16,23.0,33.0,Trabajador independiente,Manufactura,1 a 10 trabajadores,No,6,3486.0
42,Hombre,Urbana,Sierra,Superior universitaria,15,18.0,49.0,Empleado,Construccion,11 a 50 trabajadores,Si,4,3591.0
45,Hombre,Urbana,Sierra,Superior universitaria,17,23.0,45.0,Empleado,"Administracion publica, educacion y salud",1 a 10 trabajadores,Si,5,5783.0
38,Mujer,Rural,Sierra,Primaria o menos,5,26.0,36.0,Trabajador independiente,Manufactura,1 a 10 trabajadores,No,3,406.0
39,Mujer,Rural,Selva,Secundaria,11,24.0,31.0,Trabajador independiente,Agropecuario,1 a 10 trabajadores,No,3,580.0
38,Hombre,Rural,Sierra,Secundaria,7,23.0,39.0,Trabajador independiente,Agropecuario,1 a 10 trabajadores,No,2,245.0
52,Hombre,Rural,Sierra,Secundaria,8,40.0,31.0,Trabajador independiente,Agropecuario,1 a 10 trabajadores,No,3,388.0
56,Hombre,Urbana,Costa,Superior universitaria,16,30.0,28.0,Empleado,Manufactura,1 a 10 trabajadores,No,7,2509.0
47,Mujer,Urbana,Lima Metropolitana,Secundaria,11,31.0,38.0,Empleado,Manufactura,Mas de 50 trabajadores,Si,3,2265.0
31,Hombre,Urbana,Sierra,Primaria o menos,6,20.0,35.0,Trabajador independiente,Manufactura,1 a 10 trabajadores,No,4,523.0
45,Mujer,Rural,Selva,Primaria o menos,2,37.0,33.0,Trabajador independiente,Agropecuario,1 a 10 trabajadores,No,4,150.0
49,Mujer,Rural,Selva,Secundaria,8,36.0,41.0,Trabajador independiente,Agropecuario,1 a 10 trabajadores,No,5,259.0
19,Mujer,Rural,Costa,Superior no universitaria,12,5.0,42.0,Trabajador independiente,Agropecuario,1 a 10 trabajadores,No,4,324.0
45,Mujer,Urbana,Lima Metropolitana,Superior universitaria,16,25.0,56.0,Empleado,"Administracion publica, educacion y salud",Mas de 50 trabajadores,No,3,8135.0
20,Hombre,Urbana,Costa,Secundaria,8,4.0,55.0,Obrero,"Administracion publica, educacion y salud",1 a 10 trabajadores,No,6,617.0
59,Mujer,Rural,Sierra,Superior no universitaria,12,40.0,40.0,Obrero,Agropecuario,1 a 10 trabajadores,No,7,486.0
30,Hombre,Rural,Costa,Primaria o menos,5,22.0,43.0,Empleado,Comercio,1 a 10 trabajadores,No,7,431.0
35,Hombre,Rural,Selva,Primaria o menos,5,24.0,42.0,Trabajador independiente,Agropecuario,1 a 10 trabajadores,No,4,252.0
50,Mujer,Urbana,Lima Metropolitana,Superior universitaria,16,30.0,27.0,Trabajador independiente,"Administracion publica, educacion y salud",1 a 10 trabajadores,No,6,2029.0
28,Mujer,Urbana,Costa,Superior universitaria,15,6.0,37.0,Trabajador independiente,Servicios,1 a 10 trabajadores,No,2,1666.0
40,Mujer,Urbana,Sierra,Secundaria,10,24.0,59.0,Trabajador independiente,"Administracion publica, educacion y salud",1 a 10 trabajadores,No,5,1315.0
37,Mujer,Urbana,Costa,Secundaria,7,23.0,46.0,Obrero,Manufactura,1 a 10 trabajadores,No,5,408.0
41,Mujer,Rural,Costa,Superior universitaria,17,19.0,40.0,Trabajador independiente,Agropecuario,1 a 10 trabajadores,No,5,557.0
57,Hombre,Rural,Selva,Superior universitaria,17,34.0,54.0,Empleado,Agropecuario,1 a 10 trabajadores,No,1,919.0
25,Hombre,Urbana,Lima Metropolitana,Superior no universitaria,12,5.0,49.0,Empleado,Servicios,1 a 10 trabajadores,No,3,2004.0
46,Mujer,Urbana,Sierra,Secundaria,10,32.0,68.0,Trabajador independiente,Construccion,1 a 10 trabajadores,No,2,831.0
50,Hombre,Urbana,Sierra,Secundaria,9,35.0,30.0,Empleado,Comercio,Mas de 50 trabajadores,Si,1,1522.0
35,Mujer,Urbana,Costa,Secundaria,11,19.0,65.0,Trabajador independiente,"Administracion publica, educacion y salud",1 a 10 trabajadores,No,8,1123.0
51,Hombre,Rural,Sierra,Primaria o menos,3,41.0,39.0,Trabajador independiente,Servicios,1 a 10 trabajadores,No,2,442.0
52,Hombre,Rural,Costa,Primaria o menos,3,39.0,43.0,Trabajador independiente,"Administracion publica, educacion y salud",1 a 10 trabajadores,No,3,382.0
49,Mujer,Rural,Sierra,Secundaria,11,36.0,19.0,Obrero,"Administracion publica, educacion y salud",11 a 50 trabajadores,No,4,357.0
48,Hombre,Urbana,Sierra,Secundaria,8,36.0,50.0,Empleador,Comercio,11 a 50 trabajadores,Si,3,2238.0
38,Hombre,Urbana,Costa,Superior universitaria,17,14.0,54.0,Trabajador independiente,Comercio,11 a 50 trabajadores,No,4,2448.0
55,Hombre,Urbana,Costa,Primaria o menos,2,45.0,48.0,Trabajador independiente,Manufactura,1 a 10 trabajadores,No,1,403.0
47,Mujer,Urbana,Costa,Superior no universitaria,12,26.0,57.0,Empleado,Manufactura,1 a 10 trabajadores,No,2,1411.0
54,Hombre,Urbana,Sierra,Superior universitaria,16,35.0,30.0,Empleado,Comercio,1 a 10 trabajadores,No,6,4020.0
50,Mujer,Urbana,Lima Metropolitana,Secundaria,11,38.0,54.0,Obrero,Servicios,1 a 10 trabajadores,No,5,1688.0
36,Hombre,Urbana,Lima Metropolitana,Superior universitaria,17,15.0,45.0,Empleado,Comercio,Mas de 50 trabajadores,Si,5,6269.0
34,Hombre,Urbana,Sierra,Secundaria,8,20.0,67.0,Empleado,Comercio,Mas de 50 trabajadores,Si,2,2362.0
41,Mujer,Urbana,Lima Metropolitana,Superior no universitaria,12,26.0,36.0,Trabajador independiente,Servicios,1 a 10 trabajadores,Si,2,1349.0
30,Hombre,Urbana,Lima Metropolitana,Secundaria,7,20.0,66.0,Trabajador independiente,Comercio,1 a 10 trabajadores,No,2,638.0
35,Mujer,Urbana,Lima Metropolitana,Superior no universitaria,15,13.0,43.0,Empleado,Comercio,1 a 10 trabajadores,No,8,3360.0
26,Hombre,Urbana,Lima Metropolitana,Secundaria,8,14.0,29.0,Empleado,Comercio,Mas de 50 trabajadores,Si,3,1878.0
45,Mujer,Urbana,Lima Metropolitana,Secundaria,10,26.0,46.0,Empleado,Manufactura,11 a 50 trabajadores,Si,2,1898.0
48,Hombre,Urbana,Lima Metropolitana,Secundaria,9,33.0,58.0,Empleado,Manufactura,11 a 50 trabajadores,Si,2,2586.0
45,Mujer,Urbana,Sierra,Superior no universitaria,13,25.0,36.0,Trabajador independiente,Comercio,1 a 10 trabajadores,No,5,730.0
25,Hombre,Urbana,Lima Metropolitana,Secundaria,9,12.0,51.0,Trabajador independiente,"Administracion publica, educacion y salud",1 a 10 trabajadores,No,7,1396.0
34,Mujer,Urbana,Costa,Secundaria,11,18.0,24.0,Empleado,"Administracion publica, educacion y salud",11 a 50 trabajadores,Si,4,2085.0
26,Hombre,Urbana,Lima Metropolitana,Secundaria,10,12.0,55.0,Empleado,Comercio,Mas de 50 trabajadores,Si,3,2404.0
18,Mujer,Urbana,Costa,Superior no universitaria,14,0.0,64.0,Empleado,"Administracion publica, educacion y salud",Mas de 50 trabajadores,Si,3,3706.0
65,Mujer,Rural,Sierra,Superior universitaria,17,42.0,41.0,Empleado,Comercio,1 a 10 trabajadores,No,7,932.0
50,Mujer,Urbana,Lima Metropolitana,Superior no universitaria,15,28.0,41.0,Trabajador independiente,Servicios,1 a 10 trabajadores,No,5,1788.0
32,Mujer,Rural,Sierra,Primaria o menos,4,19.0,43.0,Empleador,Agropecuario,1 a 10 trabajadores,No,1,354.0
32,Hombre,Urbana,Costa,Superior universitaria,15,10.0,42.0,Obrero,Manufactura,Mas de 50 trabajadores,Si,7,4264.0
37,Hombre,Urbana,Lima Metropolitana,Secundaria,9,24.0,44.0,Obrero,Comercio,11 a 50 trabajadores,No,3,1275.0
40,Hombre,Rural,Sierra,Primaria o menos,6,28.0,44.0,Trabajador independiente,Agropecuario,1 a 10 trabajadores,No,3,417.0
57,Mujer,Urbana,Lima Metropolitana,Superior universitaria,15,36.0,65.0,Trabajador independiente,Manufactura,1 a 10 trabajadores,No,3,4416.0
51,Hombre,Urbana,Sierra,Superior universitaria,16,29.0,38.0,Obrero,Comercio,Mas de 50 trabajadores,No,7,3324.0
28,Mujer,Urbana,Sierra,Primaria o menos,4,17.0,32.0,Empleado,Comercio,Mas de 50 trabajadores,No,3,764.0
40,Hombre,Rural,Costa,Superior universitaria,17,19.0,42.0,Obrero,Agropecuario,11 a 50 trabajadores,Si,2,434.0
44,Hombre,Urbana,Lima Metropolitana,Superior universitaria,14,25.0,43.0,Empleado,Servicios,11 a 50 trabajadores,Si,2,6700.0
39,Mujer,Rural,Selva,Primaria o menos,5,31.0,37.0,Trabajador independiente,Agropecuario,1 a 10 trabajadores,No,4,193.0
43,Hombre,Urbana,Lima Metropolitana,Superior no universitaria,14,23.0,50.0,Trabajador independiente,Servicios,1 a 10 trabajadores,Si,2,2088.0
38,Hombre,Rural,Costa,Superior no universitaria,14,14.0,63.0,Obrero,Agropecuario,11 a 50 trabajadores,No,3,1003.0
30,Hombre,Urbana,Costa,Superior universitaria,14,7.0,42.0,Empleado,Comercio,1 a 10 trabajadores,Si,5,2261.0
56,Hombre,Urbana,Selva,Primaria o menos,2,45.0,,Trabajador independiente,Manufactura,1 a 10 trabajadores,No,9,320.0
39,Hombre,Urbana,Lima Metropolitana,Secundaria,10,25.0,58.0,Trabajador independiente,Comercio,1 a 10 trabajadores,No,6,1496.0
18,Mujer,Urbana,Lima Metropolitana,Secundaria,7,5.0,51.0,Trabajador independiente,Comercio,1 a 10 trabajadores,No,4,930.0
35,Mujer,Urbana,Lima Metropolitana,Secundaria,9,21.0,63.0,Empleado,"Administracion publica, educacion y salud",Mas de 50 trabajadores,Si,2,2724.0
22,Hombre,Urbana,Sierra,Secundaria,9,6.0,46.0,Empleado,"Administracion publica, educacion y salud",Mas de 50 trabajadores,Si,4,2300.0
46,Hombre,Urbana,Lima Metropolitana,Superior universitaria,14,30.0,58.0,Empleado,"Administracion publica, educacion y salud",1 a 10 trabajadores,No,4,4942.0
50,Mujer,Urbana,Costa,Superior no universitaria,13,29.0,45.0,Trabajador independiente,Servicios,1 a 10 trabajadores,No,1,1243.0
28,Hombre,Urbana,Selva,Secundaria,9,10.0,49.0,Empleado,Comercio,11 a 50 trabajadores,Si,4,738.0
38,Mujer,Rural,Selva,Secundaria,9,24.0,29.0,Trabajador independiente,Agropecuario,1 a 10 trabajadores,No,5,172.0
35,Mujer,Urbana,Lima Metropolitana,Primaria o menos,3,27.0,29.0,Empleado,"Administracion publica, educacion y salud",Mas de 50 trabajadores,,4,2506.0
55,Hombre,Urbana,Sierra,Secundaria,7,40.0,41.0,Trabajador independiente,Servicios,1 a 10 trabajadores,No,2,664.0
41,Mujer,Rural,Sierra,Primaria o menos,5,34.0,55.0,Trabajador independiente,Agropecuario,1 a 10 trabajadores,No,3,329.0
48,Mujer,Urbana,Lima Metropolitana,Secundaria,11,29.0,27.0,Empleado,Construccion,Mas de 50 trabajadores,No,3,1524.0
45,Hombre,Urbana,Sierra,Superior universitaria,17,20.0,51.0,Empleado,Comercio,1 a 10 trabajadores,No,7,2618.0
47,Mujer,Urbana,Lima Metropolitana,Superior universitaria,16,26.0,36.0,Empleador,Manufactura,1 a 10 trabajadores,Si,3,5172.0
31,Mujer,Rural,Sierra,Superior no universitaria,13,11.0,61.0,Empleado,Agropecuario,11 a 50 trabajadores,No,2,368.0
42,Hombre,Urbana,Sierra,Primaria o menos,4,32.0,36.0,Empleado,"Administracion publica, educacion y salud",Mas de 50 trabajadores,Si,3,1463.0
52,Hombre,Urbana,Lima Metropolitana,Superior universitaria,14,34.0,43.0,Empleado,"Administracion publica, educacion y salud",1 a 10 trabajadores,No,9,2386.0
24,Hombre,Rural,Sierra,Secundaria,9,8.0,54.0,Trabajador independiente,Agropecuario,11 a 50 trabajadores,No,4,281.0
26,Hombre,Rural,Sierra,Superior no universitaria,13,6.0,38.0,Trabajador independiente,Servicios,1 a 10 trabajadores,Si,3,611.0
39,Mujer,Rural,Sierra,Secundaria,10,24.0,,Trabajador independiente,Agropecuario,1 a 10 trabajadores,No,3,410.0
57,Mujer,Urbana,Lima Metropolitana,Secundaria,8,43.0,49.0,Empleador,Agropecuario,1 a 10 trabajadores,Si,4,1314.0
27,Hombre,Urbana,Costa,Superior universitaria,15,6.0,47.0,Trabajador independiente,Servicios,1 a 10 trabajadores,Si,3,1809.0
38,Hombre,Rural,Sierra,Primaria o menos,3,28.0,48.0,Empleado,Agropecuario,1 a 10 trabajadores,No,4,308.0
18,Hombre,Rural,Sierra,Secundaria,9,5.0,20.0,Trabajador independiente,Agropecuario,1 a 10 trabajadores,No,3,150.0
50,Mujer,Urbana,Lima Metropolitana,Secundaria,9,34.0,67.0,Trabajador independiente,Agropecuario,1 a 10 trabajadores,No,8,597.0
55,Mujer,Urbana,Costa,Secundaria,11,37.0,39.0,Trabajador independiente,Servicios,1 a 10 trabajadores,No,5,852.0
44,Hombre,Urbana,Lima Metropolitana,Secundaria,8,30.0,45.0,Obrero,Servicios,1 a 10 trabajadores,No,4,954.0
34,Mujer,Urbana,Selva,Superior universitaria,15,9.0,41.0,Empleado,Manufactura,Mas de 50 trabajadores,Si,1,4472.0
49,Hombre,Urbana,Sierra,Secundaria,9,36.0,34.0,Trabajador independiente,Comercio,11 a 50 trabajadores,No,7,1037.0
42,Mujer,Rural,Selva,Secundaria,7,27.0,29.0,Trabajador independiente,Agropecuario,1 a 10 trabajadores,No,3,227.0
27,Mujer,Urbana,Lima Metropolitana,Secundaria,11,9.0,36.0,Trabajador independiente,Comercio,1 a 10 trabajadores,No,2,1152.0
23,Hombre,Urbana,Lima Metropolitana,Secundaria,11,10.0,35.0,Empleado,Manufactura,11 a 50 trabajadores,No,4,2035.0
25,Mujer,Urbana,Sierra,Secundaria,9,8.0,34.0,Empleado,"Administracion publica, educacion y salud",1 a 10 trabajadores,No,3,989.0
22,Mujer,Urbana,Costa,Secundaria,9,6.0,52.0,Empleado,Agropecuario,1 a 10 trabajadores,No,4,793.0
44,Hombre,Urbana,Lima Metropolitana,Secundaria,8,32.0,48.0,Trabajador independiente,Manufactura,1 a 10 trabajadores,No,2,1086.0
50,Mujer,Urbana,Lima Metropolitana,Superior universitaria,16,29.0,29.0,Empleado,Comercio,Mas de 50 trabajadores,No,9,5171.0
22,Hombre,Rural,Selva,Secundaria,10,6.0,45.0,Empleador,Agropecuario,Mas de 50 trabajadores,No,6,986.0
49,Mujer,Rural,Sierra,Secundaria,10,33.0,39.0,Trabajador independiente,"Administracion publica, educacion y salud",1 a 10 trabajadores,No,5,800.0
35,Hombre,Urbana,Costa,Superior no universitaria,12,16.0,37.0,Obrero,Manufactura,1 a 10 trabajadores,No,3,749.0
29,Hombre,Urbana,Selva,Secundaria,11,11.0,59.0,Obrero,Comercio,11 a 50 trabajadores,No,7,2187.0
31,Mujer,Rural,Selva,Primaria o menos,2,24.0,41.0,Empleador,Agropecuario,11 a 50 trabajadores,No,1,280.0
49,Hombre,Urbana,Lima Metropolitana,Secundaria,8,36.0,49.0,Trabajador independiente,Comercio,1 a 10 trabajadores,No,4,1219.0
37,Mujer,Urbana,Lima Metropolitana,Superior no universitaria,13,19.0,69.0,Empleado,Comercio,1 a 10 trabajadores,Si,4,2168.0
43,Hombre,Rural,Selva,Superior no universitaria,12,30.0,40.0,Trabajador independiente,Construccion,1 a 10 trabajadores,No,3,873.0
31,Hombre,Urbana,Lima Metropolitana,Secundaria,7,21.0,32.0,Trabajador independiente,Servicios,1 a 10 trabajadores,No,5,518.0
29,Hombre,Urbana,Costa,Superior universitaria,17,6.0,67.0,Empleado,"Administracion publica, educacion y salud",Mas de 50 trabajadores,Si,3,5466.0
25,Hombre,Urbana,Lima Metropolitana,Secundaria,10,11.0,51.0,Empleado,"Administracion publica, educacion y salud",1 a 10 trabajadores,No,5,1368.0
33,Hombre,Urbana,Sierra,Superior no universitaria,14,11.0,46.0,Obrero,Comercio,11 a 50 trabajadores,Si,3,2760.0
21,Mujer,Urbana,Selva,Superior universitaria,17,0.0,53.0,Trabajador independiente,"Administracion publica, educacion y salud",1 a 10 trabajadores,No,4,1493.0
47,Hombre,Urbana,Sierra,Superior universitaria,15,29.0,33.0,Empleado,Servicios,Mas de 50 trabajadores,Si,3,5392.0
42,Hombre,Urbana,Lima Metropolitana,Superior universitaria,15,18.0,61.0,Trabajador independiente,Agropecuario,1 a 10 trabajadores,No,5,2364.0
35,Hombre,Rural,Sierra,Primaria o menos,6,24.0,42.0,Empleador,Comercio,1 a 10 trabajadores,No,2,617.0
28,Hombre,Urbana,Lima Metropolitana,Secundaria,7,16.0,53.0,Trabajador independiente,Comercio,11 a 50 trabajadores,No,6,881.0
18,Hombre,Rural,Sierra,Superior universitaria,16,0.0,51.0,Trabajador independiente,Servicios,11 a 50 trabajadores,No,4,680.0
31,Hombre,Urbana,Lima Metropolitana,Secundaria,9,15.0,52.0,Empleado,Comercio,11 a 50 trabajadores,Si,2,1769.0
19,Mujer,Urbana,Sierra,Superior universitaria,17,0.0,49.0,Empleado,Comercio,11 a 50 trabajadores,Si,5,2333.0
44,Hombre,Urbana,Lima Metropolitana,Secundaria,9,26.0,52.0,Empleado,Agropecuario,Mas de 50 trabajadores,Si,5,2754.0
42,Hombre,Urbana,Costa,Secundaria,11,25.0,37.0,Trabajador independiente,Comercio,1 a 10 trabajadores,No,4,664.0
41,Mujer,Urbana,Lima Metropolitana,Posgrado,17,16.0,57.0,Empleado,"Administracion publica, educacion y salud",1 a 10 trabajadores,Si,4,9949.0
18,Mujer,Urbana,Lima Metropolitana,Superior universitaria,14,0.0,33.0,Obrero,Servicios,11 a 50 trabajadores,No,2,776.0
45,Hombre,Urbana,Costa,Primaria o menos,6,32.0,62.0,Trabajador independiente,Servicios,1 a 10 trabajadores,No,4,693.0
32,Mujer,Rural,Sierra,Primaria o menos,5,22.0,34.0,Obrero,Agropecuario,1 a 10 trabajadores,No,5,168.0
47,Mujer,Urbana,Costa,Secundaria,10,32.0,37.0,Empleado,Servicios,1 a 10 trabajadores,No,2,1183.0
21,Hombre,Urbana,Lima Metropolitana,Superior no universitaria,15,0.0,41.0,Empleado,Servicios,Mas de 50 trabajadores,No,5,2062.0
42,Hombre,Urbana,Lima Metropolitana,Superior universitaria,15,19.0,,Empleado,"Administracion publica, educacion y salud",1 a 10 trabajadores,Si,7,4079.0
40,Hombre,Urbana,Costa,Secundaria,7,26.0,47.0,Obrero,Manufactura,Mas de 50 trabajadores,No,4,1128.0
47,Mujer,Urbana,Lima Metropolitana,Superior universitaria,15,28.0,34.0,Empleado,Construccion,1 a 10 trabajadores,Si,1,3969.0
32,Mujer,Urbana,Costa,Superior no universitaria,13,11.0,58.0,Obrero,"Administracion publica, educacion y salud",Mas de 50 trabajadores,Si,4,2913.0
33,Hombre,Urbana,Lima Metropolitana,Superior universitaria,14,12.0,31.0,Empleado,Servicios,Mas de 50 trabajadores,No,6,3537.0
18,Hombre,Urbana,Costa,Primaria o menos,5,8.0,41.0,Empleador,Servicios,1 a 10 trabajadores,,7,663.0
18,Mujer,Urbana,Sierra,Secundaria,8,2.0,45.0,Empleado,Comercio,11 a 50 trabajadores,No,5,599.0
19,Hombre,Urbana,Lima Metropolitana,Secundaria,9,1.0,43.0,Trabajador independiente,Manufactura,1 a 10 trabajadores,No,3,868.0
53,Mujer,Urbana,Lima Metropolitana,Secundaria,8,38.0,23.0,Empleado,Servicios,Mas de 50 trabajadores,Si,5,2884.0
37,Hombre,Urbana,Costa,Superior universitaria,14,17.0,43.0,Trabajador independiente,Comercio,1 a 10 trabajadores,No,5,1573.0
31,Hombre,Rural,Sierra,Superior no universitaria,13,13.0,51.0,Trabajador independiente,Agropecuario,1 a 10 trabajadores,No,3,552.0
30,Hombre,Urbana,Costa,Secundaria,7,19.0,30.0,Trabajador independiente,Manufactura,1 a 10 trabajadores,No,6,599.0
18,Hombre,Urbana,Lima Metropolitana,Superior no universitaria,13,0.0,33.0,Trabajador independiente,"Administracion publica, educacion y salud",1 a 10 trabajadores,No,6,634.0
35,Mujer,Urbana,Lima Metropolitana,Secundaria,7,21.0,44.0,Trabajador independiente,Comercio,1 a 10 trabajadores,No,4,892.0
47,Hombre,Urbana,Costa,Superior universitaria,14,26.0,56.0,Trabajador independiente,Servicios,1 a 10 trabajadores,No,3,2699.0
21,Mujer,Urbana,Sierra,Superior no universitaria,13,1.0,19.0,Empleado,Manufactura,11 a 50 trabajadores,No,2,892.0
48,Mujer,Urbana,Lima Metropolitana,Secundaria,7,33.0,56.0,Empleado,Comercio,Mas de 50 trabajadores,Si,5,1566.0
55,Mujer,Urbana,Lima Metropolitana,Superior universitaria,16,32.0,66.0,Empleado,Comercio,1 a 10 trabajadores,No,5,3629.0
35,Hombre,Urbana,Selva,Posgrado,19,11.0,35.0,Empleado,Manufactura,Mas de 50 trabajadores,Si,6,7263.0
43,Mujer,Rural,Selva,Primaria o menos,6,29.0,48.0,Empleado,Agropecuario,Mas de 50 trabajadores,No,4,477.0
37,Hombre,Urbana,Sierra,Primaria o menos,4,25.0,53.0,Trabajador independiente,Servicios,1 a 10 trabajadores,Si,4,330.0
56,Mujer,Urbana,Selva,Secundaria,11,42.0,28.0,Trabajador independiente,Manufactura,1 a 10 trabajadores,No,3,975.0
43,Hombre,Urbana,Costa,Secundaria,9,30.0,64.0,Empleado,"Administracion publica, educacion y salud",Mas de 50 trabajadores,Si,4,1828.0
32,Mujer,Urbana,Costa,Superior universitaria,16,9.0,39.0,Trabajador independiente,Servicios,1 a 10 trabajadores,Si,4,2304.0
51,Hombre,Urbana,Lima Metropolitana,Superior universitaria,14,29.0,23.0,Empleado,Manufactura,Mas de 50 trabajadores,Si,5,5457.0
30,Hombre,Urbana,Costa,Superior universitaria,17,6.0,28.0,Empleado,Comercio,11 a 50 trabajadores,Si,3,3637.0
32,Hombre,Urbana,Selva,Superior no universitaria,14,13.0,78.0,Trabajador independiente,Comercio,1 a 10 trabajadores,No,3,2449.0
18,Mujer,Urbana,Costa,Superior universitaria,14,0.0,,Empleado,Comercio,Mas de 50 trabajadores,Si,4,2963.0
24,Mujer,Urbana,Lima Metropolitana,Secundaria,9,9.0,21.0,Empleado,Servicios,1 a 10 trabajadores,No,6,1029.0
37,Hombre,Urbana,Selva,Secundaria,11,21.0,16.0,Empleado,Agropecuario,1 a 10 trabajadores,No,2,425.0
18,Hombre,Urbana,Costa,Superior no universitaria,12,0.0,40.0,Empleado,"Administracion publica, educacion y salud",Mas de 50 trabajadores,Si,4,4273.0
34,Mujer,Urbana,Lima Metropolitana,Secundaria,9,19.0,43.0,Empleado,Servicios,Mas de 50 trabajadores,Si,2,1518.0
38,Hombre,Urbana,Selva,Superior universitaria,15,16.0,72.0,Trabajador independiente,Comercio,1 a 10 trabajadores,No,2,1524.0
33,Mujer,Urbana,Costa,Secundaria,8,20.0,56.0,Obrero,"Administracion publica, educacion y salud",1 a 10 trabajadores,Si,8,780.0
23,Hombre,Urbana,Lima Metropolitana,Superior no universitaria,13,4.0,46.0,Obrero,Comercio,Mas de 50 trabajadores,Si,2,1803.0
48,Mujer,Urbana,Lima Metropolitana,Secundaria,11,29.0,34.0,Empleado,Servicios,11 a 50 trabajadores,No,4,1288.0
35,Mujer,Urbana,Lima Metropolitana,Secundaria,8,18.0,69.0,Empleado,Servicios,1 a 10 trabajadores,No,3,1594.0
40,Hombre,Urbana,Lima Metropolitana,Superior no universitaria,13,22.0,21.0,Trabajador independiente,Construccion,1 a 10 trabajadores,No,7,1722.0
39,Hombre,Urbana,Lima Metropolitana,Superior no universitaria,15,20.0,30.0,Empleado,Servicios,11 a 50 trabajadores,Si,5,4728.0
18,Hombre,Urbana,Lima Metropolitana,Secundaria,11,3.0,49.0,Obrero,"Administracion publica, educacion y salud",1 a 10 trabajadores,No,3,2012.0
18,Hombre,Urbana,Lima Metropolitana,Secundaria,7,3.0,46.0,Obrero,"Administracion publica, educacion y salud",11 a 50 trabajadores,Si,3,1075.0
39,Hombre,Urbana,Costa,Secundaria,11,23.0,49.0,Empleado,"Administracion publica, educacion y salud",Mas de 50 trabajadores,Si,4,2057.0
60,Hombre,Urbana,Sierra,Secundaria,9,44.0,67.0,Empleado,Servicios,11 a 50 trabajadores,Si,3,2061.0
42,Mujer,Urbana,Lima Metropolitana,Secundaria,8,25.0,53.0,Obrero,"Administracion publica, educacion y salud",11 a 50 trabajadores,No,4,759.0
56,Hombre,Urbana,Lima Metropolitana,Secundaria,9,40.0,43.0,Obrero,Construccion,Mas de 50 trabajadores,Si,3,3313.0
23,Mujer,Urbana,Costa,Secundaria,11,2.0,39.0,Trabajador independiente,Agropecuario,1 a 10 trabajadores,No,4,222.0
46,Hombre,Rural,Sierra,Primaria o menos,3,38.0,42.0,Trabajador independiente,Agropecuario,1 a 10 trabajadores,No,7,297.0
48,Hombre,Urbana,Lima Metropolitana,Superior universitaria,15,28.0,56.0,Empleado,Comercio,Mas de 50 trabajadores,No,4,4773.0
22,Hombre,Rural,Costa,Secundaria,9,7.0,27.0,Empleado,Agropecuario,1 a 10 trabajadores,No,9,258.0
48,Hombre,Urbana,Lima Metropolitana,Superior universitaria,16,27.0,45.0,Obrero,Construccion,Mas de 50 trabajadores,Si,4,4888.0
46,Hombre,Urbana,Lima Metropolitana,Posgrado,19,23.0,41.0,Empleado,Servicios,Mas de 50 trabajadores,Si,4,12255.0
22,Mujer,Urbana,Sierra,Primaria o menos,3,15.0,46.0,Empleado,Manufactura,Mas de 50 trabajadores,No,6,688.0
43,Hombre,Urbana,Lima Metropolitana,Superior universitaria,16,23.0,39.0,Empleado,Servicios,11 a 50 trabajadores,No,8,6446.0
57,Hombre,Urbana,Lima Metropolitana,Superior universitaria,14,39.0,41.0,Empleado,Construccion,1 a 10 trabajadores,No,4,2691.0
36,Hombre,Urbana,Lima Metropolitana,Superior universitaria,15,16.0,37.0,Empleado,Servicios,Mas de 50 trabajadores,Si,5,6162.0
22,Hombre,Rural,Sierra,Secundaria,7,9.0,53.0,Empleador,Agropecuario,1 a 10 trabajadores,No,5,366.0
25,Hombre,Urbana,Selva,Secundaria,7,11.0,30.0,Empleado,Comercio,Mas de 50 trabajadores,Si,2,725.0
42,Mujer,Urbana,Selva,Secundaria,9,26.0,35.0,Empleado,Servicios,Mas de 50 trabajadores,Si,3,1240.0
31,Hombre,Urbana,Sierra,Superior universitaria,14,10.0,33.0,Trabajador independiente,Construccion,1 a 10 trabajadores,No,6,2883.0
32,Mujer,Urbana,Selva,Posgrado,19,7.0,36.0,Empleado,"Administracion publica, educacion y salud",11 a 50 trabajadores,Si,3,3893.0
20,Mujer,Urbana,Sierra,Secundaria,10,6.0,28.0,Empleado,Servicios,11 a 50 trabajadores,No,2,947.0
53,Mujer,Urbana,Sierra,Superior universitaria,15,33.0,26.0,Empleado,Servicios,11 a 50 trabajadores,No,3,1961.0
37,Mujer,Urbana,Selva,Secundaria,11,19.0,51.0,Obrero,"Administracion publica, educacion y salud",Mas de 50 trabajadores,Si,2,2014.0
59,Mujer,Rural,Sierra,Primaria o menos,6,45.0,30.0,Trabajador independiente,Servicios,1 a 10 trabajadores,No,7,238.0
30,Mujer,Urbana,Sierra,Superior no universitaria,15,6.0,49.0,Trabajador independiente,"Administracion publica, educacion y salud",1 a 10 trabajadores,No,7,1611.0
31,Hombre,Urbana,Lima Metropolitana,Secundaria,8,14.0,47.0,Empleado,Construccion,1 a 10 trabajadores,No,6,1602.0
32,Hombre,Urbana,Lima Metropolitana,Secundaria,8,18.0,45.0,Empleado,Comercio,Mas de 50 trabajadores,Si,2,1965.0
40,Mujer,Urbana,Lima Metropolitana,Superior universitaria,16,17.0,38.0,Trabajador independiente,"Administracion publica, educacion y salud",1 a 10 trabajadores,Si,4,3701.0
27,Mujer,Rural,Selva,Secundaria,8,11.0,55.0,Obrero,Manufactura,1 a 10 trabajadores,No,4,461.0
40,Hombre,Urbana,Lima Metropolitana,Primaria o menos,5,31.0,48.0,Obrero,Construccion,Mas de 50 trabajadores,Si,7,1660.0
43,Hombre,Rural,Sierra,Secundaria,9,32.0,28.0,Trabajador independiente,Agropecuario,1 a 10 trabajadores,No,5,201.0
32,Mujer,Urbana,Costa,Primaria o menos,2,23.0,30.0,Trabajador independiente,"Administracion publica, educacion y salud",1 a 10 trabajadores,No,5,605.0
51,Mujer,Urbana,Costa,Secundaria,7,37.0,32.0,Trabajador independiente,Manufactura,11 a 50 trabajadores,No,6,948.0
35,Hombre,Rural,Costa,Secundaria,9,20.0,62.0,Obrero,Construccion,11 a 50 trabajadores,Si,3,955.0
50,Hombre,Urbana,Selva,Secundaria,11,33.0,29.0,Obrero,Manufactura,Mas de 50 trabajadores,No,2,1099.0
40,Hombre,Rural,Costa,Primaria o menos,3,32.0,56.0,Trabajador independiente,Agropecuario,1 a 10 trabajadores,No,2,327.0
18,Mujer,Urbana,Costa,Superior universitaria,15,0.0,23.0,Empleado,Manufactura,1 a 10 trabajadores,Si,4,1063.0
52,Hombre,Urbana,Lima Metropolitana,Superior universitaria,16,31.0,62.0,Trabajador independiente,Comercio,1 a 10 trabajadores,No,2,2633.0
51,Hombre,Urbana,Costa,Superior no universitaria,15,29.0,31.0,Empleado,"Administracion publica, educacion y salud",Mas de 50 trabajadores,Si,4,8831.0
38,Hombre,Urbana,Costa,Superior universitaria,16,14.0,19.0,Empleado,Servicios,11 a 50 trabajadores,No,5,2107.0
65,Mujer,Urbana,Lima Metropolitana,Superior no universitaria,13,45.0,45.0,Trabajador independiente,Comercio,1 a 10 trabajadores,No,5,1216.0
33,Mujer,Urbana,Lima Metropolitana,Secundaria,9,17.0,37.0,Trabajador independiente,"Administracion publica, educacion y salud",11 a 50 trabajadores,No,5,1015.0
44,Hombre,Urbana,Lima Metropolitana,Secundaria,9,27.0,38.0,Trabajador independiente,Servicios,1 a 10 trabajadores,No,7,751.0
56,Hombre,Urbana,Lima Metropolitana,Secundaria,7,41.0,56.0,Trabajador independiente,Servicios,11 a 50 trabajadores,No,4,1224.0
56,Mujer,Urbana,Costa,Primaria o menos,6,45.0,59.0,Trabajador independiente,Construccion,11 a 50 trabajadores,No,3,924.0
33,Mujer,Urbana,Costa,Superior no universitaria,14,11.0,63.0,Empleado,Servicios,Mas de 50 trabajadores,Si,3,2717.0
30,Mujer,Urbana,Lima Metropolitana,Superior universitaria,14,9.0,48.0,Empleado,"Administracion publica, educacion y salud",1 a 10 trabajadores,Si,6,2707.0
30,Mujer,Rural,Sierra,Superior universitaria,14,15.0,59.0,Obrero,Comercio,11 a 50 trabajadores,Si,5,776.0
37,Hombre,Urbana,Sierra,Superior universitaria,15,15.0,25.0,Obrero,Comercio,1 a 10 trabajadores,No,4,1479.0
27,Hombre,Urbana,Selva,Primaria o menos,4,14.0,46.0,Trabajador independiente,Servicios,11 a 50 trabajadores,No,4,366.0
29,Hombre,Rural,Sierra,Superior universitaria,16,8.0,41.0,Empleado,Agropecuario,1 a 10 trabajadores,No,9,508.0
23,Hombre,Urbana,Costa,Superior universitaria,16,2.0,25.0,Empleado,Comercio,Mas de 50 trabajadores,Si,5,3107.0
26,Hombre,Rural,Sierra,Secundaria,7,10.0,48.0,Trabajador independiente,Agropecuario,1 a 10 trabajadores,No,7,150.0
29,Mujer,Urbana,Selva,Superior no universitaria,13,6.0,64.0,Trabajador independiente,Servicios,1 a 10 trabajadores,No,7,1672.0
41,Mujer,Urbana,Costa,Superior no universitaria,14,19.0,58.0,Empleado,Servicios,Mas de 50 trabajadores,Si,5,2732.0
25,Mujer,Urbana,Lima Metropolitana,Primaria o menos,6,13.0,41.0,Empleado,Servicios,11 a 50 trabajadores,No,7,831.0
25,Mujer,Rural,Sierra,Secundaria,7,12.0,65.0,Trabajador independiente,Agropecuario,1 a 10 trabajadores,No,5,224.0
24,Mujer,Urbana,Lima Metropolitana,Superior no universitaria,13,7.0,30.0,Trabajador independiente,Comercio,1 a 10 trabajadores,No,4,1289.0
20,Mujer,Urbana,Sierra,Superior no universitaria,15,2.0,39.0,Empleado,Servicios,11 a 50 trabajadores,No,8,846.0
42,Mujer,Urbana,Lima Metropolitana,Secundaria,8,28.0,44.0,Empleado,Manufactura,Mas de 50 trabajadores,Si,3,1335.0
30,Hombre,Urbana,Lima Metropolitana,Superior universitaria,16,9.0,57.0,Trabajador independiente,"Administracion publica, educacion y salud",1 a 10 trabajadores,No,4,3290.0
24,Hombre,Urbana,Costa,Superior universitaria,14,6.0,22.0,Empleador,"Administracion publica, educacion y salud",11 a 50 trabajadores,No,7,2140.0
50,Hombre,Urbana,Lima Metropolitana,Secundaria,8,33.0,41.0,Trabajador independiente,Comercio,1 a 10 trabajadores,No,4,602.0
36,Mujer,Urbana,Lima Metropolitana,Superior universitaria,16,14.0,47.0,Trabajador independiente,Comercio,1 a 10 trabajadores,No,3,2348.0
33,Hombre,Rural,Selva,Superior universitaria,17,8.0,29.0,Empleado,Agropecuario,1 a 10 trabajadores,No,2,631.0
39,Mujer,Urbana,Lima Metropolitana,Secundaria,8,26.0,,Empleado,Comercio,11 a 50 trabajadores,No,5,2283.0
47,Mujer,Urbana,Lima Metropolitana,Superior universitaria,16,25.0,34.0,Empleador,Comercio,1 a 10 trabajadores,No,3,2517.0
27,Hombre,Urbana,Costa,Superior universitaria,16,8.0,42.0,Empleado,Servicios,Mas de 50 trabajadores,Si,4,3876.0
50,Mujer,Rural,Selva,Primaria o menos,3,40.0,28.0,Obrero,Agropecuario,11 a 50 trabajadores,No,7,170.0
59,Mujer,Rural,Sierra,Primaria o menos,3,45.0,62.0,Obrero,Comercio,1 a 10 trabajadores,No,2,150.0
37,Hombre,Urbana,Lima Metropolitana,Superior no universitaria,15,15.0,39.0,Trabajador independiente,Servicios,1 a 10 trabajadores,No,6,1972.0
53,Hombre,Rural,Costa,Superior no universitaria,15,34.0,48.0,Obrero,Agropecuario,11 a 50 trabajadores,No,2,880.0
58,Mujer,Urbana,Sierra,Secundaria,8,39.0,43.0,Obrero,Servicios,Mas de 50 trabajadores,Si,3,2273.0
40,Mujer,Urbana,Costa,Superior universitaria,15,17.0,48.0,Trabajador independiente,Comercio,1 a 10 trabajadores,No,5,1869.0
44,Hombre,Urbana,Sierra,Secundaria,11,26.0,57.0,Trabajador independiente,Construccion,1 a 10 trabajadores,No,6,1266.0
27,Mujer,Urbana,Sierra,Superior universitaria,16,4.0,61.0,Trabajador independiente,"Administracion publica, educacion y salud",1 a 10 trabajadores,No,5,4873.0
30,Mujer,Urbana,Selva,Primaria o menos,3,19.0,35.0,Obrero,"Administracion publica, educacion y salud",Mas de 50 trabajadores,Si,3,726.0
47,Hombre,Rural,Sierra,Secundaria,10,31.0,49.0,Trabajador independiente,Agropecuario,1 a 10 trabajadores,No,4,372.0
44,Mujer,Urbana,Costa,Secundaria,8,33.0,38.0,Obrero,Servicios,Mas de 50 trabajadores,No,6,1109.0
36,Hombre,Urbana,Costa,Superior universitaria,14,15.0,46.0,Empleado,Construccion,11 a 50 trabajadores,Si,5,1355.0
51,Hombre,Urbana,Sierra,Superior universitaria,14,32.0,38.0,Trabajador independiente,Comercio,1 a 10 trabajadores,No,4,837.0
37,Mujer,Urbana,Costa,Superior no universitaria,14,17.0,52.0,Obrero,"Administracion publica, educacion y salud",1 a 10 trabajadores,Si,4,1973.0
42,Mujer,Urbana,Costa,Superior no universitaria,13,21.0,45.0,Empleado,Comercio,11 a 50 trabajadores,No,5,2170.0
54,Hombre,Urbana,Selva,Secundaria,9,38.0,65.0,Trabajador independiente,Manufactura,1 a 10 trabajadores,No,8,987.0
59,Hombre,Urbana,Sierra,Secundaria,8,43.0,44.0,Obrero,Construccion,11 a 50 trabajadores,No,4,968.0
44,Mujer,Urbana,Costa,Secundaria,11,24.0,66.0,Trabajador independiente,Servicios,1 a 10 trabajadores,No,7,1000.0
51,Mujer,Urbana,Lima Metropolitana,Superior no universitaria,14,33.0,45.0,Trabajador independiente,Manufactura,1 a 10 trabajadores,No,5,1881.0
41,Mujer,Urbana,Sierra,Secundaria,8,25.0,46.0,Trabajador independiente,Manufactura,1 a 10 trabajadores,No,2,731.0
65,Mujer,Urbana,Sierra,Secundaria,11,45.0,19.0,Trabajador independiente,Comercio,1 a 10 trabajadores,No,6,903.0
50,Mujer,Rural,Costa,Secundaria,8,36.0,17.0,Trabajador independiente,Agropecuario,11 a 50 trabajadores,No,3,200.0
35,Mujer,Urbana,Lima Metropolitana,Superior no universitaria,15,12.0,46.0,Empleado,"Administracion publica, educacion y salud",1 a 10 trabajadores,No,1,2301.0
35,Mujer,Rural,Sierra,Primaria o menos,5,22.0,38.0,Trabajador independiente,Agropecuario,1 a 10 trabajadores,No,4,160.0
20,Mujer,Urbana,Sierra,Superior no universitaria,15,0.0,33.0,Obrero,Servicios,1 a 10 trabajadores,No,2,904.0
46,Mujer,Rural,Sierra,Primaria o menos,3,36.0,59.0,Trabajador independiente,Servicios,1 a 10 trabajadores,No,6,246.0
19,Hombre,Urbana,Sierra,Superior universitaria,16,0.0,39.0,Empleado,Servicios,Mas de 50 trabajadores,Si,3,2887.0
30,Hombre,Urbana,Selva,Secundaria,8,15.0,39.0,Empleado,Servicios,1 a 10 trabajadores,No,5,1862.0
31,Hombre,Urbana,Lima Metropolitana,Secundaria,7,17.0,38.0,Trabajador independiente,Servicios,1 a 10 trabajadores,No,7,796.0
43,Mujer,Rural,Sierra,Superior no universitaria,13,26.0,56.0,Trabajador independiente,Comercio,1 a 10 trabajadores,No,5,521.0
20,Mujer,Urbana,Lima Metropolitana,Superior no universitaria,14,0.0,39.0,Empleado,Comercio,Mas de 50 trabajadores,Si,5,2809.0
35,Hombre,Urbana,Lima Metropolitana,Primaria o menos,4,23.0,37.0,Empleado,Comercio,Mas de 50 trabajadores,No,1,1305.0
39,Hombre,Urbana,Sierra,Secundaria,10,23.0,53.0,Obrero,Manufactura,11 a 50 trabajadores,Si,6,1877.0
33,Hombre,Urbana,Costa,Primaria o menos,5,21.0,46.0,Empleado,"Administracion publica, educacion y salud",11 a 50 trabajadores,No,7,721.0
37,Hombre,Urbana,Costa,Secundaria,8,26.0,32.0,Empleado,Comercio,1 a 10 trabajadores,Si,2,1168.0
36,Hombre,Urbana,Lima Metropolitana,Superior no universitaria,15,15.0,45.0,Trabajador independiente,Comercio,1 a 10 trabajadores,No,9,1529.0
59,Hombre,Urbana,Costa,Superior universitaria,15,37.0,40.0,Empleado,Servicios,Mas de 50 trabajadores,Si,4,3911.0
38,Hombre,Urbana,Lima Metropolitana,Primaria o menos,5,25.0,53.0,Trabajador independiente,Servicios,1 a 10 trabajadores,No,6,623.0
44,Hombre,Urbana,Lima Metropolitana,Secundaria,8,29.0,,Empleado,Servicios,1 a 10 trabajadores,No,4,2193.0
43,Hombre,Urbana,Lima Metropolitana,Superior universitaria,17,17.0,61.0,Trabajador independiente,Servicios,1 a 10 trabajadores,No,6,3671.0
34,Hombre,Urbana,Sierra,Superior no universitaria,14,16.0,44.0,Empleado,"Administracion publica, educacion y salud",11 a 50 trabajadores,Si,5,3329.0
43,Mujer,Urbana,Lima Metropolitana,Secundaria,11,26.0,45.0,Empleador,"Administracion publica, educacion y salud",1 a 10 trabajadores,Si,2,1537.0
65,Mujer,Urbana,Selva,Superior no universitaria,14,,43.0,Trabajador independiente,Comercio,1 a 10 trabajadores,No,2,954.0
39,Hombre,Urbana,Selva,Secundaria,11,25.0,32.0,Trabajador independiente,Agropecuario,11 a 50 trabajadores,No,5,412.0
52,Hombre,Urbana,Costa,Primaria o menos,2,45.0,47.0,Empleado,Servicios,Mas de 50 trabajadores,No,1,673.0
18,Hombre,Urbana,Sierra,Superior universitaria,14,0.0,44.0,Empleado,Servicios,Mas de 50 trabajadores,Si,2,3614.0
43,Hombre,Urbana,Sierra,Secundaria,11,25.0,14.0,Obrero,Servicios,11 a 50 trabajadores,No,3,831.0
40,Hombre,Urbana,Sierra,Secundaria,11,21.0,40.0,Empleado,Manufactura,1 a 10 trabajadores,Si,4,658.0
47,Mujer,Urbana,Lima Metropolitana,Primaria o menos,5,36.0,36.0,Empleado,"Administracion publica, educacion y salud",1 a 10 trabajadores,Si,4,885.0
41,Hombre,Urbana,Costa,Secundaria,11,26.0,56.0,Empleado,Comercio,11 a 50 trabajadores,Si,3,3023.0
65,Hombre,Urbana,Lima Metropolitana,Primaria o menos,2,45.0,52.0,Empleado,Manufactura,1 a 10 trabajadores,Si,3,936.0
27,Hombre,Urbana,Selva,Secundaria,7,15.0,46.0,Trabajador independiente,"Administracion publica, educacion y salud",1 a 10 trabajadores,No,9,625.0
33,Hombre,Urbana,Lima Metropolitana,Secundaria,8,21.0,53.0,Empleado,Servicios,1 a 10 trabajadores,No,4,1565.0
25,Hombre,Urbana,Costa,Superior universitaria,16,3.0,34.0,Empleado,Comercio,Mas de 50 trabajadores,Si,4,2581.0
27,Mujer,Urbana,Sierra,Secundaria,9,12.0,38.0,Empleado,Comercio,Mas de 50 trabajadores,Si,3,857.0
50,Mujer,Urbana,Lima Metropolitana,Secundaria,10,31.0,52.0,Trabajador independiente,Agropecuario,1 a 10 trabajadores,No,6,722.0
26,Hombre,Urbana,Costa,Primaria o menos,6,16.0,36.0,Trabajador independiente,"Administracion publica, educacion y salud",1 a 10 trabajadores,No,6,944.0
40,Hombre,Urbana,Lima Metropolitana,Primaria o menos,6,21.0,45.0,Empleado,"Administracion publica, educacion y salud",Mas de 50 trabajadores,Si,2,1429.0
45,Mujer,Urbana,Sierra,Superior no universitaria,12,23.0,46.0,Empleado,Construccion,1 a 10 trabajadores,,2,1108.0
26,Hombre,Urbana,Lima Metropolitana,Superior universitaria,15,4.0,19.0,Empleador,Agropecuario,1 a 10 trabajadores,Si,3,2471.0
42,Hombre,Urbana,Lima Metropolitana,Superior no universitaria,12,27.0,58.0,Obrero,Manufactura,11 a 50 trabajadores,No,2,1255.0
18,Hombre,Urbana,Costa,Primaria o menos,2,11.0,56.0,Trabajador independiente,"Administracion publica, educacion y salud",1 a 10 trabajadores,No,6,361.0
40,Mujer,Urbana,Sierra,Secundaria,11,23.0,63.0,Trabajador independiente,Construccion,1 a 10 trabajadores,No,1,938.0
29,Hombre,Urbana,Lima Metropolitana,Superior universitaria,17,8.0,39.0,Trabajador independiente,Comercio,1 a 10 trabajadores,Si,6,3762.0
41,Hombre,Urbana,Lima Metropolitana,Posgrado,19,21.0,48.0,Empleado,Servicios,1 a 10 trabajadores,No,5,5462.0
44,Hombre,Urbana,Costa,Superior no universitaria,12,26.0,38.0,Empleado,Servicios,1 a 10 trabajadores,Si,3,1627.0
33,Mujer,Rural,Sierra,Primaria o menos,2,27.0,28.0,Trabajador independiente,Construccion,1 a 10 trabajadores,No,4,150.0
32,Hombre,Urbana,Lima Metropolitana,Superior universitaria,15,13.0,45.0,Empleado,Manufactura,Mas de 50 trabajadores,Si,4,3635.0
37,Mujer,Urbana,Costa,Secundaria,11,21.0,39.0,Empleado,Servicios,11 a 50 trabajadores,No,3,1114.0
52,Mujer,Urbana,Selva,Superior no universitaria,12,35.0,38.0,Empleado,Servicios,Mas de 50 trabajadores,Si,9,4993.0
48,Mujer,Rural,Sierra,Superior universitaria,15,28.0,47.0,Trabajador independiente,Comercio,1 a 10 trabajadores,No,3,782.0
18,Hombre,Urbana,Lima Metropolitana,Secundaria,7,4.0,48.0,Trabajador independiente,"Administracion publica, educacion y salud",1 a 10 trabajadores,No,10,814.0
27,Hombre,Rural,Sierra,Secundaria,8,11.0,36.0,Obrero,Agropecuario,1 a 10 trabajadores,No,5,305.0
33,Hombre,Urbana,Selva,Secundaria,11,16.0,46.0,Empleado,"Administracion publica, educacion y salud",Mas de 50 trabajadores,Si,7,4320.0
35,Hombre,Rural,Sierra,Primaria o menos,6,26.0,23.0,Obrero,Agropecuario,1 a 10 trabajadores,No,3,221.0
36,Hombre,Urbana,Sierra,Secundaria,11,18.0,31.0,Trabajador independiente,Servicios,1 a 10 trabajadores,No,5,594.0
36,Hombre,Urbana,Lima Metropolitana,Primaria o menos,5,23.0,52.0,Empleado,"Administracion publica, educacion y salud",Mas de 50 trabajadores,Si,5,1592.0
38,Hombre,Rural,Sierra,Superior universitaria,14,22.0,13.0,Trabajador independiente,Agropecuario,1 a 10 trabajadores,No,6,306.0
33,Hombre,Urbana,Lima Metropolitana,Primaria o menos,2,23.0,36.0,Empleado,Servicios,1 a 10 trabajadores,,6,578.0
26,Hombre,Urbana,Costa,Primaria o menos,4,19.0,26.0,Empleado,Servicios,1 a 10 trabajadores,No,4,770.0
43,Hombre,Urbana,Lima Metropolitana,Superior no universitaria,12,24.0,33.0,Empleado,Manufactura,11 a 50 trabajadores,Si,2,2053.0
40,Mujer,Urbana,Lima Metropolitana,Secundaria,8,27.0,55.0,Empleado,Construccion,Mas de 50 trabajadores,No,3,2437.0
50,Hombre,Urbana,Selva,Superior universitaria,16,22.0,44.0,Trabajador independiente,Construccion,1 a 10 trabajadores,No,4,2743.0
34,Mujer,Urbana,Lima Metropolitana,Primaria o menos,3,26.0,40.0,Empleado,Comercio,11 a 50 trabajadores,Si,5,829.0
26,Mujer,Urbana,Sierra,Superior no universitaria,15,8.0,45.0,Empleado,"Administracion publica, educacion y salud",1 a 10 trabajadores,Si,5,2625.0
38,Hombre,Urbana,Lima Metropolitana,Secundaria,11,21.0,58.0,Trabajador independiente,Servicios,Mas de 50 trabajadores,No,4,1814.0
63,Mujer,Rural,Sierra,Superior no universitaria,14,40.0,41.0,Empleado,Agropecuario,1 a 10 trabajadores,No,4,403.0
53,Mujer,Rural,Selva,Primaria o menos,4,45.0,31.0,Trabajador independiente,Agropecuario,1 a 10 trabajadores,No,10,241.0
38,Hombre,Urbana,Lima Metropolitana,Secundaria,10,21.0,64.0,Trabajador independiente,Comercio,1 a 10 trabajadores,No,5,1529.0
35,Hombre,Urbana,Sierra,Secundaria,7,22.0,18.0,Empleado,"Administracion publica, educacion y salud",Mas de 50 trabajadores,No,4,1547.0
39,Hombre,Urbana,Lima Metropolitana,Secundaria,7,29.0,57.0,Empleado,Comercio,11 a 50 trabajadores,Si,5,2858.0
23,Hombre,Urbana,Costa,Secundaria,8,10.0,46.0,Empleado,Manufactura,11 a 50 trabajadores,No,4,906.0
43,Hombre,Urbana,Sierra,Secundaria,9,28.0,35.0,Empleado,"Administracion publica, educacion y salud",Mas de 50 trabajadores,Si,4,2955.0
34,Hombre,Rural,Sierra,Secundaria,11,15.0,43.0,Trabajador independiente,Agropecuario,1 a 10 trabajadores,No,3,327.0
35,Hombre,Urbana,Selva,Secundaria,7,22.0,53.0,Trabajador independiente,Manufactura,1 a 10 trabajadores,No,1,1264.0
27,Hombre,Urbana,Costa,Superior no universitaria,13,9.0,26.0,Empleado,Servicios,Mas de 50 trabajadores,Si,2,2057.0
25,Hombre,Rural,Sierra,Primaria o menos,6,14.0,53.0,Trabajador independiente,Agropecuario,1 a 10 trabajadores,No,1,288.0
46,Hombre,Urbana,Sierra,Secundaria,10,30.0,25.0,Trabajador independiente,Manufactura,1 a 10 trabajadores,No,7,995.0
30,Hombre,Rural,Sierra,Primaria o menos,3,19.0,53.0,Trabajador independiente,Agropecuario,1 a 10 trabajadores,No,7,214.0
49,Mujer,Rural,Sierra,Primaria o menos,6,38.0,52.0,Trabajador independiente,Manufactura,1 a 10 trabajadores,No,4,262.0
37,Mujer,Urbana,Costa,Secundaria,8,25.0,38.0,Empleado,"Administracion publica, educacion y salud",Mas de 50 trabajadores,Si,3,2484.0
33,Mujer,Urbana,Sierra,Secundaria,9,20.0,46.0,Empleado,Comercio,11 a 50 trabajadores,No,4,1246.0
63,Hombre,Rural,Sierra,Secundaria,10,44.0,45.0,Trabajador independiente,"Administracion publica, educacion y salud",1 a 10 trabajadores,No,6,718.0
32,Mujer,Urbana,Sierra,Superior no universitaria,14,13.0,55.0,Empleado,Construccion,11 a 50 trabajadores,Si,3,3179.0
48,Mujer,Urbana,Sierra,Superior universitaria,16,26.0,47.0,Trabajador independiente,"Administracion publica, educacion y salud",11 a 50 trabajadores,No,1,4741.0
24,Mujer,Urbana,Lima Metropolitana,Secundaria,10,4.0,53.0,Trabajador independiente,"Administracion publica, educacion y salud",1 a 10 trabajadores,No,3,1304.0
45,Hombre,Urbana,Costa,Secundaria,10,27.0,55.0,Empleado,Servicios,Mas de 50 trabajadores,Si,2,3072.0
37,Hombre,Urbana,Sierra,Primaria o menos,5,21.0,44.0,Empleador,Manufactura,1 a 10 trabajadores,No,3,555.0
36,Mujer,Urbana,Lima Metropolitana,Superior no universitaria,13,18.0,32.0,Trabajador independiente,"Administracion publica, educacion y salud",1 a 10 trabajadores,Si,1,3529.0
35,Hombre,Urbana,Sierra,Secundaria,9,20.0,53.0,Empleador,Agropecuario,1 a 10 trabajadores,No,5,1588.0
52,Hombre,Urbana,Lima Metropolitana,Secundaria,11,36.0,53.0,Obrero,Comercio,11 a 50 trabajadores,No,1,1410.0
43,Mujer,Urbana,Costa,Superior universitaria,17,19.0,15.0,Trabajador independiente,Comercio,1 a 10 trabajadores,Si,5,1967.0
37,Hombre,Urbana,Sierra,Primaria o menos,5,27.0,45.0,Empleador,Construccion,11 a 50 trabajadores,No,6,753.0
55,Hombre,Urbana,Sierra,Superior no universitaria,14,37.0,57.0,Trabajador independiente,Manufactura,1 a 10 trabajadores,No,5,1580.0
40,Hombre,Urbana,Costa,Secundaria,10,21.0,42.0,Empleado,"Administracion publica, educacion y salud",1 a 10 trabajadores,No,4,2295.0
30,Mujer,Urbana,Lima Metropolitana,Posgrado,20,5.0,38.0,Trabajador independiente,Manufactura,1 a 10 trabajadores,No,2,3420.0
65,Hombre,Rural,Sierra,Secundaria,10,45.0,34.0,Obrero,Manufactura,11 a 50 trabajadores,No,4,576.0
51,Hombre,Urbana,Lima Metropolitana,Superior universitaria,16,31.0,53.0,Trabajador independiente,Comercio,1 a 10 trabajadores,No,6,2156.0
30,Hombre,Rural,Costa,Secundaria,9,17.0,38.0,Trabajador independiente,Agropecuario,1 a 10 trabajadores,No,3,275.0
29,Mujer,Urbana,Lima Metropolitana,Secundaria,11,11.0,53.0,Empleado,Manufactura,1 a 10 trabajadores,No,6,1497.0
27,Hombre,Urbana,Lima Metropolitana,Primaria o menos,4,16.0,36.0,Empleado,"Administracion publica, educacion y salud",1 a 10 trabajadores,No,6,1065.0
59,Hombre,Rural,Sierra,Superior no universitaria,15,39.0,11.0,Trabajador independiente,Agropecuario,1 a 10 trabajadores,No,5,248.0
41,Hombre,Rural,Sierra,Primaria o menos,6,29.0,36.0,Trabajador independiente,Agropecuario,1 a 10 trabajadores,No,8,262.0
28,Hombre,Urbana,Lima Metropolitana,Secundaria,7,14.0,45.0,Trabajador independiente,Servicios,1 a 10 trabajadores,No,4,638.0
61,Mujer,Urbana,Sierra,Superior universitaria,16,40.0,41.0,Empleado,Comercio,11 a 50 trabajadores,Si,4,5009.0
50,Mujer,Urbana,Costa,Secundaria,10,31.0,59.0,Empleado,"Administracion publica, educacion y salud",1 a 10 trabajadores,No,3,1146.0
46,Hombre,Urbana,Lima Metropolitana,Superior universitaria,15,25.0,50.0,Empleado,Agropecuario,1 a 10 trabajadores,No,2,3171.0
43,Mujer,Rural,Sierra,Secundaria,9,29.0,36.0,Trabajador independiente,Agropecuario,1 a 10 trabajadores,No,5,219.0
29,Hombre,Urbana,Lima Metropolitana,Secundaria,7,16.0,56.0,Trabajador independiente,Manufactura,1 a 10 trabajadores,No,3,1536.0
43,Hombre,Urbana,Lima Metropolitana,Superior universitaria,14,21.0,64.0,Trabajador independiente,"Administracion publica, educacion y salud",1 a 10 trabajadores,Si,4,7506.0
37,Mujer,Rural,Sierra,Secundaria,8,22.0,52.0,Trabajador independiente,Agropecuario,1 a 10 trabajadores,No,6,291.0
26,Mujer,Rural,Sierra,Primaria o menos,6,15.0,43.0,Trabajador independiente,Agropecuario,1 a 10 trabajadores,No,3,193.0
44,Mujer,Urbana,Costa,Primaria o menos,5,35.0,59.0,Trabajador independiente,Servicios,1 a 10 trabajadores,No,2,540.0
35,Hombre,Urbana,Costa,Secundaria,7,22.0,36.0,Empleado,Servicios,Mas de 50 trabajadores,Si,4,2228.0
36,Hombre,Urbana,Selva,Primaria o menos,5,25.0,21.0,Obrero,Servicios,11 a 50 trabajadores,No,7,614.0
46,Mujer,Urbana,Costa,Superior no universitaria,14,26.0,53.0,Trabajador independiente,"Administracion publica, educacion y salud",1 a 10 trabajadores,No,1,1625.0
43,Hombre,Urbana,Lima Metropolitana,Superior universitaria,14,22.0,32.0,Trabajador independiente,"Administracion publica, educacion y salud",1 a 10 trabajadores,No,3,2945.0
55,Mujer,Urbana,Costa,Superior universitaria,14,35.0,64.0,Trabajador independiente,"Administracion publica, educacion y salud",1 a 10 trabajadores,Si,7,2160.0
40,Hombre,Urbana,Lima Metropolitana,Secundaria,10,21.0,28.0,Empleador,Manufactura,1 a 10 trabajadores,No,2,1824.0
26,Hombre,Urbana,Selva,Superior universitaria,14,7.0,32.0,Empleado,Servicios,Mas de 50 trabajadores,Si,4,2699.0
35,Hombre,Rural,Sierra,Primaria o menos,4,24.0,38.0,Obrero,Agropecuario,11 a 50 trabajadores,No,6,286.0
53,Hombre,Urbana,Sierra,Secundaria,8,37.0,39.0,Empleador,Comercio,1 a 10 trabajadores,No,6,740.0
24,Mujer,Rural,Costa,Primaria o menos,5,13.0,52.0,Trabajador independiente,Agropecuario,1 a 10 trabajadores,No,1,218.0
63,Mujer,Urbana,Sierra,Primaria o menos,6,45.0,53.0,Empleado,Comercio,1 a 10 trabajadores,Si,5,722.0
42,Hombre,Urbana,Sierra,Secundaria,9,27.0,57.0,Trabajador independiente,Servicios,1 a 10 trabajadores,No,5,1227.0
49,Hombre,Urbana,Sierra,Primaria o menos,6,33.0,56.0,Empleado,"Administracion publica, educacion y salud",Mas de 50 trabajadores,No,5,2074.0
18,Hombre,Urbana,Sierra,Superior no universitaria,14,0.0,40.0,Empleador,Manufactura,Mas de 50 trabajadores,No,5,2025.0
33,Hombre,Urbana,Lima Metropolitana,Secundaria,7,20.0,36.0,Empleado,Comercio,Mas de 50 trabajadores,Si,3,1593.0
28,Hombre,Rural,Sierra,Primaria o menos,5,18.0,54.0,Trabajador independiente,Agropecuario,1 a 10 trabajadores,No,4,211.0
45,Mujer,Urbana,Sierra,Superior no universitaria,13,21.0,39.0,Empleado,Comercio,11 a 50 trabajadores,Si,1,1468.0
35,Hombre,Urbana,Selva,Superior no universitaria,13,14.0,32.0,Trabajador independiente,Servicios,1 a 10 trabajadores,No,3,977.0
18,Hombre,Urbana,Sierra,Superior universitaria,17,0.0,21.0,Empleado,Servicios,1 a 10 trabajadores,No,5,1446.0
43,Mujer,Urbana,Costa,Secundaria,7,34.0,39.0,Obrero,Construccion,11 a 50 trabajadores,No,4,914.0
31,Mujer,Rural,Sierra,Secundaria,8,16.0,37.0,Trabajador independiente,Comercio,1 a 10 trabajadores,No,4,281.0
30,Hombre,Urbana,Costa,Superior no universitaria,15,11.0,46.0,Empleador,Comercio,1 a 10 trabajadores,No,3,2314.0
51,Mujer,Urbana,Costa,Superior no universitaria,14,29.0,60.0,Trabajador independiente,Manufactura,1 a 10 trabajadores,Si,4,1548.0
31,Mujer,Urbana,Lima Metropolitana,Secundaria,8,16.0,48.0,Trabajador independiente,Construccion,1 a 10 trabajadores,No,1,1024.0
58,Hombre,Urbana,Costa,Superior universitaria,14,36.0,56.0,Trabajador independiente,Comercio,11 a 50 trabajadores,No,5,2496.0
31,Hombre,Rural,Costa,Superior no universitaria,14,8.0,47.0,Trabajador independiente,Agropecuario,1 a 10 trabajadores,No,3,620.0
52,Mujer,Rural,Sierra,Secundaria,7,37.0,50.0,Trabajador independiente,Agropecuario,11 a 50 trabajadores,No,1,263.0
25,Mujer,Urbana,Selva,Superior universitaria,16,0.0,49.0,Empleado,"Administracion publica, educacion y salud",11 a 50 trabajadores,Si,6,2912.0
31,Hombre,Urbana,Costa,Secundaria,10,15.0,21.0,Empleado,Construccion,Mas de 50 trabajadores,No,5,932.0
37,Hombre,Rural,Selva,Primaria o menos,4,29.0,52.0,Empleado,Agropecuario,11 a 50 trabajadores,No,4,502.0
34,Hombre,Rural,Sierra,Primaria o menos,4,26.0,34.0,Trabajador independiente,Agropecuario,1 a 10 trabajadores,No,2,281.0
58,Mujer,Urbana,Sierra,Posgrado,17,32.0,51.0,Empleado,Servicios,Mas de 50 trabajadores,Si,3,6204.0
40,Mujer,Urbana,Sierra,Superior universitaria,14,21.0,28.0,Empleado,Servicios,11 a 50 trabajadores,Si,8,2119.0
24,Hombre,Urbana,Sierra,Secundaria,8,14.0,62.0,Trabajador independiente,Servicios,1 a 10 trabajadores,,2,565.0
49,Hombre,Rural,Sierra,Secundaria,8,37.0,36.0,Trabajador independiente,"Administracion publica, educacion y salud",1 a 10 trabajadores,No,6,393.0
27,Hombre,Urbana,Lima Metropolitana,Primaria o menos,4,20.0,44.0,Empleado,"Administracion publica, educacion y salud",11 a 50 trabajadores,No,3,1175.0
18,Hombre,Urbana,Costa,Superior universitaria,17,0.0,38.0,Empleado,Comercio,Mas de 50 trabajadores,Si,5,3831.0
41,Hombre,Rural,Sierra,Secundaria,8,27.0,48.0,Trabajador independiente,Agropecuario,1 a 10 trabajadores,No,4,198.0
32,Hombre,Urbana,Sierra,Superior universitaria,14,11.0,41.0,Trabajador independiente,"Administracion publica, educacion y salud",1 a 10 trabajadores,No,2,2934.0
29,Mujer,Urbana,Lima Metropolitana,Posgrado,18,5.0,44.0,Obrero,Servicios,11 a 50 trabajadores,No,6,2692.0
49,Hombre,Urbana,Sierra,Superior no universitaria,13,27.0,47.0,Trabajador independiente,Servicios,1 a 10 trabajadores,No,7,1764.0
50,Hombre,Urbana,Lima Metropolitana,Superior no universitaria,12,31.0,61.0,Empleado,Comercio,11 a 50 trabajadores,Si,4,3791.0
28,Mujer,Rural,Costa,Secundaria,10,13.0,36.0,Obrero,Agropecuario,Mas de 50 trabajadores,No,3,758.0
39,Mujer,Urbana,Costa,Superior no universitaria,12,18.0,42.0,Trabajador independiente,Servicios,1 a 10 trabajadores,No,4,1367.0
44,Hombre,Urbana,Lima Metropolitana,Superior no universitaria,14,25.0,53.0,Empleado,Construccion,1 a 10 trabajadores,No,4,4072.0
40,Mujer,Urbana,Costa,Secundaria,8,26.0,42.0,Empleado,"Administracion publica, educacion y salud",1 a 10 trabajadores,No,4,1066.0
45,Mujer,Urbana,Sierra,Superior no universitaria,15,24.0,51.0,Empleado,Servicios,11 a 50 trabajadores,Si,5,2352.0
53,Hombre,Urbana,Sierra,Secundaria,8,40.0,47.0,Trabajador independiente,"Administracion publica, educacion y salud",1 a 10 trabajadores,No,3,880.0
61,Mujer,Urbana,Lima Metropolitana,Superior no universitaria,14,40.0,44.0,Empleado,Comercio,1 a 10 trabajadores,No,5,1792.0
18,Hombre,Urbana,Costa,Primaria o menos,4,9.0,43.0,Obrero,Agropecuario,1 a 10 trabajadores,No,6,426.0
65,Hombre,Rural,Costa,Primaria o menos,5,45.0,46.0,Trabajador independiente,Comercio,1 a 10 trabajadores,No,6,407.0
54,Hombre,Urbana,Lima Metropolitana,Superior no universitaria,13,37.0,53.0,Trabajador independiente,Servicios,1 a 10 trabajadores,Si,5,3456.0
32,Hombre,Urbana,Lima Metropolitana,Superior universitaria,15,9.0,40.0,Empleado,Manufactura,Mas de 50 trabajadores,Si,4,4238.0
40,Hombre,Rural,Sierra,Primaria o menos,5,35.0,51.0,Trabajador independiente,Agropecuario,1 a 10 trabajadores,No,3,211.0
58,Mujer,Urbana,Sierra,Secundaria,8,43.0,48.0,Obrero,Servicios,11 a 50 trabajadores,No,2,682.0
31,Mujer,Urbana,Lima Metropolitana,Superior no universitaria,15,13.0,42.0,Empleado,Construccion,1 a 10 trabajadores,Si,8,3299.0
28,Mujer,Urbana,Costa,Superior no universitaria,15,10.0,52.0,Empleado,Servicios,1 a 10 trabajadores,No,6,1386.0
18,Mujer,Urbana,Selva,Superior universitaria,17,0.0,34.0,Trabajador independiente,Comercio,Mas de 50 trabajadores,Si,4,4082.0
24,Hombre,Urbana,Costa,Primaria o menos,5,10.0,33.0,Trabajador independiente,"Administracion publica, educacion y salud",1 a 10 trabajadores,No,5,728.0
52,Mujer,Urbana,Lima Metropolitana,Secundaria,7,41.0,39.0,Empleado,Comercio,Mas de 50 trabajadores,Si,4,2324.0
35,Hombre,Rural,Sierra,Secundaria,9,17.0,37.0,Empleador,Agropecuario,Mas de 50 trabajadores,No,6,883.0
20,Hombre,Urbana,Lima Metropolitana,Secundaria,10,2.0,22.0,Trabajador independiente,Servicios,1 a 10 trabajadores,No,5,302.0
52,Hombre,Urbana,Lima Metropolitana,Superior universitaria,16,32.0,27.0,Empleado,Comercio,1 a 10 trabajadores,Si,5,4487.0
45,Hombre,Urbana,Costa,Superior no universitaria,13,25.0,42.0,Empleado,Manufactura,1 a 10 trabajadores,No,1,1767.0
21,Hombre,Urbana,Costa,Primaria o menos,4,9.0,8.0,Empleado,Servicios,11 a 50 trabajadores,No,2,694.0
42,Hombre,Urbana,Lima Metropolitana,Superior no universitaria,12,22.0,25.0,Obrero,Construccion,1 a 10 trabajadores,No,2,1798.0
27,Mujer,Urbana,Costa,Superior no universitaria,15,5.0,31.0,Trabajador independiente,Comercio,1 a 10 trabajadores,No,4,629.0
35,Mujer,Urbana,Lima Metropolitana,Secundaria,9,19.0,44.0,Trabajador independiente,Comercio,1 a 10 trabajadores,No,4,924.0
46,Mujer,Urbana,Sierra,Superior universitaria,14,26.0,20.0,Trabajador independiente,Servicios,1 a 10 trabajadores,No,6,734.0
20,Hombre,Rural,Costa,Secundaria,10,2.0,59.0,Trabajador independiente,Agropecuario,1 a 10 trabajadores,No,2,235.0
33,Hombre,Rural,Selva,Secundaria,9,19.0,21.0,Trabajador independiente,Comercio,Mas de 50 trabajadores,No,4,640.0
40,Hombre,Urbana,Costa,Superior no universitaria,14,25.0,42.0,Empleado,Construccion,Mas de 50 trabajadores,Si,3,4485.0
35,Mujer,Rural,Sierra,Superior no universitaria,13,14.0,40.0,Trabajador independiente,Agropecuario,1 a 10 trabajadores,No,5,225.0
43,Hombre,Rural,Sierra,Superior no universitaria,15,25.0,62.0,Trabajador independiente,Agropecuario,1 a 10 trabajadores,No,8,339.0
33,Mujer,Urbana,Sierra,Secundaria,8,20.0,75.0,Trabajador independiente,Servicios,1 a 10 trabajadores,No,3,474.0
43,Hombre,Rural,Sierra,Superior universitaria,17,17.0,34.0,Empleado,Agropecuario,11 a 50 trabajadores,No,7,1149.0
34,Mujer,Urbana,Selva,Superior universitaria,17,11.0,53.0,Empleado,Servicios,11 a 50 trabajadores,Si,6,3785.0
61,Hombre,Urbana,Lima Metropolitana,Primaria o menos,4,45.0,,Obrero,Agropecuario,Mas de 50 trabajadores,Si,6,990.0
40,Hombre,Urbana,Lima Metropolitana,Superior universitaria,16,22.0,27.0,Empleado,"Administracion publica, educacion y salud",11 a 50 trabajadores,Si,4,6118.0
38,Hombre,Urbana,Sierra,Secundaria,10,21.0,46.0,Obrero,Manufactura,1 a 10 trabajadores,Si,3,1182.0
36,Mujer,Urbana,Lima Metropolitana,Secundaria,11,21.0,72.0,Trabajador independiente,Servicios,1 a 10 trabajadores,No,3,2005.0
35,Mujer,Urbana,Costa,Secundaria,9,18.0,61.0,Obrero,Comercio,1 a 10 trabajadores,No,5,998.0
65,Hombre,Urbana,Costa,Superior universitaria,14,44.0,46.0,Empleado,Construccion,Mas de 50 trabajadores,No,5,4482.0
26,Hombre,Urbana,Lima Metropolitana,Superior no universitaria,15,3.0,54.0,Empleado,Servicios,11 a 50 trabajadores,No,5,2890.0
18,Mujer,Rural,Sierra,Secundaria,7,1.0,,Trabajador independiente,Agropecuario,1 a 10 trabajadores,No,4,155.0
40,Mujer,Urbana,Sierra,Secundaria,11,22.0,33.0,Empleado,Servicios,1 a 10 trabajadores,No,5,1254.0
55,Mujer,Urbana,Lima Metropolitana,Superior no universitaria,15,33.0,29.0,Trabajador independiente,Construccion,1 a 10 trabajadores,No,4,1864.0
42,Hombre,Rural,Costa,Secundaria,7,28.0,40.0,Empleado,Agropecuario,Mas de 50 trabajadores,No,6,631.0
18,Hombre,Urbana,Lima Metropolitana,Superior no universitaria,15,0.0,30.0,Empleado,Servicios,11 a 50 trabajadores,No,7,1309.0
38,Hombre,Rural,Costa,Secundaria,10,21.0,46.0,Trabajador independiente,Agropecuario,1 a 10 trabajadores,No,3,229.0
31,Hombre,Urbana,Sierra,Superior universitaria,15,11.0,49.0,Empleado,"Administracion publica, educacion y salud",11 a 50 trabajadores,Si,2,2308.0
44,Hombre,Urbana,Costa,Secundaria,10,28.0,54.0,Empleado,Servicios,Mas de 50 trabajadores,No,3,4258.0
39,Mujer,Urbana,Costa,Secundaria,9,27.0,58.0,Empleado,"Administracion publica, educacion y salud",11 a 50 trabajadores,Si,4,2397.0
39,Mujer,Rural,Sierra,Superior no universitaria,13,21.0,36.0,Empleado,"Administracion publica, educacion y salud",1 a 10 trabajadores,No,10,1238.0
46,Hombre,Rural,Sierra,Primaria o menos,3,41.0,56.0,Obrero,Agropecuario,Mas de 50 trabajadores,No,2,373.0
44,Mujer,Urbana,Sierra,Superior universitaria,16,23.0,58.0,Empleado,"Administracion publica, educacion y salud",Mas de 50 trabajadores,Si,4,5811.0
24,Mujer,Rural,Sierra,Primaria o menos,5,17.0,33.0,Trabajador independiente,Manufactura,1 a 10 trabajadores,No,3,316.0
21,Mujer,Rural,Sierra,Secundaria,10,3.0,53.0,Trabajador independiente,Servicios,1 a 10 trabajadores,Si,5,379.0
54,Hombre,Rural,Sierra,Secundaria,7,38.0,50.0,Trabajador independiente,Agropecuario,1 a 10 trabajadores,No,5,460.0
52,Hombre,Urbana,Lima Metropolitana,Secundaria,8,39.0,60.0,Trabajador independiente,Comercio,1 a 10 trabajadores,No,5,1282.0
42,Hombre,Urbana,Sierra,Secundaria,11,27.0,36.0,Trabajador independiente,"Administracion publica, educacion y salud",1 a 10 trabajadores,No,1,1341.0
27,Mujer,Urbana,Selva,Superior no universitaria,13,,26.0,Empleador,"Administracion publica, educacion y salud",11 a 50 trabajadores,No,4,2693.0
18,Hombre,Urbana,Selva,Primaria o menos,4,6.0,18.0,Empleado,"Administracion publica, educacion y salud",Mas de 50 trabajadores,Si,4,962.0
47,Hombre,Urbana,Lima Metropolitana,Superior universitaria,14,29.0,40.0,Empleado,Manufactura,Mas de 50 trabajadores,Si,3,8169.0
51,Hombre,Urbana,Costa,Superior no universitaria,15,35.0,32.0,Trabajador independiente,Construccion,Mas de 50 trabajadores,No,2,2355.0
36,Mujer,Urbana,Costa,Secundaria,9,22.0,38.0,Empleado,Manufactura,1 a 10 trabajadores,No,5,1164.0
18,Mujer,Urbana,Lima Metropolitana,Superior no universitaria,13,1.0,29.0,Trabajador independiente,Manufactura,1 a 10 trabajadores,No,2,1388.0
42,Mujer,Urbana,Costa,Secundaria,10,24.0,28.0,Empleado,Manufactura,11 a 50 trabajadores,Si,7,1494.0
38,Hombre,Urbana,Lima Metropolitana,Secundaria,7,26.0,29.0,Trabajador independiente,"Administracion publica, educacion y salud",1 a 10 trabajadores,No,7,1486.0
25,Mujer,Urbana,Lima Metropolitana,Superior no universitaria,12,4.0,44.0,Trabajador independiente,Comercio,1 a 10 trabajadores,No,5,800.0
40,Mujer,Urbana,Selva,Secundaria,10,24.0,31.0,Empleado,Comercio,1 a 10 trabajadores,No,10,661.0
37,Mujer,Urbana,Sierra,Superior universitaria,14,18.0,40.0,Empleado,Comercio,1 a 10 trabajadores,Si,3,3182.0
18,Hombre,Rural,Sierra,Superior universitaria,17,0.0,44.0,Empleado,Agropecuario,1 a 10 trabajadores,No,5,836.0
37,Hombre,Urbana,Selva,Superior universitaria,15,13.0,42.0,Empleado,Servicios,Mas de 50 trabajadores,No,3,2210.0
44,Hombre,Urbana,Sierra,Secundaria,8,35.0,54.0,Trabajador independiente,Comercio,1 a 10 trabajadores,No,6,689.0
37,Hombre,Urbana,Costa,Posgrado,17,12.0,62.0,Obrero,Manufactura,1 a 10 trabajadores,No,8,3761.0
26,Hombre,Urbana,Lima Metropolitana,Secundaria,9,10.0,15.0,Empleado,Manufactura,11 a 50 trabajadores,No,2,881.0
37,Mujer,Urbana,Costa,Superior universitaria,15,22.0,38.0,Empleado,Construccion,11 a 50 trabajadores,Si,4,3056.0
47,Hombre,Urbana,Sierra,Primaria o menos,2,38.0,39.0,Obrero,Comercio,Mas de 50 trabajadores,Si,3,795.0
43,Mujer,Rural,Sierra,Superior universitaria,16,23.0,37.0,Empleado,Agropecuario,11 a 50 trabajadores,No,5,597.0
42,Hombre,Urbana,Selva,Superior universitaria,16,17.0,36.0,Empleado,Manufactura,Mas de 50 trabajadores,Si,6,3600.0
22,Hombre,Urbana,Costa,Secundaria,7,,39.0,Trabajador independiente,Manufactura,1 a 10 trabajadores,No,3,621.0
55,Hombre,Urbana,Lima Metropolitana,Superior universitaria,17,34.0,58.0,Empleado,Comercio,11 a 50 trabajadores,Si,8,8720.0
49,Hombre,Urbana,Sierra,Superior universitaria,16,25.0,35.0,Empleado,Servicios,Mas de 50 trabajadores,Si,5,5281.0
24,Mujer,Rural,Costa,Secundaria,10,8.0,66.0,Trabajador independiente,Comercio,1 a 10 trabajadores,No,3,505.0
19,Mujer,Urbana,Costa,Posgrado,17,0.0,43.0,Trabajador independiente,"Administracion publica, educacion y salud",1 a 10 trabajadores,Si,6,3107.0
42,Hombre,Rural,Sierra,Primaria o menos,5,32.0,34.0,Trabajador independiente,Agropecuario,1 a 10 trabajadores,No,1,175.0
39,Hombre,Urbana,Lima Metropolitana,Superior universitaria,15,16.0,70.0,Trabajador independiente,Manufactura,1 a 10 trabajadores,No,4,4255.0
34,Hombre,Urbana,Lima Metropolitana,Posgrado,17,12.0,,Empleado,Servicios,Mas de 50 trabajadores,Si,5,7770.0
63,Mujer,Urbana,Sierra,Superior universitaria,17,42.0,34.0,Empleado,Comercio,1 a 10 trabajadores,No,7,1700.0
51,Hombre,Urbana,Selva,Secundaria,7,38.0,,Trabajador independiente,Servicios,1 a 10 trabajadores,No,1,769.0
30,Mujer,Urbana,Costa,Secundaria,8,15.0,38.0,Empleado,Servicios,11 a 50 trabajadores,No,5,878.0
62,Hombre,Urbana,Costa,Secundaria,10,44.0,50.0,Empleado,Comercio,1 a 10 trabajadores,No,3,994.0
30,Hombre,Rural,Costa,Superior no universitaria,13,11.0,43.0,Trabajador independiente,Agropecuario,1 a 10 trabajadores,No,2,509.0
39,Hombre,Urbana,Sierra,Secundaria,8,29.0,34.0,Obrero,Agropecuario,1 a 10 trabajadores,No,4,1247.0
18,Hombre,Rural,Sierra,Superior no universitaria,13,0.0,30.0,Empleado,Agropecuario,1 a 10 trabajadores,No,4,378.0
26,Hombre,Urbana,Lima Metropolitana,Superior universitaria,14,6.0,52.0,Trabajador independiente,Servicios,1 a 10 trabajadores,No,3,2867.0
50,Mujer,Urbana,Lima Metropolitana,Superior no universitaria,15,26.0,25.0,Trabajador independiente,Comercio,1 a 10 trabajadores,No,4,1213.0
36,Hombre,Urbana,Selva,Primaria o menos,2,27.0,31.0,Trabajador independiente,"Administracion publica, educacion y salud",1 a 10 trabajadores,No,7,776.0
33,Hombre,Urbana,Lima Metropolitana,Superior no universitaria,12,15.0,42.0,Empleado,Comercio,1 a 10 trabajadores,No,2,1403.0
36,Hombre,Urbana,Sierra,Secundaria,8,26.0,55.0,Empleado,Servicios,11 a 50 trabajadores,No,4,1253.0
59,Mujer,Urbana,Sierra,Secundaria,7,45.0,,Obrero,Comercio,1 a 10 trabajadores,No,2,796.0
20,Hombre,Rural,Selva,Superior universitaria,16,0.0,35.0,Trabajador independiente,Agropecuario,1 a 10 trabajadores,No,4,526.0
62,Mujer,Urbana,Costa,Secundaria,9,45.0,47.0,Empleado,Comercio,1 a 10 trabajadores,Si,4,1506.0
18,Mujer,Urbana,Costa,Superior no universitaria,13,0.0,41.0,Obrero,Servicios,1 a 10 trabajadores,Si,2,1237.0
52,Mujer,Urbana,Costa,Superior universitaria,17,32.0,33.0,Empleado,Construccion,11 a 50 trabajadores,Si,2,5351.0
49,Hombre,Urbana,Lima Metropolitana,Superior universitaria,17,26.0,49.0,Obrero,"Administracion publica, educacion y salud",1 a 10 trabajadores,Si,3,3850.0
44,Hombre,Urbana,Selva,Primaria o menos,6,33.0,23.0,Empleado,"Administracion publica, educacion y salud",Mas de 50 trabajadores,No,3,916.0
50,Hombre,Urbana,Sierra,Posgrado,19,26.0,26.0,Empleado,Manufactura,1 a 10 trabajadores,No,5,9334.0
42,Mujer,Urbana,Lima Metropolitana,Secundaria,11,24.0,56.0,Obrero,Comercio,Mas de 50 trabajadores,No,5,1749.0
33,Mujer,Urbana,Lima Metropolitana,Posgrado,19,6.0,57.0,Empleado,Servicios,11 a 50 trabajadores,No,3,5172.0
42,Mujer,Rural,Sierra,Secundaria,7,31.0,27.0,Empleador,Agropecuario,1 a 10 trabajadores,No,6,476.0
30,Mujer,Rural,Selva,Primaria o menos,3,23.0,34.0,Trabajador independiente,Comercio,1 a 10 trabajadores,No,5,250.0
63,Mujer,Urbana,Sierra,Secundaria,10,45.0,59.0,Trabajador independiente,Servicios,1 a 10 trabajadores,No,5,885.0
23,Mujer,Urbana,Lima Metropolitana,Superior no universitaria,15,3.0,27.0,Obrero,Servicios,11 a 50 trabajadores,No,2,1482.0
45,Mujer,Urbana,Costa,Superior universitaria,16,20.0,39.0,Empleado,Construccion,Mas de 50 trabajadores,Si,3,4861.0
36,Mujer,Urbana,Sierra,Superior no universitaria,14,13.0,40.0,Empleado,Comercio,1 a 10 trabajadores,No,6,1216.0
30,Hombre,Rural,Sierra,Secundaria,8,16.0,23.0,Trabajador independiente,Agropecuario,1 a 10 trabajadores,No,2,214.0
37,Mujer,Rural,Sierra,Primaria o menos,3,29.0,49.0,Trabajador independiente,Agropecuario,1 a 10 trabajadores,No,2,225.0
41,Mujer,Urbana,Lima Metropolitana,Primaria o menos,3,32.0,54.0,Trabajador independiente,Comercio,1 a 10 trabajadores,No,2,548.0
20,Hombre,Rural,Sierra,Primaria o menos,2,12.0,51.0,Trabajador independiente,Agropecuario,1 a 10 trabajadores,No,3,150.0
44,Mujer,Urbana,Lima Metropolitana,Superior universitaria,17,26.0,47.0,Empleado,Construccion,11 a 50 trabajadores,No,4,6655.0
32,Hombre,Urbana,Lima Metropolitana,Secundaria,11,14.0,31.0,Empleado,Comercio,Mas de 50 trabajadores,Si,6,2698.0
18,Hombre,Urbana,Lima Metropolitana,Secundaria,8,2.0,28.0,Empleado,Comercio,1 a 10 trabajadores,No,7,814.0
47,Hombre,Urbana,Lima Metropolitana,Superior universitaria,15,27.0,49.0,Empleado,Manufactura,Mas de 50 trabajadores,Si,5,6230.0
26,Hombre,Urbana,Lima Metropolitana,Superior universitaria,14,8.0,52.0,Empleado,Comercio,Mas de 50 trabajadores,Si,4,5068.0
31,Mujer,Urbana,Selva,Primaria o menos,3,23.0,68.0,Obrero,"Administracion publica, educacion y salud",Mas de 50 trabajadores,Si,4,1021.0
43,Mujer,Urbana,Costa,Superior universitaria,16,18.0,63.0,Trabajador independiente,Comercio,1 a 10 trabajadores,No,2,1971.0
55,Hombre,Urbana,Costa,Superior no universitaria,12,35.0,60.0,Trabajador independiente,"Administracion publica, educacion y salud",1 a 10 trabajadores,,4,3638.0
55,Mujer,Rural,Sierra,Primaria o menos,4,45.0,30.0,Trabajador independiente,Agropecuario,1 a 10 trabajadores,No,2,150.0
35,Mujer,Urbana,Lima Metropolitana,Superior universitaria,15,16.0,45.0,Empleado,Servicios,Mas de 50 trabajadores,Si,2,5637.0
40,Hombre,Urbana,Lima Metropolitana,Superior no universitaria,15,20.0,50.0,Empleado,Comercio,1 a 10 trabajadores,Si,1,4283.0
62,Mujer,Urbana,Lima Metropolitana,Superior no universitaria,13,41.0,20.0,Trabajador independiente,Comercio,1 a 10 trabajadores,No,2,998.0
22,Hombre,Rural,Sierra,Secundaria,7,16.0,35.0,Empleado,Agropecuario,1 a 10 trabajadores,No,8,257.0
44,Mujer,Urbana,Sierra,Secundaria,9,26.0,66.0,Trabajador independiente,"Administracion publica, educacion y salud",1 a 10 trabajadores,No,5,1177.0
36,Hombre,Urbana,Sierra,Secundaria,9,21.0,38.0,Empleado,"Administracion publica, educacion y salud",1 a 10 trabajadores,No,2,1501.0
24,Mujer,Urbana,Costa,Primaria o menos,2,16.0,31.0,Empleado,Construccion,Mas de 50 trabajadores,,6,1598.0
37,Hombre,Urbana,Sierra,Superior universitaria,17,10.0,36.0,Trabajador independiente,Comercio,1 a 10 trabajadores,No,6,1410.0
34,Mujer,Urbana,Sierra,Secundaria,7,22.0,35.0,Trabajador independiente,"Administracion publica, educacion y salud",1 a 10 trabajadores,No,3,447.0
23,Hombre,Urbana,Sierra,Secundaria,8,8.0,57.0,Trabajador independiente,Servicios,1 a 10 trabajadores,No,3,337.0
38,Hombre,Urbana,Costa,Secundaria,8,23.0,25.0,Empleado,"Administracion publica, educacion y salud",Mas de 50 trabajadores,Si,4,2932.0
31,Hombre,Urbana,Costa,Secundaria,7,21.0,41.0,Trabajador independiente,Servicios,1 a 10 trabajadores,No,6,632.0
57,Hombre,Urbana,Sierra,Secundaria,11,37.0,26.0,Empleado,Construccion,1 a 10 trabajadores,Si,4,1454.0
48,Mujer,Urbana,Lima Metropolitana,Primaria o menos,6,36.0,44.0,Empleado,Servicios,1 a 10 trabajadores,No,6,1100.0
47,Mujer,Rural,Selva,Secundaria,9,31.0,63.0,Empleador,Agropecuario,1 a 10 trabajadores,No,4,446.0
35,Mujer,Urbana,Lima Metropolitana,Secundaria,7,22.0,57.0,Obrero,Servicios,Mas de 50 trabajadores,No,2,1024.0
29,Mujer,Urbana,Lima Metropolitana,Superior no universitaria,15,11.0,33.0,Empleado,Comercio,1 a 10 trabajadores,No,3,1875.0
47,Mujer,Rural,Sierra,Secundaria,11,30.0,45.0,Trabajador independiente,Agropecuario,1 a 10 trabajadores,No,3,198.0
33,Hombre,Rural,Costa,Primaria o menos,5,22.0,27.0,Trabajador independiente,Agropecuario,1 a 10 trabajadores,No,5,329.0
32,Mujer,Urbana,Costa,Superior no universitaria,14,8.0,50.0,Empleado,Comercio,1 a 10 trabajadores,Si,2,1351.0
18,Hombre,Rural,Sierra,Secundaria,9,3.0,50.0,Empleado,Agropecuario,1 a 10 trabajadores,Si,5,457.0
41,Hombre,Urbana,Costa,Secundaria,9,27.0,42.0,Trabajador independiente,Comercio,1 a 10 trabajadores,Si,4,804.0
62,Mujer,Urbana,Costa,Primaria o menos,6,45.0,54.0,Obrero,Manufactura,11 a 50 trabajadores,No,3,543.0
51,Mujer,Rural,Selva,Secundaria,10,36.0,16.0,Trabajador independiente,Comercio,1 a 10 trabajadores,No,3,286.0
30,Mujer,Rural,Selva,Primaria o menos,3,19.0,49.0,Trabajador independiente,Agropecuario,1 a 10 trabajadores,No,6,150.0
48,Hombre,Urbana,Costa,Secundaria,7,34.0,51.0,Trabajador independiente,Comercio,1 a 10 trabajadores,No,2,631.0
28,Hombre,Urbana,Costa,Superior no universitaria,15,7.0,40.0,Empleado,Servicios,1 a 10 trabajadores,No,3,1861.0
32,Hombre,Urbana,Sierra,Posgrado,19,6.0,47.0,Empleado,Agropecuario,1 a 10 trabajadores,,3,3571.0
43,Hombre,Rural,Sierra,Primaria o menos,6,31.0,46.0,Trabajador independiente,Agropecuario,11 a 50 trabajadores,No,8,180.0
52,Hombre,Urbana,Selva,Secundaria,10,35.0,46.0,Obrero,Manufactura,Mas de 50 trabajadores,Si,4,2391.0
23,Hombre,Urbana,Lima Metropolitana,Secundaria,11,9.0,32.0,Trabajador independiente,Comercio,11 a 50 trabajadores,No,2,1264.0
41,Hombre,Urbana,Sierra,Secundaria,7,27.0,40.0,Empleado,Servicios,11 a 50 trabajadores,Si,6,1361.0
37,Mujer,Urbana,Sierra,Secundaria,11,18.0,52.0,Trabajador independiente,Servicios,1 a 10 trabajadores,No,6,624.0
33,Hombre,Rural,Selva,Primaria o menos,2,24.0,30.0,Trabajador independiente,Agropecuario,1 a 10 trabajadores,No,5,150.0
37,Hombre,Urbana,Costa,Secundaria,11,24.0,38.0,Empleador,Comercio,1 a 10 trabajadores,No,4,1586.0
23,Hombre,Rural,Sierra,Superior no universitaria,13,5.0,22.0,Obrero,Agropecuario,11 a 50 trabajadores,No,4,366.0
32,Hombre,Urbana,Costa,Superior no universitaria,15,10.0,61.0,Trabajador independiente,Construccion,1 a 10 trabajadores,No,5,1999.0
52,Mujer,Urbana,Lima Metropolitana,Superior no universitaria,13,33.0,,Trabajador independiente,Construccion,1 a 10 trabajadores,No,4,2450.0
30,Hombre,Rural,Selva,Secundaria,9,15.0,36.0,Trabajador independiente,Agropecuario,1 a 10 trabajadores,No,4,438.0
24,Hombre,Rural,Sierra,Secundaria,7,11.0,25.0,Empleado,Agropecuario,1 a 10 trabajadores,No,6,393.0
39,Mujer,Rural,Sierra,Secundaria,9,26.0,39.0,Trabajador independiente,Agropecuario,1 a 10 trabajadores,No,9,150.0
33,Mujer,Urbana,Selva,Superior no universitaria,15,13.0,22.0,Trabajador independiente,Manufactura,1 a 10 trabajadores,No,5,1071.0
42,Mujer,Urbana,Sierra,Superior universitaria,17,22.0,45.0,Trabajador independiente,Servicios,1 a 10 trabajadores,No,5,1569.0
38,Mujer,Rural,Costa,Secundaria,11,19.0,35.0,Empleador,Agropecuario,11 a 50 trabajadores,No,2,641.0
21,Mujer,Urbana,Lima Metropolitana,Secundaria,9,4.0,44.0,Empleado,"Administracion publica, educacion y salud",11 a 50 trabajadores,,4,1650.0
34,Hombre,Rural,Sierra,Superior no universitaria,14,14.0,26.0,Trabajador independiente,Construccion,1 a 10 trabajadores,No,6,660.0
33,Hombre,Urbana,Lima Metropolitana,Secundaria,9,19.0,55.0,Empleado,Comercio,11 a 50 trabajadores,No,3,1310.0
50,Mujer,Urbana,Costa,Secundaria,9,38.0,70.0,Empleado,Comercio,1 a 10 trabajadores,No,4,684.0
38,Hombre,Rural,Selva,Primaria o menos,2,31.0,60.0,Empleador,Agropecuario,1 a 10 trabajadores,No,4,519.0
31,Mujer,Urbana,Selva,Secundaria,10,14.0,31.0,Trabajador independiente,Construccion,1 a 10 trabajadores,No,4,772.0
18,Mujer,Urbana,Costa,Secundaria,7,2.0,26.0,Trabajador independiente,Servicios,1 a 10 trabajadores,No,2,625.0
61,Hombre,Urbana,Costa,Posgrado,18,38.0,48.0,Trabajador independiente,Comercio,1 a 10 trabajadores,No,3,3652.0
49,Hombre,Urbana,Costa,Superior no universitaria,15,29.0,43.0,Empleado,"Administracion publica, educacion y salud",1 a 10 trabajadores,Si,6,7748.0
39,Hombre,Urbana,Sierra,Superior no universitaria,14,18.0,33.0,Empleado,Comercio,11 a 50 trabajadores,No,3,1506.0
31,Hombre,Urbana,Sierra,Secundaria,7,16.0,47.0,Empleado,"Administracion publica, educacion y salud",1 a 10 trabajadores,No,5,1559.0
32,Hombre,Urbana,Lima Metropolitana,Secundaria,11,14.0,72.0,Empleado,Comercio,Mas de 50 trabajadores,,4,4028.0
25,Hombre,Urbana,Lima Metropolitana,Secundaria,8,13.0,36.0,Empleado,Servicios,11 a 50 trabajadores,No,4,1027.0
49,Mujer,Urbana,Sierra,Superior universitaria,17,24.0,26.0,Empleado,Servicios,11 a 50 trabajadores,No,4,2025.0
46,Hombre,Urbana,Sierra,Secundaria,7,33.0,45.0,Empleado,Comercio,Mas de 50 trabajadores,No,4,1260.0
48,Mujer,Urbana,Costa,Secundaria,7,33.0,49.0,Trabajador independiente,Servicios,1 a 10 trabajadores,No,6,703.0
36,Hombre,Urbana,Sierra,Posgrado,18,10.0,33.0,Empleador,Manufactura,1 a 10 trabajadores,No,3,4168.0
21,Hombre,Rural,Costa,Superior universitaria,14,0.0,26.0,Empleado,Manufactura,11 a 50 trabajadores,No,1,727.0
32,Hombre,Urbana,Lima Metropolitana,Secundaria,7,18.0,22.0,Trabajador independiente,"Administracion publica, educacion y salud",1 a 10 trabajadores,No,5,596.0
42,Hombre,Rural,Sierra,Primaria o menos,4,31.0,51.0,Trabajador independiente,Agropecuario,1 a 10 trabajadores,No,2,260.0
35,Hombre,Rural,Sierra,Secundaria,7,21.0,8.0,Trabajador independiente,Agropecuario,1 a 10 trabajadores,No,2,150.0
28,Hombre,Rural,Selva,Secundaria,7,15.0,30.0,Obrero,Agropecuario,11 a 50 trabajadores,No,3,307.0
23,Hombre,Urbana,Costa,Secundaria,10,9.0,43.0,Trabajador independiente,Construccion,1 a 10 trabajadores,No,2,1002.0
47,Mujer,Rural,Sierra,Secundaria,11,28.0,42.0,Trabajador independiente,Agropecuario,1 a 10 trabajadores,No,5,311.0
40,Hombre,Urbana,Costa,Secundaria,11,24.0,43.0,Empleado,"Administracion publica, educacion y salud",1 a 10 trabajadores,No,4,2191.0
55,Hombre,Urbana,Lima Metropolitana,Secundaria,7,42.0,32.0,Empleado,"Administracion publica, educacion y salud",1 a 10 trabajadores,No,3,1243.0
59,Hombre,Urbana,Lima Metropolitana,Superior no universitaria,14,41.0,47.0,Trabajador independiente,"Administracion publica, educacion y salud",1 a 10 trabajadores,No,4,2024.0
57,Hombre,Rural,Sierra,Secundaria,11,38.0,41.0,Obrero,Agropecuario,11 a 50 trabajadores,No,5,462.0
29,Hombre,Urbana,Sierra,Superior no universitaria,13,6.0,53.0,Obrero,Servicios,1 a 10 trabajadores,No,5,1043.0
23,Hombre,Rural,Sierra,Primaria o menos,6,12.0,39.0,Trabajador independiente,Agropecuario,1 a 10 trabajadores,No,6,186.0
33,Hombre,Rural,Sierra,Superior no universitaria,12,15.0,31.0,Trabajador independiente,Agropecuario,Mas de 50 trabajadores,No,1,470.0
58,Mujer,Rural,Sierra,Superior universitaria,17,30.0,37.0,Trabajador independiente,Agropecuario,1 a 10 trabajadores,No,1,468.0
52,Hombre,Urbana,Costa,Superior universitaria,17,23.0,37.0,Obrero,"Administracion publica, educacion y salud",1 a 10 trabajadores,Si,8,6721.0
46,Mujer,Rural,Sierra,Secundaria,10,30.0,50.0,Trabajador independiente,Comercio,1 a 10 trabajadores,No,6,544.0
34,Mujer,Urbana,Costa,Secundaria,8,21.0,46.0,Empleado,"Administracion publica, educacion y salud",11 a 50 trabajadores,No,2,1544.0
49,Hombre,Urbana,Lima Metropolitana,Superior universitaria,15,30.0,35.0,Trabajador independiente,Servicios,1 a 10 trabajadores,Si,4,3620.0
40,Mujer,Rural,Sierra,Primaria o menos,5,28.0,51.0,Trabajador independiente,Comercio,1 a 10 trabajadores,No,6,305.0
58,Mujer,Urbana,Costa,Superior universitaria,16,35.0,38.0,Empleado,Servicios,Mas de 50 trabajadores,Si,7,3760.0
28,Mujer,Urbana,Costa,Secundaria,8,13.0,31.0,Trabajador independiente,Comercio,1 a 10 trabajadores,No,2,361.0
33,Hombre,Urbana,Lima Metropolitana,Secundaria,9,17.0,39.0,Trabajador independiente,Agropecuario,1 a 10 trabajadores,No,3,879.0
65,Hombre,Urbana,Costa,Superior no universitaria,15,44.0,53.0,Empleado,Comercio,Mas de 50 trabajadores,Si,6,3241.0
39,Hombre,Rural,Sierra,Primaria o menos,3,30.0,28.0,Trabajador independiente,Servicios,1 a 10 trabajadores,No,4,218.0
47,Mujer,Urbana,Lima Metropolitana,Secundaria,10,30.0,53.0,Empleado,Servicios,1 a 10 trabajadores,No,3,778.0
32,Hombre,Urbana,Sierra,Superior universitaria,16,8.0,38.0,Obrero,Manufactura,11 a 50 trabajadores,No,2,1309.0
44,Hombre,Urbana,Costa,Primaria o menos,6,29.0,26.0,Empleado,Manufactura,Mas de 50 trabajadores,No,6,602.0
38,Hombre,Rural,Sierra,Primaria o menos,2,33.0,38.0,Trabajador independiente,Agropecuario,1 a 10 trabajadores,No,4,150.0
27,Hombre,Urbana,Costa,Posgrado,19,2.0,43.0,Empleado,Comercio,1 a 10 trabajadores,Si,6,4131.0
62,Mujer,Urbana,Costa,Secundaria,11,43.0,46.0,Empleado,"Administracion publica, educacion y salud",11 a 50 trabajadores,No,4,2566.0
20,Hombre,Urbana,Lima Metropolitana,Secundaria,11,5.0,41.0,Obrero,Servicios,Mas de 50 trabajadores,No,3,1092.0
44,Mujer,Urbana,Lima Metropolitana,Superior no universitaria,13,23.0,63.0,Empleado,"Administracion publica, educacion y salud",1 a 10 trabajadores,Si,1,3324.0
27,Hombre,Rural,Sierra,Superior no universitaria,12,11.0,57.0,Trabajador independiente,Comercio,1 a 10 trabajadores,No,5,348.0
36,Hombre,Urbana,Lima Metropolitana,Superior universitaria,14,21.0,41.0,Trabajador independiente,Comercio,1 a 10 trabajadores,No,2,1438.0
43,Hombre,Urbana,Selva,Secundaria,7,29.0,30.0,Empleado,Comercio,1 a 10 trabajadores,No,4,785.0
32,Hombre,Rural,Costa,Primaria o menos,2,22.0,44.0,Trabajador independiente,Agropecuario,11 a 50 trabajadores,No,4,340.0
36,Hombre,Urbana,Selva,Secundaria,9,24.0,51.0,Trabajador independiente,"Administracion publica, educacion y salud",1 a 10 trabajadores,No,2,1199.0
35,Mujer,Urbana,Costa,Primaria o menos,2,22.0,49.0,Trabajador independiente,Manufactura,1 a 10 trabajadores,No,5,381.0
49,Mujer,Urbana,Lima Metropolitana,Superior no universitaria,14,26.0,54.0,Trabajador independiente,"Administracion publica, educacion y salud",1 a 10 trabajadores,No,3,3090.0
59,Mujer,Urbana,Costa,Superior no universitaria,12,43.0,61.0,Empleado,"Administracion publica, educacion y salud",Mas de 50 trabajadores,Si,5,2554.0
38,Mujer,Urbana,Lima Metropolitana,Superior no universitaria,15,22.0,25.0,Empleado,Manufactura,Mas de 50 trabajadores,Si,3,3936.0
37,Hombre,Rural,Sierra,Superior universitaria,14,17.0,40.0,Empleado,Agropecuario,1 a 10 trabajadores,No,5,646.0
39,Hombre,Rural,Sierra,Secundaria,9,26.0,36.0,Trabajador independiente,Agropecuario,1 a 10 trabajadores,No,2,257.0
44,Hombre,Urbana,Selva,Secundaria,8,30.0,27.0,Empleado,"Administracion publica, educacion y salud",1 a 10 trabajadores,No,3,721.0
34,Hombre,Urbana,Lima Metropolitana,Superior universitaria,16,13.0,35.0,Empleado,Comercio,1 a 10 trabajadores,Si,4,4251.0
44,Hombre,Urbana,Lima Metropolitana,Secundaria,7,28.0,31.0,Empleado,Comercio,Mas de 50 trabajadores,Si,6,2843.0
18,Hombre,Urbana,Lima Metropolitana,Superior no universitaria,12,2.0,37.0,Obrero,Servicios,Mas de 50 trabajadores,No,1,1228.0
37,Mujer,Urbana,Lima Metropolitana,Superior universitaria,17,14.0,40.0,Trabajador independiente,"Administracion publica, educacion y salud",1 a 10 trabajadores,Si,3,3939.0
27,Hombre,Urbana,Selva,Secundaria,10,12.0,50.0,Obrero,Comercio,Mas de 50 trabajadores,Si,8,1869.0
50,Mujer,Rural,Sierra,Secundaria,7,33.0,46.0,Empleador,Agropecuario,1 a 10 trabajadores,No,5,543.0
43,Hombre,Urbana,Lima Metropolitana,Secundaria,7,29.0,34.0,Trabajador independiente,"Administracion publica, educacion y salud",1 a 10 trabajadores,No,6,1112.0
33,Hombre,Urbana,Costa,Primaria o menos,3,22.0,57.0,Obrero,Manufactura,Mas de 50 trabajadores,No,5,720.0
50,Hombre,Urbana,Costa,Secundaria,7,41.0,52.0,Empleado,Comercio,1 a 10 trabajadores,No,1,788.0
18,Hombre,Rural,Selva,Secundaria,7,7.0,46.0,Trabajador independiente,Agropecuario,1 a 10 trabajadores,No,4,240.0
40,Mujer,Urbana,Sierra,Superior universitaria,14,23.0,49.0,Empleado,Manufactura,11 a 50 trabajadores,No,1,1924.0
29,Mujer,Urbana,Lima Metropolitana,Secundaria,9,12.0,50.0,Empleado,"Administracion publica, educacion y salud",Mas de 50 trabajadores,Si,8,2696.0
59,Hombre,Urbana,Sierra,Secundaria,9,43.0,40.0,Empleado,Comercio,11 a 50 trabajadores,No,4,1490.0
49,Mujer,Urbana,Lima Metropolitana,Secundaria,11,30.0,65.0,Trabajador independiente,Manufactura,1 a 10 trabajadores,No,5,1637.0
31,Mujer,Urbana,Sierra,Primaria o menos,6,22.0,36.0,Empleado,Servicios,11 a 50 trabajadores,Si,5,894.0
46,Mujer,Rural,Sierra,Superior universitaria,16,19.0,51.0,Empleado,Agropecuario,1 a 10 trabajadores,Si,6,720.0
27,Mujer,Urbana,Lima Metropolitana,Primaria o menos,2,19.0,43.0,Empleado,Comercio,11 a 50 trabajadores,No,6,975.0
29,Mujer,Urbana,Lima Metropolitana,Superior no universitaria,14,8.0,56.0,Empleado,Construccion,1 a 10 trabajadores,Si,7,3184.0
59,Hombre,Urbana,Costa,Primaria o menos,6,45.0,26.0,Empleado,Servicios,Mas de 50 trabajadores,Si,1,1315.0
33,Hombre,Urbana,Selva,Secundaria,8,19.0,37.0,Empleado,"Administracion publica, educacion y salud",1 a 10 trabajadores,Si,2,1331.0
33,Mujer,Urbana,Costa,Secundaria,8,16.0,38.0,Trabajador independiente,Comercio,11 a 50 trabajadores,No,3,537.0
39,Mujer,Urbana,Sierra,Secundaria,11,21.0,38.0,Obrero,Comercio,Mas de 50 trabajadores,Si,6,2066.0
21,Mujer,Urbana,Costa,Superior universitaria,17,0.0,69.0,Empleado,"Administracion publica, educacion y salud",1 a 10 trabajadores,Si,7,4382.0
37,Mujer,Urbana,Costa,Superior universitaria,16,15.0,52.0,Empleado,Servicios,Mas de 50 trabajadores,Si,4,3061.0
40,Mujer,Urbana,Selva,Secundaria,7,27.0,53.0,Empleado,Servicios,Mas de 50 trabajadores,Si,3,1030.0
50,Mujer,Rural,Sierra,Primaria o menos,2,45.0,42.0,Trabajador independiente,Agropecuario,1 a 10 trabajadores,No,8,255.0
18,Hombre,Rural,Selva,Primaria o menos,6,7.0,43.0,Trabajador independiente,Agropecuario,1 a 10 trabajadores,No,2,215.0
52,Hombre,Rural,Sierra,Primaria o menos,2,45.0,63.0,Trabajador independiente,Comercio,1 a 10 trabajadores,No,4,262.0
43,Hombre,Urbana,Sierra,Superior no universitaria,14,25.0,50.0,Empleado,Servicios,11 a 50 trabajadores,Si,8,3821.0
49,Hombre,Urbana,Lima Metropolitana,Primaria o menos,3,41.0,41.0,Empleado,"Administracion publica, educacion y salud",1 a 10 trabajadores,Si,5,1570.0
65,Hombre,Urbana,Sierra,Superior no universitaria,14,45.0,54.0,Trabajador independiente,Servicios,1 a 10 trabajadores,No,1,1876.0
32,Mujer,Urbana,Costa,Secundaria,9,18.0,,Empleado,"Administracion publica, educacion y salud",Mas de 50 trabajadores,Si,6,2379.0
59,Hombre,Urbana,Costa,Superior universitaria,14,39.0,55.0,Trabajador independiente,Comercio,1 a 10 trabajadores,No,3,2284.0
43,Mujer,Urbana,Selva,Secundaria,10,22.0,65.0,Trabajador independiente,Construccion,11 a 50 trabajadores,No,7,1073.0
51,Hombre,Urbana,Costa,Superior universitaria,17,31.0,42.0,Empleado,Servicios,Mas de 50 trabajadores,Si,4,4229.0
37,Mujer,Urbana,Sierra,Superior universitaria,17,16.0,42.0,Empleado,Manufactura,1 a 10 trabajadores,Si,2,4030.0
23,Hombre,Urbana,Lima Metropolitana,Secundaria,9,9.0,40.0,Trabajador independiente,Comercio,1 a 10 trabajadores,No,5,1328.0
55,Hombre,Urbana,Lima Metropolitana,Secundaria,7,39.0,43.0,Empleado,Comercio,1 a 10 trabajadores,Si,8,849.0
43,Hombre,Urbana,Costa,Secundaria,7,28.0,18.0,Empleado,Servicios,Mas de 50 trabajadores,Si,3,1262.0
57,Mujer,Rural,Costa,Primaria o menos,4,45.0,52.0,Empleado,Agropecuario,1 a 10 trabajadores,Si,1,359.0
46,Hombre,Urbana,Costa,Superior universitaria,15,26.0,55.0,Empleado,Servicios,11 a 50 trabajadores,No,5,2024.0
56,Hombre,Urbana,Lima Metropolitana,Superior universitaria,16,34.0,69.0,Empleado,Comercio,Mas de 50 trabajadores,No,3,4166.0
65,Mujer,Urbana,Sierra,Superior universitaria,17,44.0,64.0,Empleado,Comercio,11 a 50 trabajadores,Si,3,3141.0
41,Mujer,Urbana,Sierra,Posgrado,19,13.0,47.0,Obrero,Comercio,11 a 50 trabajadores,Si,3,4664.0
60,Hombre,Urbana,Lima Metropolitana,Primaria o menos,5,45.0,44.0,Empleado,Comercio,Mas de 50 trabajadores,No,2,1496.0
38,Hombre,Urbana,Sierra,Superior no universitaria,14,18.0,26.0,Trabajador independiente,"Administracion publica, educacion y salud",1 a 10 trabajadores,No,5,1622.0
57,Hombre,Urbana,Lima Metropolitana,Secundaria,7,45.0,38.0,Obrero,Comercio,Mas de 50 trabajadores,No,3,730.0
30,Hombre,Urbana,Costa,Secundaria,10,14.0,30.0,Obrero,Comercio,11 a 50 trabajadores,No,3,1012.0
37,Hombre,Rural,Sierra,Primaria o menos,3,28.0,41.0,Empleado,Agropecuario,1 a 10 trabajadores,No,5,269.0
34,Hombre,Urbana,Lima Metropolitana,Secundaria,10,20.0,41.0,Empleado,Servicios,1 a 10 trabajadores,Si,4,1894.0
57,Hombre,Urbana,Selva,Superior universitaria,15,37.0,24.0,Trabajador independiente,Comercio,1 a 10 trabajadores,No,4,1481.0
33,Mujer,Urbana,Lima Metropolitana,Posgrado,20,4.0,37.0,Obrero,Servicios,1 a 10 trabajadores,No,5,5842.0
37,Mujer,Rural,Sierra,Primaria o menos,6,24.0,39.0,Trabajador independiente,Agropecuario,1 a 10 trabajadores,No,4,150.0
47,Mujer,Urbana,Sierra,Secundaria,10,31.0,37.0,Trabajador independiente,Comercio,1 a 10 trabajadores,No,5,951.0
33,Mujer,Urbana,Lima Metropolitana,Secundaria,10,19.0,44.0,Empleado,Manufactura,1 a 10 trabajadores,No,2,750.0
34,Hombre,Urbana,Costa,Superior universitaria,15,12.0,55.0,Trabajador independiente,Construccion,1 a 10 trabajadores,No,5,2021.0
46,Mujer,Urbana,Lima Metropolitana,Posgrado,19,20.0,57.0,Obrero,Comercio,1 a 10 trabajadores,No,5,2261.0
44,Mujer,Urbana,Sierra,Primaria o menos,2,36.0,35.0,Trabajador independiente,"Administracion publica, educacion y salud",1 a 10 trabajadores,No,6,434.0
35,Mujer,Urbana,Sierra,Superior universitaria,17,9.0,45.0,Empleado,Manufactura,Mas de 50 trabajadores,Si,3,4045.0
45,Mujer,Urbana,Selva,Superior no universitaria,15,26.0,47.0,Empleado,Servicios,11 a 50 trabajadores,Si,1,4441.0
37,Hombre,Rural,Sierra,Primaria o menos,5,24.0,29.0,Empleador,"Administracion publica, educacion y salud",11 a 50 trabajadores,No,3,1179.0
32,Hombre,Urbana,Costa,Superior universitaria,16,11.0,62.0,Empleado,Servicios,1 a 10 trabajadores,,1,5032.0
49,Hombre,Rural,Selva,Secundaria,11,31.0,26.0,Trabajador independiente,Agropecuario,1 a 10 trabajadores,No,6,373.0
31,Mujer,Urbana,Sierra,Superior universitaria,16,8.0,63.0,Trabajador independiente,Comercio,1 a 10 trabajadores,No,2,2333.0
18,Hombre,Urbana,Lima Metropolitana,Superior no universitaria,12,0.0,61.0,Empleado,Construccion,1 a 10 trabajadores,Si,2,1661.0
34,Hombre,Rural,Costa,Primaria o menos,2,28.0,42.0,Obrero,Manufactura,1 a 10 trabajadores,Si,2,719.0
40,Hombre,Rural,Sierra,Primaria o menos,2,33.0,27.0,Trabajador independiente,Manufactura,1 a 10 trabajadores,No,6,324.0
43,Hombre,Rural,Selva,Secundaria,7,25.0,43.0,Empleador,Agropecuario,1 a 10 trabajadores,,6,618.0
23,Hombre,Rural,Sierra,Secundaria,7,8.0,41.0,Trabajador independiente,Agropecuario,1 a 10 trabajadores,No,7,150.0
18,Hombre,Urbana,Lima Metropolitana,Primaria o menos,4,8.0,44.0,Obrero,"Administracion publica, educacion y salud",1 a 10 trabajadores,No,3,771.0
18,Hombre,Urbana,Costa,Superior universitaria,16,0.0,51.0,Empleado,Comercio,11 a 50 trabajadores,Si,5,2197.0
39,Mujer,Urbana,Sierra,Secundaria,8,25.0,45.0,Empleador,"Administracion publica, educacion y salud",11 a 50 trabajadores,No,3,2484.0
49,Hombre,Urbana,Sierra,Superior no universitaria,13,29.0,47.0,Empleado,Manufactura,Mas de 50 trabajadores,Si,5,3359.0
18,Mujer,Urbana,Sierra,Superior universitaria,15,0.0,48.0,Empleado,Comercio,11 a 50 trabajadores,Si,5,2730.0
51,Mujer,Rural,Sierra,Secundaria,11,37.0,44.0,Obrero,Agropecuario,11 a 50 trabajadores,Si,7,426.0
36,Hombre,Urbana,Costa,Superior no universitaria,15,14.0,33.0,Empleado,Manufactura,11 a 50 trabajadores,No,4,2275.0
37,Mujer,Urbana,Selva,Secundaria,8,23.0,35.0,Trabajador independiente,"Administracion publica, educacion y salud",1 a 10 trabajadores,No,10,957.0
19,Hombre,Urbana,Lima Metropolitana,Secundaria,7,6.0,,Empleador,Agropecuario,1 a 10 trabajadores,No,3,1092.0
49,Hombre,Urbana,Lima Metropolitana,Superior universitaria,16,28.0,60.0,Empleado,Comercio,Mas de 50 trabajadores,No,5,5088.0
26,Mujer,Rural,Sierra,Secundaria,9,12.0,50.0,Trabajador independiente,Agropecuario,1 a 10 trabajadores,No,5,261.0
41,Hombre,Urbana,Lima Metropolitana,Secundaria,11,,13.0,Empleado,Manufactura,11 a 50 trabajadores,No,5,1729.0
50,Hombre,Urbana,Sierra,Secundaria,8,35.0,49.0,Trabajador independiente,Servicios,1 a 10 trabajadores,No,7,648.0
42,Hombre,Rural,Selva,Superior universitaria,15,19.0,36.0,Empleado,Comercio,Mas de 50 trabajadores,Si,10,2010.0
46,Hombre,Urbana,Costa,Secundaria,9,31.0,50.0,Empleador,Servicios,11 a 50 trabajadores,No,3,2240.0
59,Hombre,Urbana,Lima Metropolitana,Superior universitaria,17,39.0,54.0,Trabajador independiente,Servicios,1 a 10 trabajadores,No,5,3737.0
21,Hombre,Urbana,Sierra,Superior universitaria,17,0.0,29.0,Empleado,Agropecuario,1 a 10 trabajadores,No,4,1254.0
31,Mujer,Rural,Sierra,Secundaria,9,17.0,50.0,Obrero,Agropecuario,11 a 50 trabajadores,No,4,498.0
51,Mujer,Urbana,Costa,Secundaria,7,39.0,38.0,Trabajador independiente,Comercio,1 a 10 trabajadores,No,3,800.0
18,Hombre,Urbana,Lima Metropolitana,Superior universitaria,15,0.0,52.0,Empleado,Construccion,1 a 10 trabajadores,No,6,4580.0
38,Hombre,Rural,Selva,Superior no universitaria,12,21.0,11.0,Trabajador independiente,Comercio,1 a 10 trabajadores,No,5,267.0
26,Mujer,Rural,Sierra,Primaria o menos,3,15.0,55.0,Obrero,Agropecuario,11 a 50 trabajadores,No,4,276.0
35,Hombre,Urbana,Costa,Secundaria,7,23.0,48.0,Trabajador independiente,Comercio,1 a 10 trabajadores,No,2,1273.0
47,Hombre,Urbana,Lima Metropolitana,Secundaria,11,33.0,38.0,Empleador,Servicios,11 a 50 trabajadores,No,3,2438.0
37,Mujer,Urbana,Lima Metropolitana,Secundaria,9,21.0,72.0,Empleado,Construccion,11 a 50 trabajadores,No,4,1365.0
48,Hombre,Urbana,Sierra,Superior no universitaria,13,27.0,19.0,Empleado,Manufactura,1 a 10 trabajadores,Si,5,2959.0
45,Hombre,Urbana,Selva,Superior universitaria,14,25.0,50.0,Empleado,Manufactura,1 a 10 trabajadores,Si,3,4552.0
48,Mujer,Urbana,Costa,Secundaria,10,30.0,35.0,Empleado,Comercio,Mas de 50 trabajadores,Si,5,983.0
38,Mujer,Urbana,Lima Metropolitana,Secundaria,9,22.0,52.0,Obrero,Servicios,1 a 10 trabajadores,No,2,1059.0
38,Hombre,Urbana,Lima Metropolitana,Superior no universitaria,13,16.0,50.0,Trabajador independiente,Servicios,1 a 10 trabajadores,No,4,4546.0
46,Hombre,Rural,Sierra,Secundaria,11,33.0,43.0,Trabajador independiente,Agropecuario,1 a 10 trabajadores,No,4,266.0
18,Mujer,Rural,Costa,Primaria o menos,3,9.0,34.0,Trabajador independiente,Agropecuario,1 a 10 trabajadores,No,2,163.0
27,Mujer,Urbana,Sierra,Secundaria,7,14.0,44.0,Trabajador independiente,Comercio,11 a 50 trabajadores,No,4,418.0
35,Hombre,Urbana,Selva,Superior universitaria,16,10.0,35.0,Empleado,Comercio,11 a 50 trabajadores,Si,3,2140.0
55,Hombre,Rural,Selva,Secundaria,7,42.0,45.0,Obrero,Agropecuario,Mas de 50 trabajadores,Si,4,618.0
44,Mujer,Urbana,Lima Metropolitana,Secundaria,8,28.0,21.0,Trabajador independiente,Manufactura,1 a 10 trabajadores,No,2,586.0
46,Hombre,Urbana,Lima Metropolitana,Superior universitaria,15,26.0,31.0,Empleado,Servicios,11 a 50 trabajadores,Si,5,5140.0
23,Hombre,Urbana,Lima Metropolitana,Superior universitaria,17,4.0,62.0,Empleado,"Administracion publica, educacion y salud",1 a 10 trabajadores,Si,9,6035.0
46,Mujer,Urbana,Costa,Superior no universitaria,13,28.0,29.0,Obrero,Manufactura,Mas de 50 trabajadores,Si,2,2087.0
43,Hombre,Urbana,Lima Metropolitana,Primaria o menos,5,34.0,43.0,Empleado,Servicios,Mas de 50 trabajadores,Si,6,1990.0
59,Hombre,Urbana,Costa,Primaria o menos,2,45.0,23.0,Trabajador independiente,Construccion,Mas de 50 trabajadores,Si,4,625.0
27,Mujer,Rural,Sierra,Secundaria,9,13.0,40.0,Trabajador independiente,Agropecuario,1 a 10 trabajadores,No,3,150.0
42,Hombre,Urbana,Lima Metropolitana,Secundaria,10,27.0,45.0,Trabajador independiente,Servicios,1 a 10 trabajadores,No,4,2234.0
25,Mujer,Urbana,Sierra,Superior universitaria,16,4.0,36.0,Empleado,Agropecuario,11 a 50 trabajadores,Si,1,1314.0
41,Mujer,Rural,Sierra,Secundaria,9,,76.0,Trabajador independiente,Agropecuario,1 a 10 trabajadores,No,4,380.0
36,Hombre,Urbana,Lima Metropolitana,Superior no universitaria,14,14.0,,Trabajador independiente,"Administracion publica, educacion y salud",1 a 10 trabajadores,No,1,2354.0
54,Hombre,Rural,Costa,Secundaria,10,41.0,28.0,Trabajador independiente,Manufactura,1 a 10 trabajadores,No,3,575.0
29,Mujer,Urbana,Sierra,Superior no universitaria,15,6.0,53.0,Obrero,Servicios,11 a 50 trabajadores,No,5,2052.0
39,Mujer,Urbana,Lima Metropolitana,Superior no universitaria,15,17.0,44.0,Empleado,Servicios,Mas de 50 trabajadores,Si,5,3829.0
44,Hombre,Urbana,Lima Metropolitana,Superior no universitaria,14,21.0,57.0,Trabajador independiente,Servicios,1 a 10 trabajadores,No,9,1492.0
29,Hombre,Urbana,Lima Metropolitana,Secundaria,10,13.0,51.0,Empleado,Manufactura,11 a 50 trabajadores,Si,6,1754.0
25,Hombre,Rural,Selva,Superior universitaria,17,0.0,8.0,Empleado,Agropecuario,1 a 10 trabajadores,No,4,276.0
43,Hombre,Urbana,Costa,Secundaria,11,26.0,54.0,Trabajador independiente,Servicios,1 a 10 trabajadores,No,5,1097.0
24,Mujer,Urbana,Costa,Secundaria,7,9.0,43.0,Empleado,Manufactura,11 a 50 trabajadores,No,3,627.0
18,Hombre,Urbana,Sierra,Posgrado,20,0.0,38.0,Empleado,"Administracion publica, educacion y salud",Mas de 50 trabajadores,Si,3,8967.0
47,Hombre,Rural,Sierra,Primaria o menos,6,35.0,40.0,Empleado,Agropecuario,Mas de 50 trabajadores,Si,3,612.0
42,Hombre,Rural,Selva,Primaria o menos,6,30.0,35.0,Obrero,Agropecuario,1 a 10 trabajadores,No,2,251.0
32,Hombre,Rural,Selva,Primaria o menos,4,18.0,41.0,Empleado,Comercio,1 a 10 trabajadores,No,3,454.0
31,Mujer,Urbana,Lima Metropolitana,Superior universitaria,14,8.0,63.0,Empleado,Manufactura,Mas de 50 trabajadores,Si,6,5481.0
41,Mujer,Urbana,Selva,Secundaria,8,29.0,43.0,Trabajador independiente,Comercio,1 a 10 trabajadores,No,4,537.0
19,Mujer,Urbana,Costa,Secundaria,9,5.0,30.0,Obrero,"Administracion publica, educacion y salud",Mas de 50 trabajadores,No,4,1464.0
33,Mujer,Rural,Sierra,Superior no universitaria,14,14.0,26.0,Trabajador independiente,Agropecuario,11 a 50 trabajadores,No,3,309.0
45,Hombre,Urbana,Sierra,Superior no universitaria,14,23.0,21.0,Empleado,Manufactura,Mas de 50 trabajadores,No,5,1572.0
39,Mujer,Urbana,Lima Metropolitana,Superior universitaria,16,17.0,61.0,Empleado,Comercio,11 a 50 trabajadores,No,5,4739.0
50,Mujer,Rural,Selva,Primaria o menos,4,40.0,40.0,Trabajador independiente,Agropecuario,1 a 10 trabajadores,No,3,153.0
35,Hombre,Urbana,Costa,Superior no universitaria,12,17.0,67.0,Trabajador independiente,"Administracion publica, educacion y salud",1 a 10 trabajadores,No,2,2067.0
34,Hombre,Rural,Sierra,Primaria o menos,5,25.0,23.0,Trabajador independiente,"Administracion publica, educacion y salud",1 a 10 trabajadores,No,5,259.0
41,Mujer,Rural,Costa,Primaria o menos,3,30.0,52.0,Trabajador independiente,Manufactura,1 a 10 trabajadores,No,3,396.0
33,Hombre,Urbana,Lima Metropolitana,Primaria o menos,3,23.0,66.0,Trabajador independiente,Comercio,1 a 10 trabajadores,No,2,463.0
26,Hombre,Urbana,Costa,Superior universitaria,15,6.0,36.0,Trabajador independiente,Construccion,1 a 10 trabajadores,No,6,1119.0
60,Mujer,Urbana,Costa,Superior no universitaria,14,38.0,48.0,Trabajador independiente,Comercio,1 a 10 trabajadores,No,6,1741.0
59,Hombre,Urbana,Selva,Superior no universitaria,13,43.0,34.0,Empleado,Servicios,1 a 10 trabajadores,Si,6,2073.0
54,Mujer,Urbana,Lima Metropolitana,Primaria o menos,6,42.0,55.0,Obrero,"Administracion publica, educacion y salud",1 a 10 trabajadores,,2,1257.0
58,Hombre,Rural,Sierra,Secundaria,11,43.0,30.0,Trabajador independiente,Agropecuario,1 a 10 trabajadores,No,7,317.0
24,Hombre,Rural,Sierra,Secundaria,7,10.0,49.0,Empleado,Agropecuario,1 a 10 trabajadores,No,6,344.0
32,Mujer,Rural,Sierra,Secundaria,10,15.0,35.0,Obrero,"Administracion publica, educacion y salud",11 a 50 trabajadores,No,6,543.0
35,Hombre,Rural,Sierra,Secundaria,8,22.0,35.0,Trabajador independiente,Agropecuario,1 a 10 trabajadores,No,2,209.0
31,Hombre,Urbana,Sierra,Secundaria,10,20.0,60.0,Empleado,Servicios,Mas de 50 trabajadores,Si,2,1508.0
31,Hombre,Urbana,Lima Metropolitana,Superior no universitaria,14,13.0,58.0,Obrero,"Administracion publica, educacion y salud",Mas de 50 trabajadores,Si,5,5819.0
53,Mujer,Urbana,Lima Metropolitana,Secundaria,9,35.0,51.0,Trabajador independiente,Comercio,1 a 10 trabajadores,No,4,1641.0
47,Hombre,Urbana,Lima Metropolitana,Superior no universitaria,12,28.0,40.0,Trabajador independiente,Manufactura,1 a 10 trabajadores,No,3,1873.0
45,Hombre,Urbana,Costa,Secundaria,7,31.0,42.0,Obrero,Servicios,11 a 50 trabajadores,No,2,1120.0
34,Hombre,Urbana,Lima Metropolitana,Superior universitaria,14,12.0,46.0,Empleado,Comercio,Mas de 50 trabajadores,No,4,2837.0
18,Hombre,Urbana,Selva,Secundaria,11,0.0,36.0,Obrero,Servicios,Mas de 50 trabajadores,Si,4,1601.0
18,Hombre,Urbana,Selva,Secundaria,11,2.0,30.0,Empleado,Manufactura,1 a 10 trabajadores,No,4,802.0
43,Hombre,Urbana,Sierra,Secundaria,7,33.0,33.0,Trabajador independiente,Servicios,1 a 10 trabajadores,No,5,576.0
36,Mujer,Urbana,Costa,Superior no universitaria,12,17.0,29.0,Empleado,Comercio,1 a 10 trabajadores,Si,3,1641.0
23,Mujer,Urbana,Lima Metropolitana,Superior no universitaria,14,5.0,40.0,Obrero,Servicios,11 a 50 trabajadores,Si,4,1580.0
52,Hombre,Rural,Costa,Secundaria,7,39.0,28.0,Obrero,Agropecuario,Mas de 50 trabajadores,No,5,443.0
47,Hombre,Urbana,Selva,Superior no universitaria,14,28.0,40.0,Trabajador independiente,Servicios,1 a 10 trabajadores,No,5,2148.0
31,Hombre,Rural,Sierra,Secundaria,10,16.0,,Trabajador independiente,Manufactura,1 a 10 trabajadores,No,2,643.0
51,Mujer,Rural,Sierra,Secundaria,11,32.0,53.0,Trabajador independiente,Agropecuario,1 a 10 trabajadores,No,4,303.0
40,Hombre,Rural,Sierra,Secundaria,9,27.0,54.0,Trabajador independiente,Servicios,1 a 10 trabajadores,No,3,332.0
25,Hombre,Urbana,Lima Metropolitana,Secundaria,7,12.0,49.0,Empleado,Manufactura,Mas de 50 trabajadores,Si,3,1618.0
45,Hombre,Urbana,Selva,Primaria o menos,3,35.0,40.0,Empleado,"Administracion publica, educacion y salud",1 a 10 trabajadores,No,3,1337.0
37,Hombre,Rural,Sierra,Primaria o menos,6,25.0,40.0,Obrero,"Administracion publica, educacion y salud",11 a 50 trabajadores,Si,4,390.0
49,Mujer,Rural,Sierra,Secundaria,8,39.0,42.0,Empleado,Agropecuario,11 a 50 trabajadores,No,5,378.0
48,Mujer,Rural,Sierra,Primaria o menos,6,35.0,33.0,Obrero,Servicios,11 a 50 trabajadores,No,5,338.0
45,Mujer,Urbana,Selva,Secundaria,10,25.0,35.0,Empleado,Comercio,11 a 50 trabajadores,No,2,1263.0
32,Mujer,Urbana,Costa,Primaria o menos,5,20.0,27.0,Trabajador independiente,Comercio,1 a 10 trabajadores,No,4,354.0
27,Hombre,Rural,Sierra,Primaria o menos,4,16.0,26.0,Trabajador independiente,Agropecuario,1 a 10 trabajadores,No,3,226.0
20,Hombre,Urbana,Selva,Secundaria,8,5.0,8.0,Obrero,Servicios,1 a 10 trabajadores,No,5,583.0
51,Hombre,Urbana,Costa,Secundaria,9,32.0,49.0,Obrero,"Administracion publica, educacion y salud",Mas de 50 trabajadores,Si,2,3586.0
20,Hombre,Urbana,Lima Metropolitana,Secundaria,7,8.0,50.0,Empleado,"Administracion publica, educacion y salud",11 a 50 trabajadores,No,5,921.0
56,Mujer,Urbana,Lima Metropolitana,Superior no universitaria,12,38.0,44.0,Trabajador independiente,"Administracion publica, educacion y salud",1 a 10 trabajadores,No,5,1251.0
32,Mujer,Urbana,Sierra,Superior universitaria,17,10.0,51.0,Empleado,Comercio,1 a 10 trabajadores,Si,2,3231.0
43,Hombre,Urbana,Sierra,Secundaria,8,30.0,54.0,Trabajador independiente,Servicios,1 a 10 trabajadores,No,8,707.0
37,Hombre,Urbana,Costa,Secundaria,11,23.0,52.0,Empleado,Comercio,1 a 10 trabajadores,Si,6,944.0
48,Hombre,Urbana,Lima Metropolitana,Superior universitaria,17,22.0,33.0,Empleado,"Administracion publica, educacion y salud",1 a 10 trabajadores,Si,3,8689.0
19,Mujer,Urbana,Sierra,Secundaria,9,2.0,40.0,Trabajador independiente,Comercio,1 a 10 trabajadores,No,6,460.0
50,Mujer,Urbana,Lima Metropolitana,Secundaria,9,35.0,51.0,Empleado,Servicios,1 a 10 trabajadores,Si,10,1340.0
37,Mujer,Urbana,Lima Metropolitana,Posgrado,18,14.0,66.0,Empleado,Servicios,Mas de 50 trabajadores,Si,4,7917.0
39,Mujer,Urbana,Selva,Superior no universitaria,15,17.0,33.0,Trabajador independiente,"Administracion publica, educacion y salud",1 a 10 trabajadores,Si,5,3000.0
33,Hombre,Urbana,Selva,Superior no universitaria,13,10.0,49.0,Empleado,Servicios,Mas de 50 trabajadores,Si,4,2048.0
30,Mujer,Rural,Selva,Superior no universitaria,14,11.0,25.0,Trabajador independiente,Servicios,1 a 10 trabajadores,No,5,596.0
65,Hombre,Urbana,Costa,Secundaria,11,45.0,57.0,Empleado,Construccion,Mas de 50 trabajadores,Si,5,3255.0
46,Hombre,Rural,Sierra,Secundaria,8,31.0,41.0,Obrero,Agropecuario,1 a 10 trabajadores,No,3,177.0
32,Mujer,Urbana,Lima Metropolitana,Superior universitaria,15,11.0,53.0,Empleado,"Administracion publica, educacion y salud",1 a 10 trabajadores,Si,6,5018.0
40,Mujer,Urbana,Lima Metropolitana,Secundaria,10,23.0,44.0,Trabajador independiente,Servicios,1 a 10 trabajadores,No,5,1555.0
58,Hombre,Urbana,Lima Metropolitana,Secundaria,10,39.0,39.0,Empleado,"Administracion publica, educacion y salud",11 a 50 trabajadores,No,6,2518.0
31,Hombre,Urbana,Sierra,Superior no universitaria,14,10.0,47.0,Empleado,Servicios,Mas de 50 trabajadores,Si,6,3227.0
54,Hombre,Urbana,Costa,Superior universitaria,14,29.0,57.0,Trabajador independiente,"Administracion publica, educacion y salud",1 a 10 trabajadores,No,3,3573.0
47,Mujer,Urbana,Selva,Superior no universitaria,13,31.0,47.0,Empleado,Servicios,1 a 10 trabajadores,No,5,1222.0
59,Hombre,Urbana,Sierra,Superior universitaria,16,38.0,33.0,Empleador,Servicios,1 a 10 trabajadores,No,2,3003.0
51,Mujer,Urbana,Lima Metropolitana,Superior no universitaria,12,33.0,48.0,Obrero,Construccion,11 a 50 trabajadores,No,4,2610.0
29,Mujer,Urbana,Lima Metropolitana,Primaria o menos,4,21.0,56.0,Empleador,Comercio,1 a 10 trabajadores,No,7,1295.0
31,Hombre,Urbana,Selva,Superior no universitaria,12,13.0,41.0,Trabajador independiente,"Administracion publica, educacion y salud",1 a 10 trabajadores,No,1,1440.0
27,Hombre,Urbana,Sierra,Superior universitaria,15,7.0,24.0,Empleado,Manufactura,1 a 10 trabajadores,No,3,2380.0
24,Mujer,Urbana,Lima Metropolitana,Superior universitaria,14,4.0,35.0,Empleado,Servicios,Mas de 50 trabajadores,Si,3,2198.0
48,Hombre,Urbana,Costa,Superior universitaria,14,29.0,45.0,Empleado,Manufactura,Mas de 50 trabajadores,Si,4,3906.0
33,Hombre,Rural,Selva,Superior no universitaria,13,13.0,56.0,Trabajador independiente,Agropecuario,1 a 10 trabajadores,No,8,438.0
56,Hombre,Urbana,Lima Metropolitana,Secundaria,8,43.0,57.0,Trabajador independiente,Servicios,1 a 10 trabajadores,No,3,1062.0
34,Hombre,Urbana,Selva,Superior no universitaria,12,16.0,45.0,Empleado,Comercio,1 a 10 trabajadores,Si,4,2019.0
29,Hombre,Urbana,Lima Metropolitana,Primaria o menos,4,21.0,53.0,Empleado,Comercio,1 a 10 trabajadores,No,5,808.0
46,Hombre,Urbana,Lima Metropolitana,Superior no universitaria,14,26.0,47.0,Empleado,Manufactura,Mas de 50 trabajadores,Si,4,4012.0
23,Hombre,Urbana,Costa,Primaria o menos,5,13.0,36.0,Empleado,Comercio,11 a 50 trabajadores,Si,5,342.0
55,Hombre,Rural,Selva,Primaria o menos,2,45.0,58.0,Trabajador independiente,Manufactura,1 a 10 trabajadores,No,5,180.0
39,Mujer,Rural,Sierra,Secundaria,8,25.0,38.0,Trabajador independiente,Agropecuario,1 a 10 trabajadores,No,3,252.0
29,Hombre,Rural,Sierra,Secundaria,10,12.0,17.0,Trabajador independiente,Agropecuario,1 a 10 trabajadores,No,3,150.0
24,Hombre,Urbana,Sierra,Superior universitaria,16,1.0,39.0,Empleado,Construccion,Mas de 50 trabajadores,Si,3,3189.0
27,Mujer,Urbana,Selva,Secundaria,9,12.0,40.0,Trabajador independiente,Agropecuario,1 a 10 trabajadores,No,8,421.0
35,Hombre,Rural,Sierra,Superior universitaria,15,16.0,40.0,Trabajador independiente,Agropecuario,1 a 10 trabajadores,No,4,513.0
31,Mujer,Urbana,Lima Metropolitana,Secundaria,10,17.0,15.0,Trabajador independiente,Comercio,1 a 10 trabajadores,No,6,552.0
18,Hombre,Rural,Sierra,Secundaria,9,0.0,39.0,Empleador,Construccion,11 a 50 trabajadores,Si,5,1373.0
59,Mujer,Urbana,Lima Metropolitana,Superior universitaria,16,36.0,17.0,Trabajador independiente,Servicios,1 a 10 trabajadores,No,3,2833.0
36,Mujer,Rural,Sierra,Primaria o menos,5,20.0,26.0,Trabajador independiente,Agropecuario,Mas de 50 trabajadores,No,4,191.0
48,Hombre,Urbana,Costa,Superior universitaria,17,26.0,55.0,Empleado,Servicios,1 a 10 trabajadores,Si,2,3448.0
32,Mujer,Rural,Selva,Superior universitaria,16,9.0,15.0,Empleado,"Administracion publica, educacion y salud",1 a 10 trabajadores,No,5,625.0
65,Mujer,Rural,Sierra,Primaria o menos,2,,45.0,Trabajador independiente,Manufactura,1 a 10 trabajadores,No,4,150.0
46,Hombre,Urbana,Costa,Superior universitaria,17,28.0,58.0,Empleado,Servicios,1 a 10 trabajadores,No,3,3914.0
27,Mujer,Urbana,Sierra,Secundaria,7,14.0,30.0,Empleado,Manufactura,Mas de 50 trabajadores,Si,3,999.0
48,Hombre,Urbana,Selva,Posgrado,18,24.0,49.0,Empleado,Comercio,Mas de 50 trabajadores,Si,5,8417.0
43,Mujer,Urbana,Costa,Secundaria,9,24.0,26.0,Trabajador independiente,Manufactura,1 a 10 trabajadores,No,1,578.0
34,Hombre,Urbana,Lima Metropolitana,Superior no universitaria,12,19.0,38.0,Obrero,"Administracion publica, educacion y salud",Mas de 50 trabajadores,No,3,1503.0
30,Hombre,Rural,Selva,Superior no universitaria,14,8.0,35.0,Trabajador independiente,Comercio,1 a 10 trabajadores,No,5,758.0
25,Hombre,Urbana,Lima Metropolitana,Secundaria,9,9.0,36.0,Empleado,Comercio,1 a 10 trabajadores,Si,6,1406.0
46,Mujer,Urbana,Lima Metropolitana,Posgrado,18,24.0,40.0,Empleado,Comercio,11 a 50 trabajadores,No,4,6133.0
18,Mujer,Urbana,Lima Metropolitana,Secundaria,11,0.0,48.0,Trabajador independiente,Manufactura,1 a 10 trabajadores,No,6,465.0
44,Mujer,Urbana,Lima Metropolitana,Primaria o menos,5,33.0,50.0,Trabajador independiente,Construccion,1 a 10 trabajadores,No,7,1070.0
20,Mujer,Rural,Sierra,Secundaria,8,3.0,48.0,Trabajador independiente,Servicios,1 a 10 trabajadores,No,6,150.0
18,Mujer,Urbana,Sierra,Secundaria,9,2.0,68.0,Empleado,Comercio,1 a 10 trabajadores,Si,2,1430.0
33,Mujer,Rural,Sierra,Secundaria,9,22.0,39.0,Trabajador independiente,Comercio,1 a 10 trabajadores,No,2,259.0
34,Mujer,Urbana,Lima Metropolitana,Secundaria,10,18.0,44.0,Trabajador independiente,Comercio,1 a 10 trabajadores,No,4,1058.0
33,Hombre,Urbana,Sierra,Superior universitaria,14,16.0,31.0,Empleador,Comercio,1 a 10 trabajadores,Si,6,6047.0
40,Hombre,Rural,Sierra,Secundaria,9,27.0,52.0,Trabajador independiente,Agropecuario,1 a 10 trabajadores,No,4,315.0
22,Mujer,Urbana,Selva,Secundaria,9,10.0,41.0,Trabajador independiente,Construccion,1 a 10 trabajadores,No,2,571.0
32,Hombre,Urbana,Lima Metropolitana,Superior universitaria,17,9.0,62.0,Trabajador independiente,"Administracion publica, educacion y salud",1 a 10 trabajadores,No,4,4803.0
57,Mujer,Urbana,Costa,Superior no universitaria,13,37.0,72.0,Obrero,Construccion,1 a 10 trabajadores,Si,4,1536.0
52,Hombre,Rural,Sierra,Primaria o menos,2,44.0,35.0,Trabajador independiente,Agropecuario,1 a 10 trabajadores,No,7,256.0
44,Hombre,Urbana,Lima Metropolitana,Superior no universitaria,13,26.0,63.0,Empleado,Construccion,Mas de 50 trabajadores,Si,6,5265.0
53,Hombre,Urbana,Selva,Secundaria,9,33.0,12.0,Trabajador independiente,Servicios,1 a 10 trabajadores,No,2,297.0
42,Hombre,Urbana,Lima Metropolitana,Superior universitaria,14,23.0,24.0,Empleador,"Administracion publica, educacion y salud",1 a 10 trabajadores,No,3,3531.0
19,Mujer,Rural,Sierra,Secundaria,9,5.0,25.0,Trabajador independiente,Agropecuario,1 a 10 trabajadores,No,6,159.0
22,Mujer,Urbana,Costa,Superior universitaria,14,3.0,10.0,Trabajador independiente,Servicios,1 a 10 trabajadores,No,7,922.0
39,Hombre,Urbana,Costa,Primaria o menos,6,25.0,40.0,Trabajador independiente,Construccion,1 a 10 trabajadores,No,3,501.0
47,Hombre,Urbana,Costa,Superior no universitaria,13,25.0,52.0,Trabajador independiente,Manufactura,1 a 10 trabajadores,No,7,1877.0
29,Hombre,Rural,Sierra,Primaria o menos,4,22.0,57.0,Empleado,Agropecuario,Mas de 50 trabajadores,Si,2,837.0
39,Mujer,Urbana,Lima Metropolitana,Superior universitaria,14,18.0,38.0,Trabajador independiente,Comercio,1 a 10 trabajadores,No,4,1594.0
39,Mujer,Urbana,Lima Metropolitana,Secundaria,10,,49.0,Trabajador independiente,"Administracion publica, educacion y salud",1 a 10 trabajadores,Si,2,2345.0
40,Mujer,Urbana,Sierra,Secundaria,9,23.0,45.0,Empleado,Manufactura,Mas de 50 trabajadores,Si,7,1297.0
41,Mujer,Urbana,Sierra,Primaria o menos,5,28.0,40.0,Trabajador independiente,"Administracion publica, educacion y salud",1 a 10 trabajadores,No,5,734.0
55,Hombre,Urbana,Sierra,Superior universitaria,16,35.0,42.0,Trabajador independiente,"Administracion publica, educacion y salud",1 a 10 trabajadores,Si,5,2244.0
54,Hombre,Rural,Sierra,Secundaria,7,38.0,39.0,Empleado,Construccion,1 a 10 trabajadores,No,4,559.0
31,Hombre,Urbana,Sierra,Secundaria,7,20.0,15.0,Trabajador independiente,Agropecuario,1 a 10 trabajadores,No,5,264.0
28,Hombre,Urbana,Sierra,Primaria o menos,5,17.0,43.0,Trabajador independiente,"Administracion publica, educacion y salud",1 a 10 trabajadores,No,4,573.0
35,Hombre,Urbana,Lima Metropolitana,Secundaria,8,22.0,53.0,Trabajador independiente,Servicios,1 a 10 trabajadores,No,5,1461.0
26,Hombre,Urbana,Sierra,Primaria o menos,6,14.0,46.0,Empleado,Comercio,1 a 10 trabajadores,No,4,703.0
18,Hombre,Urbana,Lima Metropolitana,Primaria o menos,5,4.0,31.0,Empleado,Manufactura,1 a 10 trabajadores,No,3,986.0
55,Mujer,Urbana,Selva,Secundaria,10,40.0,36.0,Empleado,Comercio,Mas de 50 trabajadores,No,4,890.0
55,Hombre,Rural,Sierra,Primaria o menos,2,45.0,50.0,Trabajador independiente,Agropecuario,1 a 10 trabajadores,No,7,260.0
45,Hombre,Rural,Costa,Primaria o menos,5,35.0,40.0,Trabajador independiente,Comercio,1 a 10 trabajadores,No,4,249.0
36,Mujer,Urbana,Sierra,Primaria o menos,6,21.0,35.0,Obrero,Comercio,11 a 50 trabajadores,No,3,622.0
62,Mujer,Rural,Sierra,Secundaria,10,45.0,36.0,Trabajador independiente,Agropecuario,1 a 10 trabajadores,No,6,180.0
42,Mujer,Urbana,Sierra,Superior no universitaria,15,23.0,28.0,Empleado,"Administracion publica, educacion y salud",Mas de 50 trabajadores,Si,4,5035.0
20,Hombre,Urbana,Lima Metropolitana,Superior no universitaria,13,1.0,22.0,Trabajador independiente,Servicios,11 a 50 trabajadores,No,3,639.0
34,Hombre,Urbana,Sierra,Secundaria,11,17.0,57.0,Empleado,Servicios,1 a 10 trabajadores,Si,2,1275.0
48,Hombre,Urbana,Lima Metropolitana,Secundaria,10,33.0,38.0,Empleado,Comercio,1 a 10 trabajadores,Si,4,1439.0
18,Mujer,Urbana,Lima Metropolitana,Superior no universitaria,12,0.0,50.0,Trabajador independiente,"Administracion publica, educacion y salud",1 a 10 trabajadores,Si,1,3025.0
50,Hombre,Rural,Sierra,Primaria o menos,3,41.0,44.0,Obrero,Comercio,1 a 10 trabajadores,No,5,261.0
22,Mujer,Urbana,Lima Metropolitana,Superior universitaria,15,0.0,18.0,Empleado,Servicios,Mas de 50 trabajadores,Si,1,3710.0
44,Hombre,Rural,Sierra,Primaria o menos,3,34.0,57.0,Trabajador independiente,Agropecuario,1 a 10 trabajadores,No,3,231.0
36,Hombre,Rural,Sierra,Primaria o menos,3,26.0,25.0,Obrero,Comercio,1 a 10 trabajadores,No,5,288.0
36,Mujer,Urbana,Lima Metropolitana,Secundaria,8,21.0,35.0,Trabajador independiente,Comercio,1 a 10 trabajadores,No,5,623.0
44,Hombre,Urbana,Lima Metropolitana,Superior universitaria,16,23.0,47.0,Empleado,Manufactura,1 a 10 trabajadores,Si,3,4157.0
45,Hombre,Urbana,Sierra,Primaria o menos,5,34.0,32.0,Empleado,Servicios,Mas de 50 trabajadores,No,2,718.0
43,Mujer,Rural,Sierra,Superior universitaria,15,23.0,32.0,Empleado,Agropecuario,1 a 10 trabajadores,Si,4,759.0
34,Hombre,Urbana,Lima Metropolitana,Secundaria,9,16.0,38.0,Obrero,"Administracion publica, educacion y salud",1 a 10 trabajadores,No,5,1623.0
26,Hombre,Urbana,Sierra,Superior no universitaria,12,8.0,57.0,Trabajador independiente,Comercio,1 a 10 trabajadores,Si,3,1013.0
44,Mujer,Urbana,Lima Metropolitana,Superior universitaria,16,23.0,57.0,Empleado,Servicios,11 a 50 trabajadores,Si,3,3097.0
34,Hombre,Urbana,Sierra,Superior universitaria,16,10.0,50.0,Trabajador independiente,Servicios,11 a 50 trabajadores,No,6,2253.0
27,Mujer,Urbana,Lima Metropolitana,Superior universitaria,15,6.0,48.0,Trabajador independiente,"Administracion publica, educacion y salud",1 a 10 trabajadores,No,3,2207.0
55,Hombre,Urbana,Selva,Superior universitaria,14,38.0,34.0,Trabajador independiente,Servicios,11 a 50 trabajadores,No,2,1862.0
41,Hombre,Urbana,Lima Metropolitana,Superior no universitaria,15,19.0,48.0,Empleado,Servicios,1 a 10 trabajadores,Si,3,2651.0
42,Mujer,Urbana,Lima Metropolitana,Secundaria,10,28.0,35.0,Empleador,Construccion,1 a 10 trabajadores,No,6,1381.0
38,Hombre,Rural,Sierra,Superior no universitaria,12,24.0,52.0,Trabajador independiente,Servicios,1 a 10 trabajadores,No,4,954.0
33,Mujer,Urbana,Sierra,Superior universitaria,17,13.0,44.0,Empleado,Construccion,Mas de 50 trabajadores,Si,4,5826.0
26,Mujer,Urbana,Costa,Primaria o menos,3,16.0,41.0,Obrero,Construccion,Mas de 50 trabajadores,Si,4,743.0
41,Hombre,Urbana,Selva,Superior universitaria,16,21.0,33.0,Trabajador independiente,Manufactura,1 a 10 trabajadores,No,6,2180.0
50,Mujer,Rural,Sierra,Primaria o menos,4,41.0,46.0,Trabajador independiente,Comercio,1 a 10 trabajadores,No,5,306.0
40,Hombre,Urbana,Costa,Superior universitaria,16,18.0,24.0,Empleado,Comercio,Mas de 50 trabajadores,Si,3,2673.0
42,Mujer,Urbana,Lima Metropolitana,Secundaria,7,27.0,57.0,Empleado,Comercio,1 a 10 trabajadores,No,7,1444.0
33,Mujer,Urbana,Lima Metropolitana,Superior universitaria,17,6.0,53.0,Empleado,Comercio,Mas de 50 trabajadores,No,3,5768.0
39,Hombre,Urbana,Costa,Superior universitaria,15,16.0,55.0,Trabajador independiente,Manufactura,1 a 10 trabajadores,No,5,3155.0
39,Hombre,Rural,Sierra,Secundaria,8,24.0,17.0,Trabajador independiente,Servicios,1 a 10 trabajadores,Si,8,258.0
32,Hombre,Urbana,Sierra,Superior universitaria,15,10.0,44.0,Empleador,Servicios,1 a 10 trabajadores,No,7,2357.0
65,Mujer,Urbana,Sierra,Secundaria,8,45.0,33.0,Obrero,"Administracion publica, educacion y salud",Mas de 50 trabajadores,Si,6,1247.0
46,Hombre,Urbana,Sierra,Superior no universitaria,13,29.0,30.0,Empleado,Servicios,11 a 50 trabajadores,Si,2,2419.0
36,Mujer,Urbana,Costa,Secundaria,8,21.0,45.0,Obrero,Servicios,Mas de 50 trabajadores,No,3,1494.0
32,Hombre,Urbana,Costa,Primaria o menos,3,26.0,60.0,Trabajador independiente,Manufactura,1 a 10 trabajadores,Si,4,835.0
36,Hombre,Urbana,Lima Metropolitana,Primaria o menos,6,25.0,37.0,Obrero,Servicios,11 a 50 trabajadores,No,6,906.0
28,Mujer,Rural,Costa,Secundaria,7,15.0,25.0,Obrero,Comercio,1 a 10 trabajadores,No,3,314.0
32,Mujer,Urbana,Lima Metropolitana,Superior universitaria,17,10.0,42.0,Empleado,Agropecuario,Mas de 50 trabajadores,Si,3,6993.0
47,Mujer,Urbana,Costa,Superior no universitaria,14,29.0,47.0,Empleado,"Administracion publica, educacion y salud",11 a 50 trabajadores,No,3,2510.0
28,Mujer,Rural,Sierra,Primaria o menos,2,20.0,47.0,Trabajador independiente,Agropecuario,Mas de 50 trabajadores,No,4,244.0
48,Hombre,Urbana,Sierra,Primaria o menos,5,33.0,51.0,Trabajador independiente,"Administracion publica, educacion y salud",1 a 10 trabajadores,No,9,499.0
23,Hombre,Rural,Sierra,Secundaria,11,7.0,15.0,Trabajador independiente,Agropecuario,1 a 10 trabajadores,No,1,163.0
24,Hombre,Urbana,Costa,Secundaria,7,11.0,36.0,Trabajador independiente,Manufactura,1 a 10 trabajadores,Si,5,914.0
54,Mujer,Urbana,Costa,Superior no universitaria,14,33.0,60.0,Trabajador independiente,Manufactura,1 a 10 trabajadores,No,3,1983.0
55,Hombre,Urbana,Costa,Posgrado,20,27.0,36.0,Trabajador independiente,Servicios,1 a 10 trabajadores,No,4,4056.0
54,Hombre,Urbana,Selva,Superior no universitaria,13,34.0,27.0,Trabajador independiente,Servicios,1 a 10 trabajadores,No,3,1367.0
46,Mujer,Urbana,Lima Metropolitana,Secundaria,11,30.0,27.0,Trabajador independiente,Manufactura,Mas de 50 trabajadores,No,2,1920.0
38,Hombre,Urbana,Costa,Superior universitaria,14,20.0,54.0,Empleado,Comercio,11 a 50 trabajadores,,5,3023.0
40,Hombre,Urbana,Selva,Secundaria,7,27.0,42.0,Obrero,Servicios,Mas de 50 trabajadores,No,3,1380.0
63,Hombre,Urbana,Lima Metropolitana,Superior universitaria,15,41.0,33.0,Trabajador independiente,Comercio,1 a 10 trabajadores,No,4,2274.0
43,Mujer,Urbana,Lima Metropolitana,Superior universitaria,16,21.0,48.0,Empleado,Construccion,Mas de 50 trabajadores,Si,5,12092.0
52,Hombre,Urbana,Costa,Superior universitaria,16,28.0,49.0,Trabajador independiente,Servicios,1 a 10 trabajadores,No,4,3556.0
34,Hombre,Rural,Sierra,Primaria o menos,6,19.0,34.0,Obrero,Agropecuario,11 a 50 trabajadores,No,4,388.0
30,Mujer,Urbana,Costa,Superior universitaria,16,10.0,25.0,Trabajador independiente,Servicios,1 a 10 trabajadores,No,7,1323.0
27,Mujer,Urbana,Sierra,Superior no universitaria,13,9.0,27.0,Empleado,Manufactura,Mas de 50 trabajadores,Si,2,2566.0
38,Mujer,Urbana,Sierra,Superior no universitaria,15,18.0,23.0,Empleado,Servicios,Mas de 50 trabajadores,Si,5,5011.0
63,Hombre,Urbana,Lima Metropolitana,Superior universitaria,14,42.0,55.0,Empleado,"Administracion publica, educacion y salud",1 a 10 trabajadores,No,6,4081.0
50,Hombre,Urbana,Selva,Superior universitaria,15,29.0,40.0,Empleado,Servicios,1 a 10 trabajadores,Si,7,4888.0
48,Hombre,Urbana,Lima Metropolitana,Secundaria,11,33.0,44.0,Empleado,Manufactura,1 a 10 trabajadores,Si,3,2327.0
55,Mujer,Rural,Sierra,Secundaria,10,41.0,33.0,Obrero,Agropecuario,1 a 10 trabajadores,No,1,419.0
34,Hombre,Urbana,Selva,Superior universitaria,17,12.0,11.0,Empleado,Comercio,1 a 10 trabajadores,No,6,1009.0
28,Hombre,Urbana,Sierra,Secundaria,8,14.0,49.0,Empleado,Servicios,Mas de 50 trabajadores,No,3,1407.0
29,Mujer,Urbana,Sierra,Primaria o menos,3,19.0,67.0,Empleador,Servicios,11 a 50 trabajadores,No,5,905.0
35,Mujer,Urbana,Costa,Posgrado,17,10.0,46.0,Empleado,Servicios,Mas de 50 trabajadores,Si,2,5309.0
24,Mujer,Urbana,Sierra,Primaria o menos,4,16.0,36.0,Trabajador independiente,Servicios,1 a 10 trabajadores,Si,3,474.0
31,Hombre,Rural,Sierra,Primaria o menos,4,23.0,36.0,Trabajador independiente,Agropecuario,1 a 10 trabajadores,No,1,231.0
32,Hombre,Urbana,Lima Metropolitana,Primaria o menos,6,22.0,43.0,Trabajador independiente,Construccion,1 a 10 trabajadores,No,6,776.0
58,Mujer,Urbana,Selva,Superior no universitaria,14,40.0,39.0,Empleado,Servicios,1 a 10 trabajadores,No,4,2251.0
54,Mujer,Urbana,Selva,Superior no universitaria,14,32.0,32.0,Empleado,Construccion,11 a 50 trabajadores,Si,3,2119.0
19,Hombre,Urbana,Costa,Secundaria,9,2.0,35.0,Empleado,Comercio,1 a 10 trabajadores,No,1,863.0
39,Mujer,Rural,Costa,Secundaria,10,23.0,47.0,Obrero,Comercio,1 a 10 trabajadores,No,7,538.0
45,Hombre,Urbana,Sierra,Superior universitaria,15,25.0,49.0,Empleado,Servicios,1 a 10 trabajadores,No,1,2668.0
32,Mujer,Urbana,Lima Metropolitana,Superior universitaria,17,8.0,42.0,Trabajador independiente,Comercio,1 a 10 trabajadores,No,3,1871.0
42,Mujer,Rural,Sierra,Primaria o menos,5,34.0,22.0,Empleado,Comercio,11 a 50 trabajadores,No,3,334.0
42,Mujer,Urbana,Sierra,Secundaria,9,25.0,51.0,Trabajador independiente,Construccion,1 a 10 trabajadores,No,5,979.0
43,Mujer,Urbana,Lima Metropolitana,Secundaria,7,27.0,12.0,Empleado,Servicios,11 a 50 trabajadores,Si,3,1083.0
49,Hombre,Urbana,Selva,Superior universitaria,14,30.0,27.0,Trabajador independiente,Servicios,1 a 10 trabajadores,No,3,1817.0
34,Hombre,Urbana,Lima Metropolitana,Superior universitaria,17,7.0,36.0,Empleado,Comercio,1 a 10 trabajadores,Si,5,4430.0
51,Mujer,Urbana,Costa,Secundaria,8,36.0,38.0,Empleado,Manufactura,Mas de 50 trabajadores,Si,4,1770.0
28,Mujer,Rural,Selva,Secundaria,10,14.0,39.0,Trabajador independiente,Construccion,1 a 10 trabajadores,No,4,320.0
47,Hombre,Rural,Selva,Primaria o menos,5,35.0,41.0,Trabajador independiente,Agropecuario,1 a 10 trabajadores,No,10,275.0
44,Hombre,Urbana,Costa,Secundaria,7,30.0,61.0,Trabajador independiente,Manufactura,1 a 10 trabajadores,No,1,794.0
22,Hombre,Urbana,Costa,Secundaria,11,0.0,28.0,Trabajador independiente,Servicios,1 a 10 trabajadores,No,2,783.0
53,Mujer,Urbana,Sierra,Secundaria,11,35.0,43.0,Empleado,"Administracion publica, educacion y salud",11 a 50 trabajadores,Si,2,2428.0
18,Hombre,Urbana,Costa,Secundaria,7,2.0,52.0,Trabajador independiente,Servicios,1 a 10 trabajadores,No,6,1151.0
46,Mujer,Urbana,Sierra,Secundaria,7,33.0,23.0,Empleador,"Administracion publica, educacion y salud",11 a 50 trabajadores,No,4,1514.0
51,Mujer,Rural,Sierra,Primaria o menos,3,40.0,27.0,Empleado,Comercio,11 a 50 trabajadores,No,5,330.0
26,Hombre,Urbana,Lima Metropolitana,Superior universitaria,16,5.0,42.0,Empleado,Servicios,1 a 10 trabajadores,No,5,2883.0
18,Hombre,Urbana,Lima Metropolitana,Superior universitaria,16,0.0,52.0,Empleado,Servicios,11 a 50 trabajadores,Si,4,3712.0
23,Mujer,Urbana,Costa,Secundaria,11,6.0,26.0,Empleado,"Administracion publica, educacion y salud",11 a 50 trabajadores,Si,3,1787.0
65,Mujer,Urbana,Costa,Superior universitaria,15,43.0,44.0,Empleado,Construccion,11 a 50 trabajadores,Si,4,3391.0
37,Mujer,Urbana,Costa,Superior no universitaria,13,18.0,56.0,Empleado,"Administracion publica, educacion y salud",Mas de 50 trabajadores,Si,4,7788.0
46,Hombre,Urbana,Lima Metropolitana,Superior no universitaria,15,21.0,31.0,Trabajador independiente,Manufactura,1 a 10 trabajadores,No,4,1553.0
44,Mujer,Urbana,Sierra,Secundaria,10,28.0,41.0,Obrero,Comercio,Mas de 50 trabajadores,No,3,1338.0
40,Hombre,Urbana,Selva,Superior universitaria,15,18.0,38.0,Empleado,Manufactura,11 a 50 trabajadores,Si,5,2580.0
43,Mujer,Urbana,Lima Metropolitana,Superior universitaria,14,22.0,45.0,Trabajador independiente,Manufactura,1 a 10 trabajadores,No,3,2170.0
43,Mujer,Urbana,Lima Metropolitana,Secundaria,8,31.0,38.0,Trabajador independiente,Servicios,1 a 10 trabajadores,No,2,796.0
45,Mujer,Urbana,Costa,Superior universitaria,16,24.0,,Empleado,Servicios,Mas de 50 trabajadores,Si,2,4038.0
34,Mujer,Urbana,Lima Metropolitana,Superior no universitaria,12,14.0,49.0,Empleado,Manufactura,1 a 10 trabajadores,Si,5,1278.0
40,Hombre,Urbana,Sierra,Superior universitaria,16,18.0,51.0,Trabajador independiente,Servicios,1 a 10 trabajadores,No,9,1619.0
48,Hombre,Rural,Sierra,Primaria o menos,6,38.0,24.0,Trabajador independiente,Agropecuario,1 a 10 trabajadores,No,5,226.0
32,Hombre,Urbana,Sierra,Superior no universitaria,13,14.0,55.0,Trabajador independiente,Agropecuario,1 a 10 trabajadores,No,6,2838.0
18,Hombre,Rural,Costa,Superior no universitaria,12,0.0,48.0,Trabajador independiente,Agropecuario,1 a 10 trabajadores,No,4,379.0
42,Hombre,Urbana,Lima Metropolitana,Superior no universitaria,15,18.0,58.0,Obrero,Manufactura,11 a 50 trabajadores,No,3,2548.0
18,Mujer,Urbana,Sierra,Secundaria,8,5.0,35.0,Empleado,Comercio,Mas de 50 trabajadores,Si,4,703.0
48,Hombre,Urbana,Sierra,Superior no universitaria,15,27.0,34.0,Empleado,Servicios,Mas de 50 trabajadores,Si,10,5241.0
35,Mujer,Urbana,Sierra,Posgrado,17,10.0,32.0,Trabajador independiente,"Administracion publica, educacion y salud",1 a 10 trabajadores,No,5,2643.0
37,Hombre,Urbana,Selva,Superior universitaria,16,18.0,44.0,Empleado,Comercio,Mas de 50 trabajadores,Si,5,5749.0
46,Mujer,Urbana,Lima Metropolitana,Superior universitaria,15,29.0,24.0,Empleado,Comercio,11 a 50 trabajadores,Si,6,4125.0
34,Hombre,Rural,Sierra,Primaria o menos,4,26.0,22.0,Trabajador independiente,Agropecuario,1 a 10 trabajadores,No,3,155.0
18,Mujer,Urbana,Lima Metropolitana,Secundaria,8,5.0,53.0,Trabajador independiente,Comercio,Mas de 50 trabajadores,Si,3,1401.0
45,Mujer,Urbana,Sierra,Secundaria,8,32.0,,Trabajador independiente,Manufactura,1 a 10 trabajadores,No,7,685.0
56,Mujer,Urbana,Lima Metropolitana,Superior universitaria,16,32.0,49.0,Empleado,Comercio,1 a 10 trabajadores,No,4,3853.0
59,Mujer,Rural,Sierra,Secundaria,10,40.0,39.0,Obrero,Servicios,11 a 50 trabajadores,No,4,301.0
40,Mujer,Urbana,Sierra,Secundaria,10,26.0,48.0,Trabajador independiente,Construccion,1 a 10 trabajadores,No,5,544.0
30,Hombre,Urbana,Selva,Secundaria,11,13.0,40.0,Empleado,Agropecuario,11 a 50 trabajadores,Si,3,1263.0
46,Mujer,Rural,Costa,Primaria o menos,3,35.0,41.0,Trabajador independiente,Agropecuario,1 a 10 trabajadores,No,5,243.0
18,Hombre,Urbana,Lima Metropolitana,Superior no universitaria,15,0.0,25.0,Empleado,Comercio,Mas de 50 trabajadores,Si,3,1853.0
56,Mujer,Urbana,Costa,Secundaria,11,42.0,56.0,Obrero,Servicios,11 a 50 trabajadores,No,5,1334.0
23,Hombre,Urbana,Sierra,Secundaria,7,,23.0,Empleado,"Administracion publica, educacion y salud",Mas de 50 trabajadores,Si,4,2563.0
31,Hombre,Urbana,Costa,Superior no universitaria,14,10.0,56.0,Trabajador independiente,Servicios,1 a 10 trabajadores,No,7,2754.0
52,Hombre,Urbana,Costa,Superior universitaria,15,33.0,54.0,Trabajador independiente,Servicios,1 a 10 trabajadores,No,7,3171.0
31,Hombre,Urbana,Lima Metropolitana,Superior universitaria,17,8.0,35.0,Empleado,Servicios,1 a 10 trabajadores,No,4,4202.0
48,Hombre,Urbana,Lima Metropolitana,Superior no universitaria,15,23.0,64.0,Empleado,Comercio,Mas de 50 trabajadores,,4,5367.0
40,Mujer,Rural,Sierra,Superior universitaria,17,17.0,46.0,Empleado,Servicios,1 a 10 trabajadores,No,7,901.0
20,Hombre,Rural,Selva,Primaria o menos,5,11.0,51.0,Trabajador independiente,Comercio,1 a 10 trabajadores,No,5,256.0
30,Hombre,Urbana,Lima Metropolitana,Primaria o menos,4,21.0,52.0,Obrero,Servicios,1 a 10 trabajadores,No,3,676.0
23,Hombre,Rural,Sierra,Secundaria,9,7.0,36.0,Obrero,Agropecuario,1 a 10 trabajadores,No,5,281.0
45,Hombre,Urbana,Lima Metropolitana,Superior no universitaria,15,26.0,38.0,Empleado,"Administracion publica, educacion y salud",1 a 10 trabajadores,Si,5,3625.0
65,Mujer,Urbana,Lima Metropolitana,Superior universitaria,15,42.0,36.0,Obrero,Comercio,Mas de 50 trabajadores,Si,7,5143.0
54,Hombre,Urbana,Lima Metropolitana,Superior universitaria,15,36.0,72.0,Empleado,Servicios,Mas de 50 trabajadores,Si,3,9290.0
43,Hombre,Rural,Sierra,Primaria o menos,2,35.0,41.0,Trabajador independiente,Agropecuario,1 a 10 trabajadores,No,5,164.0
45,Mujer,Urbana,Lima Metropolitana,Secundaria,7,35.0,37.0,Empleado,"Administracion publica, educacion y salud",1 a 10 trabajadores,No,5,1075.0
36,Mujer,Urbana,Lima Metropolitana,Superior universitaria,15,12.0,39.0,Empleado,Manufactura,11 a 50 trabajadores,Si,10,4830.0
41,Mujer,Urbana,Sierra,Superior universitaria,14,23.0,25.0,Empleado,"Administracion publica, educacion y salud",Mas de 50 trabajadores,Si,4,5379.0
31,Hombre,Urbana,Sierra,Primaria o menos,5,20.0,19.0,Empleado,"Administracion publica, educacion y salud",11 a 50 trabajadores,Si,3,887.0
37,Mujer,Rural,Selva,Primaria o menos,5,27.0,19.0,Obrero,Agropecuario,11 a 50 trabajadores,No,4,154.0
37,Hombre,Urbana,Selva,Superior universitaria,14,18.0,59.0,Trabajador independiente,Construccion,11 a 50 trabajadores,No,2,1845.0
38,Hombre,Rural,Sierra,Primaria o menos,6,27.0,39.0,Trabajador independiente,Agropecuario,1 a 10 trabajadores,No,1,251.0
56,Hombre,Urbana,Costa,Superior no universitaria,12,39.0,,Empleado,Servicios,11 a 50 trabajadores,Si,7,2073.0
37,Mujer,Rural,Sierra,Primaria o menos,4,26.0,42.0,Trabajador independiente,Agropecuario,1 a 10 trabajadores,No,3,233.0
52,Mujer,Rural,Sierra,Primaria o menos,4,42.0,30.0,Trabajador independiente,Comercio,1 a 10 trabajadores,Si,7,382.0
40,Mujer,Urbana,Lima Metropolitana,Secundaria,10,22.0,66.0,Obrero,Servicios,Mas de 50 trabajadores,No,2,1530.0
38,Mujer,Urbana,Selva,Secundaria,8,23.0,59.0,Empleado,Servicios,1 a 10 trabajadores,No,3,1573.0
40,Mujer,Rural,Selva,Primaria o menos,2,32.0,35.0,Obrero,Agropecuario,1 a 10 trabajadores,No,4,286.0
57,Hombre,Urbana,Sierra,Superior universitaria,17,30.0,37.0,Obrero,Servicios,Mas de 50 trabajadores,Si,5,6282.0
46,Hombre,Urbana,Lima Metropolitana,Secundaria,7,31.0,47.0,Empleado,Servicios,Mas de 50 trabajadores,No,7,1864.0
39,Hombre,Urbana,Lima Metropolitana,Superior universitaria,15,19.0,46.0,Empleado,Construccion,Mas de 50 trabajadores,Si,2,7963.0
46,Mujer,Rural,Selva,Secundaria,11,31.0,35.0,Trabajador independiente,"Administracion publica, educacion y salud",1 a 10 trabajadores,No,4,637.0
48,Hombre,Rural,Sierra,Secundaria,11,33.0,42.0,Obrero,Agropecuario,11 a 50 trabajadores,No,5,512.0
28,Hombre,Urbana,Costa,Primaria o menos,4,18.0,45.0,Empleado,Servicios,1 a 10 trabajadores,No,7,789.0
29,Hombre,Rural,Selva,Secundaria,8,14.0,35.0,Trabajador independiente,Construccion,Mas de 50 trabajadores,No,3,376.0
37,Hombre,Urbana,Sierra,Superior no universitaria,14,16.0,37.0,Trabajador independiente,"Administracion publica, educacion y salud",1 a 10 trabajadores,No,7,1464.0
32,Mujer,Rural,Selva,Primaria o menos,2,27.0,30.0,Trabajador independiente,Agropecuario,1 a 10 trabajadores,No,3,150.0
24,Mujer,Urbana,Lima Metropolitana,Primaria o menos,3,14.0,28.0,Trabajador independiente,Comercio,1 a 10 trabajadores,No,2,288.0
38,Mujer,Rural,Selva,Primaria o menos,6,26.0,22.0,Trabajador independiente,Agropecuario,1 a 10 trabajadores,No,5,157.0
22,Hombre,Urbana,Lima Metropolitana,Superior universitaria,15,0.0,41.0,Empleado,"Administracion publica, educacion y salud",11 a 50 trabajadores,Si,2,5595.0
44,Hombre,Rural,Sierra,Secundaria,9,29.0,28.0,Empleado,Agropecuario,1 a 10 trabajadores,No,2,300.0
50,Hombre,Urbana,Sierra,Superior no universitaria,15,28.0,56.0,Trabajador independiente,"Administracion publica, educacion y salud",1 a 10 trabajadores,No,3,2940.0
31,Mujer,Urbana,Costa,Secundaria,7,23.0,25.0,Trabajador independiente,Comercio,1 a 10 trabajadores,No,3,268.0
56,Mujer,Urbana,Sierra,Secundaria,9,39.0,48.0,Empleado,Comercio,1 a 10 trabajadores,Si,5,919.0
52,Hombre,Rural,Sierra,Primaria o menos,4,45.0,39.0,Obrero,Agropecuario,Mas de 50 trabajadores,No,8,401.0
42,Hombre,Urbana,Sierra,Superior universitaria,16,19.0,59.0,Empleado,Comercio,11 a 50 trabajadores,No,4,4094.0
38,Hombre,Rural,Costa,Secundaria,8,24.0,46.0,Trabajador independiente,Agropecuario,1 a 10 trabajadores,No,5,352.0
55,Mujer,Urbana,Sierra,Secundaria,9,40.0,45.0,Trabajador independiente,Construccion,1 a 10 trabajadores,No,5,810.0
61,Hombre,Urbana,Lima Metropolitana,Primaria o menos,2,45.0,45.0,Empleado,Servicios,1 a 10 trabajadores,No,2,680.0
63,Mujer,Urbana,Costa,Superior no universitaria,13,43.0,64.0,Trabajador independiente,Manufactura,1 a 10 trabajadores,No,4,1036.0
49,Mujer,Urbana,Sierra,Superior no universitaria,15,,51.0,Obrero,Manufactura,Mas de 50 trabajadores,Si,6,2658.0
18,Mujer,Urbana,Lima Metropolitana,Superior no universitaria,12,1.0,47.0,Trabajador independiente,Servicios,1 a 10 trabajadores,No,6,1030.0
20,Mujer,Rural,Sierra,Secundaria,10,2.0,25.0,Trabajador independiente,Servicios,11 a 50 trabajadores,No,3,346.0
48,Mujer,Urbana,Costa,Superior universitaria,17,26.0,37.0,Empleado,"Administracion publica, educacion y salud",Mas de 50 trabajadores,Si,4,7032.0
40,Mujer,Urbana,Lima Metropolitana,Secundaria,8,22.0,42.0,Empleado,Servicios,11 a 50 trabajadores,No,8,1954.0
29,Mujer,Rural,Sierra,Secundaria,9,15.0,36.0,Trabajador independiente,Agropecuario,1 a 10 trabajadores,No,4,256.0
55,Mujer,Urbana,Sierra,Primaria o menos,3,44.0,27.0,Trabajador independiente,"Administracion publica, educacion y salud",1 a 10 trabajadores,No,4,588.0
27,Mujer,Urbana,Lima Metropolitana,Secundaria,7,13.0,54.0,Trabajador independiente,Manufactura,1 a 10 trabajadores,No,2,580.0
56,Hombre,Urbana,Sierra,Primaria o menos,4,45.0,58.0,Obrero,Servicios,Mas de 50 trabajadores,No,4,1027.0
28,Hombre,Rural,Sierra,Secundaria,9,12.0,24.0,Trabajador independiente,Agropecuario,11 a 50 trabajadores,No,5,357.0
31,Hombre,Urbana,Costa,Secundaria,7,19.0,50.0,Empleado,Comercio,Mas de 50 trabajadores,Si,2,1972.0
30,Hombre,Rural,Selva,Superior universitaria,16,7.0,31.0,Empleado,Agropecuario,1 a 10 trabajadores,Si,10,743.0
43,Mujer,Urbana,Costa,Posgrado,18,16.0,35.0,Trabajador independiente,Servicios,1 a 10 trabajadores,No,1,2772.0
56,Mujer,Urbana,Lima Metropolitana,Primaria o menos,4,45.0,21.0,Trabajador independiente,Servicios,1 a 10 trabajadores,No,1,579.0
41,Hombre,Rural,Sierra,Secundaria,8,28.0,33.0,Trabajador independiente,Construccion,1 a 10 trabajadores,No,4,470.0
38,Hombre,Rural,Sierra,Secundaria,10,26.0,40.0,Trabajador independiente,"Administracion publica, educacion y salud",1 a 10 trabajadores,No,5,1070.0
43,Hombre,Urbana,Lima Metropolitana,Secundaria,8,30.0,41.0,Trabajador independiente,Servicios,1 a 10 trabajadores,No,3,1381.0
41,Hombre,Rural,Selva,Secundaria,7,26.0,40.0,Trabajador independiente,Servicios,1 a 10 trabajadores,No,4,429.0
54,Hombre,Urbana,Sierra,Secundaria,7,43.0,72.0,Trabajador independiente,"Administracion publica, educacion y salud",1 a 10 trabajadores,No,1,765.0
41,Hombre,Rural,Selva,Superior no universitaria,15,16.0,45.0,Obrero,Agropecuario,1 a 10 trabajadores,No,5,738.0
32,Mujer,Urbana,Costa,Primaria o menos,5,23.0,37.0,Empleado,Comercio,1 a 10 trabajadores,No,8,582.0
25,Mujer,Rural,Sierra,Secundaria,8,10.0,52.0,Trabajador independiente,Construccion,1 a 10 trabajadores,No,5,313.0
36,Hombre,Urbana,Sierra,Secundaria,7,23.0,49.0,Empleado,Manufactura,11 a 50 trabajadores,No,4,1495.0
50,Mujer,Urbana,Costa,Superior no universitaria,14,28.0,49.0,Empleado,Servicios,Mas de 50 trabajadores,No,6,3549.0
56,Hombre,Rural,Sierra,Primaria o menos,5,45.0,35.0,Trabajador independiente,Agropecuario,1 a 10 trabajadores,No,8,150.0
32,Hombre,Urbana,Sierra,Secundaria,11,14.0,54.0,Trabajador independiente,"Administracion publica, educacion y salud",1 a 10 trabajadores,No,3,1755.0
44,Mujer,Urbana,Lima Metropolitana,Secundaria,10,28.0,46.0,Trabajador independiente,Comercio,11 a 50 trabajadores,No,2,1304.0
60,Hombre,Rural,Selva,Secundaria,9,45.0,52.0,Trabajador independiente,Agropecuario,1 a 10 trabajadores,No,6,354.0
47,Hombre,Urbana,Costa,Superior universitaria,16,27.0,57.0,Empleado,Comercio,11 a 50 trabajadores,Si,5,4647.0
18,Mujer,Urbana,Costa,Secundaria,9,3.0,44.0,Obrero,"Administracion publica, educacion y salud",11 a 50 trabajadores,No,4,1020.0
29,Hombre,Urbana,Selva,Secundaria,10,12.0,51.0,Empleado,Construccion,11 a 50 trabajadores,No,2,2339.0
26,Hombre,Urbana,Costa,Superior no universitaria,14,8.0,64.0,Trabajador independiente,Comercio,1 a 10 trabajadores,No,6,2500.0
36,Hombre,Urbana,Costa,Secundaria,8,20.0,31.0,Trabajador independiente,Manufactura,1 a 10 trabajadores,No,4,593.0
43,Mujer,Urbana,Costa,Secundaria,8,30.0,40.0,Trabajador independiente,Comercio,1 a 10 trabajadores,No,4,871.0
37,Mujer,Urbana,Lima Metropolitana,Superior no universitaria,15,16.0,25.0,Empleado,"Administracion publica, educacion y salud",Mas de 50 trabajadores,Si,3,3999.0
34,Hombre,Urbana,Lima Metropolitana,Superior universitaria,17,11.0,70.0,Empleado,Servicios,1 a 10 trabajadores,No,3,5412.0
53,Hombre,Rural,Sierra,Secundaria,9,37.0,43.0,Empleado,Agropecuario,1 a 10 trabajadores,No,6,429.0
45,Hombre,Rural,Selva,Primaria o menos,2,33.0,39.0,Empleado,"Administracion publica, educacion y salud",1 a 10 trabajadores,No,4,536.0
25,Mujer,Rural,Sierra,Primaria o menos,6,12.0,56.0,Trabajador independiente,Construccion,11 a 50 trabajadores,No,8,306.0
29,Mujer,Urbana,Costa,Posgrado,17,8.0,41.0,Obrero,Comercio,1 a 10 trabajadores,No,3,1713.0
18,Mujer,Rural,Selva,Secundaria,8,0.0,39.0,Obrero,Agropecuario,1 a 10 trabajadores,No,6,201.0
63,Hombre,Urbana,Costa,Superior universitaria,17,39.0,53.0,Trabajador independiente,Comercio,1 a 10 trabajadores,No,5,4303.0
65,Mujer,Rural,Costa,Secundaria,9,45.0,39.0,Empleado,Agropecuario,1 a 10 trabajadores,Si,9,481.0
46,Hombre,Urbana,Sierra,Posgrado,17,23.0,32.0,Empleado,Comercio,1 a 10 trabajadores,No,4,3580.0
34,Mujer,Urbana,Sierra,Secundaria,9,16.0,58.0,Trabajador independiente,Servicios,1 a 10 trabajadores,No,4,605.0
35,Hombre,Urbana,Lima Metropolitana,Primaria o menos,5,23.0,26.0,Empleado,"Administracion publica, educacion y salud",1 a 10 trabajadores,,3,1388.0
52,Hombre,Urbana,Costa,Superior no universitaria,13,29.0,50.0,Empleado,Comercio,Mas de 50 trabajadores,No,4,1607.0
53,Hombre,Urbana,Selva,Superior no universitaria,15,28.0,39.0,Empleado,Servicios,1 a 10 trabajadores,No,7,3011.0
18,Hombre,Urbana,Costa,Superior universitaria,15,0.0,40.0,Trabajador independiente,Servicios,1 a 10 trabajadores,No,5,1469.0
59,Hombre,Urbana,Costa,Superior no universitaria,15,39.0,57.0,Empleado,Servicios,1 a 10 trabajadores,Si,5,2499.0
39,Hombre,Rural,Sierra,Primaria o menos,5,25.0,65.0,Trabajador independiente,Agropecuario,1 a 10 trabajadores,No,5,362.0
53,Mujer,Rural,Sierra,Secundaria,11,34.0,34.0,Trabajador independiente,Agropecuario,1 a 10 trabajadores,No,5,187.0
35,Hombre,Urbana,Costa,Superior universitaria,16,10.0,35.0,Trabajador independiente,Construccion,1 a 10 trabajadores,No,3,1751.0
25,Hombre,Urbana,Sierra,Secundaria,11,11.0,62.0,Empleador,Servicios,1 a 10 trabajadores,No,3,1122.0
29,Mujer,Urbana,Costa,Superior universitaria,17,5.0,44.0,Trabajador independiente,Servicios,1 a 10 trabajadores,No,5,2180.0
36,Hombre,Urbana,Lima Metropolitana,Superior universitaria,14,20.0,45.0,Empleado,Servicios,1 a 10 trabajadores,No,9,3229.0
32,Hombre,Rural,Sierra,Primaria o menos,5,18.0,49.0,Obrero,Agropecuario,11 a 50 trabajadores,No,3,356.0
39,Hombre,Urbana,Lima Metropolitana,Secundaria,11,23.0,46.0,Empleado,Servicios,1 a 10 trabajadores,Si,5,2447.0
24,Hombre,Urbana,Sierra,Secundaria,9,9.0,56.0,Trabajador independiente,Comercio,1 a 10 trabajadores,No,10,668.0
45,Hombre,Urbana,Costa,Secundaria,10,27.0,25.0,Trabajador independiente,Servicios,1 a 10 trabajadores,No,8,663.0
43,Hombre,Urbana,Lima Metropolitana,Superior no universitaria,12,27.0,41.0,Empleado,Construccion,Mas de 50 trabajadores,Si,4,3987.0
55,Mujer,Urbana,Lima Metropolitana,Superior universitaria,14,37.0,54.0,Empleado,Agropecuario,Mas de 50 trabajadores,No,4,3623.0
26,Mujer,Urbana,Selva,Secundaria,10,11.0,40.0,Obrero,Comercio,11 a 50 trabajadores,No,4,759.0
31,Mujer,Urbana,Sierra,Secundaria,9,18.0,49.0,Empleador,Servicios,1 a 10 trabajadores,No,3,1506.0
43,Hombre,Urbana,Costa,Superior universitaria,16,24.0,47.0,Trabajador independiente,Comercio,1 a 10 trabajadores,Si,1,2940.0
39,Mujer,Rural,Sierra,Superior universitaria,17,15.0,41.0,Empleado,Comercio,Mas de 50 trabajadores,Si,6,1330.0
39,Hombre,Urbana,Costa,Posgrado,17,16.0,27.0,Empleado,Servicios,11 a 50 trabajadores,No,5,3522.0
39,Hombre,Rural,Selva,Superior universitaria,16,18.0,56.0,Empleado,Manufactura,1 a 10 trabajadores,No,3,1176.0
48,Mujer,Urbana,Lima Metropolitana,Superior universitaria,15,34.0,53.0,Empleado,Comercio,1 a 10 trabajadores,Si,3,3712.0
55,Hombre,Urbana,Lima Metropolitana,Secundaria,8,40.0,47.0,Empleado,Comercio,11 a 50 trabajadores,Si,2,1828.0
35,Mujer,Urbana,Lima Metropolitana,Superior universitaria,14,14.0,46.0,Trabajador independiente,Servicios,1 a 10 trabajadores,Si,6,2642.0
45,Hombre,Urbana,Lima Metropolitana,Secundaria,9,32.0,33.0,Empleado,"Administracion publica, educacion y salud",Mas de 50 trabajadores,Si,3,4635.0
50,Mujer,Urbana,Sierra,Secundaria,7,36.0,39.0,Empleador,Servicios,1 a 10 trabajadores,Si,5,1414.0
19,Mujer,Rural,Sierra,Superior universitaria,14,0.0,37.0,Empleado,Agropecuario,11 a 50 trabajadores,Si,8,591.0
36,Hombre,Urbana,Lima Metropolitana,Secundaria,8,22.0,66.0,Trabajador independiente,Manufactura,1 a 10 trabajadores,No,4,992.0
18,Hombre,Urbana,Lima Metropolitana,Superior no universitaria,14,0.0,45.0,Trabajador independiente,"Administracion publica, educacion y salud",1 a 10 trabajadores,No,8,1337.0
56,Mujer,Urbana,Lima Metropolitana,Superior no universitaria,13,37.0,37.0,Trabajador independiente,Construccion,1 a 10 trabajadores,No,2,1353.0
49,Hombre,Urbana,Lima Metropolitana,Secundaria,7,38.0,37.0,Trabajador independiente,Comercio,1 a 10 trabajadores,No,8,973.0
46,Hombre,Urbana,Sierra,Secundaria,9,28.0,25.0,Obrero,Manufactura,1 a 10 trabajadores,No,4,821.0
36,Mujer,Rural,Sierra,Secundaria,10,18.0,50.0,Trabajador independiente,Agropecuario,Mas de 50 trabajadores,No,3,527.0
18,Mujer,Urbana,Costa,Superior no universitaria,14,0.0,61.0,Empleado,"Administracion publica, educacion y salud",1 a 10 trabajadores,No,3,1454.0
50,Mujer,Urbana,Costa,Secundaria,10,35.0,47.0,Trabajador independiente,Servicios,1 a 10 trabajadores,No,2,1672.0
59,Mujer,Urbana,Costa,Superior universitaria,17,34.0,,Obrero,"Administracion publica, educacion y salud",Mas de 50 trabajadores,Si,1,5020.0
48,Mujer,Rural,Sierra,Secundaria,9,33.0,17.0,Trabajador independiente,Servicios,1 a 10 trabajadores,No,9,217.0
27,Mujer,Urbana,Lima Metropolitana,Secundaria,7,11.0,55.0,Obrero,Comercio,11 a 50 trabajadores,Si,6,1374.0
54,Hombre,Urbana,Costa,Superior no universitaria,15,32.0,72.0,Empleador,"Administracion publica, educacion y salud",Mas de 50 trabajadores,Si,2,8662.0
36,Hombre,Urbana,Sierra,Superior no universitaria,14,16.0,40.0,Empleado,Manufactura,Mas de 50 trabajadores,Si,3,5577.0
43,Hombre,Urbana,Lima Metropolitana,Superior universitaria,14,24.0,56.0,Empleado,Comercio,11 a 50 trabajadores,Si,5,5083.0
50,Mujer,Urbana,Lima Metropolitana,Superior no universitaria,15,29.0,54.0,Trabajador independiente,Comercio,11 a 50 trabajadores,No,6,1673.0
52,Mujer,Urbana,Lima Metropolitana,Superior universitaria,14,32.0,53.0,Empleado,Servicios,1 a 10 trabajadores,No,4,3062.0
38,Hombre,Urbana,Lima Metropolitana,Secundaria,9,22.0,51.0,Trabajador independiente,Servicios,1 a 10 trabajadores,No,6,993.0
36,Hombre,Rural,Sierra,Primaria o menos,2,31.0,56.0,Trabajador independiente,Agropecuario,1 a 10 trabajadores,No,9,231.0
54,Mujer,Urbana,Costa,Superior universitaria,14,37.0,56.0,Empleado,Servicios,Mas de 50 trabajadores,Si,6,3094.0
38,Mujer,Urbana,Costa,Superior no universitaria,14,19.0,44.0,Empleado,Manufactura,1 a 10 trabajadores,No,9,1945.0
34,Mujer,Rural,Selva,Superior universitaria,14,12.0,64.0,Trabajador independiente,"Administracion publica, educacion y salud",11 a 50 trabajadores,Si,4,1078.0
37,Hombre,Rural,Costa,Superior universitaria,16,19.0,50.0,Empleador,Servicios,1 a 10 trabajadores,No,9,1851.0
46,Mujer,Urbana,Sierra,Superior universitaria,15,24.0,35.0,Obrero,Comercio,1 a 10 trabajadores,No,5,1570.0
47,Hombre,Urbana,Costa,Superior universitaria,16,24.0,32.0,Empleado,Servicios,1 a 10 trabajadores,No,3,2051.0
57,Mujer,Urbana,Costa,Superior no universitaria,12,40.0,51.0,Empleado,Servicios,Mas de 50 trabajadores,Si,2,2494.0
54,Hombre,Rural,Costa,Primaria o menos,3,45.0,47.0,Trabajador independiente,Servicios,1 a 10 trabajadores,No,6,358.0
40,Hombre,Rural,Sierra,Primaria o menos,3,31.0,47.0,Trabajador independiente,Servicios,1 a 10 trabajadores,No,4,362.0
41,Hombre,Urbana,Sierra,Secundaria,7,25.0,38.0,Trabajador independiente,Servicios,1 a 10 trabajadores,No,4,608.0
26,Hombre,Rural,Sierra,Superior universitaria,17,4.0,59.0,Trabajador independiente,Comercio,1 a 10 trabajadores,No,3,942.0
34,Mujer,Urbana,Costa,Primaria o menos,5,22.0,33.0,Empleado,Manufactura,11 a 50 trabajadores,No,5,1285.0
65,Hombre,Urbana,Lima Metropolitana,Superior no universitaria,12,45.0,38.0,Empleador,"Administracion publica, educacion y salud",1 a 10 trabajadores,No,7,3231.0
41,Mujer,Urbana,Lima Metropolitana,Superior universitaria,17,19.0,49.0,Empleado,Servicios,1 a 10 trabajadores,No,2,4222.0
19,Hombre,Urbana,Lima Metropolitana,Secundaria,11,,26.0,Empleado,Comercio,11 a 50 trabajadores,No,3,1791.0
44,Mujer,Urbana,Lima Metropolitana,Secundaria,10,26.0,18.0,Trabajador independiente,"Administracion publica, educacion y salud",1 a 10 trabajadores,No,2,879.0
38,Hombre,Urbana,Sierra,Primaria o menos,5,27.0,52.0,Empleado,Construccion,Mas de 50 trabajadores,Si,3,805.0
39,Mujer,Urbana,Lima Metropolitana,Primaria o menos,6,24.0,42.0,Trabajador independiente,Agropecuario,1 a 10 trabajadores,No,3,865.0
57,Mujer,Rural,Sierra,Primaria o menos,4,45.0,71.0,Trabajador independiente,"Administracion publica, educacion y salud",1 a 10 trabajadores,No,3,336.0
20,Hombre,Urbana,Costa,Secundaria,11,2.0,28.0,Obrero,Comercio,11 a 50 trabajadores,,3,575.0
52,Hombre,Urbana,Lima Metropolitana,Superior universitaria,16,27.0,77.0,Empleado,Servicios,1 a 10 trabajadores,Si,6,7825.0
49,Hombre,Urbana,Costa,Superior no universitaria,12,34.0,43.0,Empleado,"Administracion publica, educacion y salud",Mas de 50 trabajadores,Si,5,3880.0
33,Hombre,Rural,Sierra,Primaria o menos,4,21.0,47.0,Empleado,Agropecuario,1 a 10 trabajadores,No,5,648.0
35,Hombre,Rural,Sierra,Primaria o menos,2,22.0,35.0,Trabajador independiente,Agropecuario,1 a 10 trabajadores,No,7,181.0
38,Mujer,Urbana,Costa,Secundaria,9,,52.0,Empleado,Manufactura,1 a 10 trabajadores,Si,4,1486.0
36,Mujer,Urbana,Costa,Secundaria,11,18.0,45.0,Trabajador independiente,Comercio,1 a 10 trabajadores,No,1,916.0
47,Hombre,Urbana,Lima Metropolitana,Secundaria,10,28.0,64.0,Empleado,Servicios,Mas de 50 trabajadores,No,5,1018.0
44,Hombre,Rural,Sierra,Primaria o menos,2,38.0,28.0,Trabajador independiente,Servicios,1 a 10 trabajadores,No,7,221.0
23,Hombre,Urbana,Sierra,Superior universitaria,15,3.0,26.0,Empleador,Comercio,11 a 50 trabajadores,Si,1,1947.0
36,Hombre,Urbana,Costa,Superior universitaria,14,19.0,53.0,Trabajador independiente,Comercio,1 a 10 trabajadores,No,6,2293.0
32,Mujer,Urbana,Lima Metropolitana,Secundaria,11,13.0,73.0,Empleado,Comercio,1 a 10 trabajadores,No,6,2028.0
36,Hombre,Urbana,Lima Metropolitana,Posgrado,17,10.0,50.0,Empleado,Servicios,Mas de 50 trabajadores,Si,4,7472.0
48,Hombre,Urbana,Sierra,Secundaria,10,33.0,16.0,Trabajador independiente,Construccion,1 a 10 trabajadores,Si,5,523.0
49,Mujer,Rural,Sierra,Primaria o menos,5,37.0,57.0,Trabajador independiente,Comercio,1 a 10 trabajadores,No,4,301.0
33,Hombre,Urbana,Selva,Secundaria,7,21.0,44.0,Trabajador independiente,Servicios,1 a 10 trabajadores,No,6,1062.0
36,Hombre,Urbana,Costa,Posgrado,17,16.0,52.0,Empleado,Comercio,11 a 50 trabajadores,Si,4,8623.0
28,Mujer,Urbana,Selva,Superior universitaria,14,9.0,51.0,Empleado,Servicios,1 a 10 trabajadores,No,4,727.0
25,Hombre,Urbana,Sierra,Posgrado,20,0.0,38.0,Empleado,"Administracion publica, educacion y salud",1 a 10 trabajadores,No,2,3252.0
36,Hombre,Urbana,Lima Metropolitana,Superior universitaria,15,17.0,47.0,Trabajador independiente,Manufactura,1 a 10 trabajadores,No,4,1886.0
26,Mujer,Urbana,Costa,Primaria o menos,4,18.0,44.0,Empleado,Servicios,11 a 50 trabajadores,No,9,553.0
40,Mujer,Rural,Selva,Secundaria,7,28.0,27.0,Trabajador independiente,Agropecuario,1 a 10 trabajadores,No,4,346.0
49,Hombre,Urbana,Lima Metropolitana,Superior universitaria,14,28.0,44.0,Trabajador independiente,Comercio,1 a 10 trabajadores,No,7,5438.0
31,Hombre,Urbana,Costa,Secundaria,8,16.0,32.0,Obrero,"Administracion publica, educacion y salud",1 a 10 trabajadores,No,3,715.0
57,Mujer,Rural,Selva,Primaria o menos,2,45.0,9.0,Trabajador independiente,Agropecuario,1 a 10 trabajadores,No,3,150.0
35,Hombre,Urbana,Costa,Secundaria,8,21.0,47.0,Trabajador independiente,Manufactura,1 a 10 trabajadores,Si,4,991.0
42,Mujer,Urbana,Selva,Superior universitaria,14,20.0,34.0,Trabajador independiente,Comercio,1 a 10 trabajadores,No,3,1061.0
58,Hombre,Urbana,Selva,Superior universitaria,17,37.0,41.0,Empleado,Servicios,Mas de 50 trabajadores,Si,1,4965.0
59,Hombre,Urbana,Lima Metropolitana,Secundaria,11,41.0,22.0,Trabajador independiente,Servicios,1 a 10 trabajadores,No,10,748.0
35,Hombre,Urbana,Lima Metropolitana,Primaria o menos,5,25.0,65.0,Empleador,"Administracion publica, educacion y salud",1 a 10 trabajadores,No,3,928.0
36,Hombre,Rural,Sierra,Primaria o menos,6,24.0,49.0,Trabajador independiente,Agropecuario,1 a 10 trabajadores,No,2,308.0
36,Hombre,Urbana,Sierra,Superior no universitaria,12,20.0,59.0,Empleado,Servicios,11 a 50 trabajadores,Si,3,2872.0
65,Hombre,Urbana,Sierra,Superior universitaria,17,41.0,42.0,Empleado,Manufactura,11 a 50 trabajadores,Si,5,5075.0
34,Hombre,Urbana,Lima Metropolitana,Posgrado,19,12.0,51.0,Empleado,Comercio,Mas de 50 trabajadores,Si,7,9257.0
54,Mujer,Urbana,Lima Metropolitana,Secundaria,8,42.0,40.0,Trabajador independiente,"Administracion publica, educacion y salud",1 a 10 trabajadores,Si,6,982.0
34,Hombre,Urbana,Sierra,Superior universitaria,15,8.0,50.0,Empleado,Construccion,1 a 10 trabajadores,Si,5,1310.0
36,Mujer,Rural,Sierra,Primaria o menos,2,30.0,39.0,Trabajador independiente,Agropecuario,1 a 10 trabajadores,No,5,171.0
32,Mujer,Urbana,Costa,Superior universitaria,16,10.0,31.0,Empleado,Servicios,Mas de 50 trabajadores,Si,1,3333.0
29,Mujer,Urbana,Selva,Superior universitaria,14,10.0,59.0,Empleado,Servicios,Mas de 50 trabajadores,Si,4,4791.0
22,Hombre,Urbana,Costa,Superior no universitaria,14,1.0,50.0,Trabajador independiente,"Administracion publica, educacion y salud",1 a 10 trabajadores,Si,3,1774.0
58,Mujer,Urbana,Lima Metropolitana,Primaria o menos,6,45.0,43.0,Obrero,Comercio,Mas de 50 trabajadores,No,2,491.0
35,Mujer,Urbana,Costa,Primaria o menos,4,23.0,26.0,Obrero,"Administracion publica, educacion y salud",Mas de 50 trabajadores,Si,4,1550.0
58,Mujer,Urbana,Costa,Superior no universitaria,13,41.0,46.0,Trabajador independiente,Comercio,1 a 10 trabajadores,No,3,763.0
32,Mujer,Urbana,Lima Metropolitana,Superior universitaria,16,11.0,61.0,Empleado,Manufactura,11 a 50 trabajadores,Si,3,3743.0
39,Mujer,Urbana,Lima Metropolitana,Secundaria,10,24.0,66.0,Trabajador independiente,Servicios,11 a 50 trabajadores,No,2,1803.0
26,Hombre,Rural,Sierra,Superior no universitaria,13,,30.0,Trabajador independiente,Agropecuario,1 a 10 trabajadores,No,6,246.0
39,Hombre,Urbana,Costa,Secundaria,9,23.0,42.0,Empleado,Manufactura,Mas de 50 trabajadores,No,5,1409.0
52,Hombre,Urbana,Lima Metropolitana,Superior no universitaria,14,33.0,17.0,Obrero,Comercio,1 a 10 trabajadores,No,5,1458.0
50,Hombre,Urbana,Lima Metropolitana,Superior universitaria,16,27.0,42.0,Empleador,Agropecuario,1 a 10 trabajadores,Si,5,6643.0
41,Hombre,Rural,Sierra,Secundaria,10,24.0,65.0,Trabajador independiente,Agropecuario,1 a 10 trabajadores,No,3,475.0
44,Hombre,Urbana,Costa,Superior universitaria,14,22.0,53.0,Empleado,Servicios,1 a 10 trabajadores,No,5,1854.0
23,Hombre,Urbana,Lima Metropolitana,Secundaria,11,5.0,39.0,Trabajador independiente,"Administracion publica, educacion y salud",1 a 10 trabajadores,Si,4,1546.0
38,Hombre,Urbana,Costa,Secundaria,10,21.0,47.0,Trabajador independiente,Servicios,1 a 10 trabajadores,,5,1041.0
45,Mujer,Urbana,Costa,Secundaria,8,32.0,49.0,Trabajador independiente,Servicios,1 a 10 trabajadores,No,3,1172.0
56,Mujer,Urbana,Lima Metropolitana,Superior no universitaria,14,32.0,50.0,Obrero,Comercio,11 a 50 trabajadores,No,3,3063.0
48,Mujer,Urbana,Costa,Secundaria,10,31.0,58.0,Empleado,Servicios,1 a 10 trabajadores,No,3,1324.0
22,Mujer,Urbana,Lima Metropolitana,Secundaria,7,10.0,54.0,Empleado,Comercio,11 a 50 trabajadores,No,6,692.0
41,Mujer,Urbana,Selva,Secundaria,8,27.0,22.0,Empleado,"Administracion publica, educacion y salud",Mas de 50 trabajadores,Si,5,1365.0
18,Mujer,Rural,Sierra,Primaria o menos,6,4.0,26.0,Trabajador independiente,Agropecuario,1 a 10 trabajadores,No,7,159.0
43,Hombre,Urbana,Costa,Superior universitaria,14,23.0,33.0,Trabajador independiente,Servicios,1 a 10 trabajadores,No,6,2440.0
40,Hombre,Urbana,Lima Metropolitana,Secundaria,7,26.0,44.0,Empleado,Servicios,Mas de 50 trabajadores,Si,2,1653.0
33,Hombre,Rural,Costa,Superior universitaria,14,10.0,17.0,Empleado,Agropecuario,11 a 50 trabajadores,No,7,576.0
22,Hombre,Urbana,Lima Metropolitana,Superior universitaria,17,0.0,55.0,Empleado,"Administracion publica, educacion y salud",Mas de 50 trabajadores,Si,5,9799.0
47,Mujer,Rural,Sierra,Secundaria,7,36.0,60.0,Obrero,Agropecuario,11 a 50 trabajadores,No,3,233.0
23,Hombre,Rural,Costa,Primaria o menos,2,17.0,33.0,Trabajador independiente,"Administracion publica, educacion y salud",1 a 10 trabajadores,No,3,354.0
50,Mujer,Urbana,Lima Metropolitana,Superior no universitaria,15,32.0,61.0,Empleado,Servicios,1 a 10 trabajadores,No,5,1902.0
44,Hombre,Urbana,Lima Metropolitana,Superior universitaria,14,27.0,38.0,Trabajador independiente,"Administracion publica, educacion y salud",1 a 10 trabajadores,Si,2,3884.0
31,Hombre,Urbana,Sierra,Secundaria,9,13.0,71.0,Trabajador independiente,Comercio,1 a 10 trabajadores,No,5,914.0
18,Hombre,Urbana,Lima Metropolitana,Superior no universitaria,14,0.0,43.0,Empleado,"Administracion publica, educacion y salud",Mas de 50 trabajadores,Si,7,4971.0
49,Hombre,Urbana,Costa,Secundaria,8,35.0,42.0,Empleado,Manufactura,1 a 10 trabajadores,No,4,751.0
38,Mujer,Urbana,Lima Metropolitana,Primaria o menos,3,31.0,33.0,Empleado,Servicios,1 a 10 trabajadores,No,1,779.0
33,Hombre,Urbana,Lima Metropolitana,Secundaria,7,19.0,59.0,Trabajador independiente,Comercio,1 a 10 trabajadores,No,7,1444.0
47,Mujer,Rural,Selva,Secundaria,8,33.0,36.0,Empleado,Agropecuario,1 a 10 trabajadores,No,4,368.0
29,Mujer,Urbana,Costa,Secundaria,10,14.0,40.0,Trabajador independiente,Manufactura,1 a 10 trabajadores,No,6,1102.0
41,Mujer,Urbana,Sierra,Secundaria,11,26.0,33.0,Trabajador independiente,"Administracion publica, educacion y salud",1 a 10 trabajadores,No,4,1283.0
63,Mujer,Urbana,Costa,Posgrado,20,36.0,40.0,Obrero,Servicios,11 a 50 trabajadores,Si,3,5244.0
35,Hombre,Urbana,Selva,Primaria o menos,3,27.0,35.0,Trabajador independiente,Comercio,1 a 10 trabajadores,No,5,357.0
56,Hombre,Urbana,Sierra,Superior universitaria,14,37.0,41.0,Empleado,Manufactura,Mas de 50 trabajadores,Si,2,2373.0
36,Mujer,Urbana,Sierra,Superior no universitaria,14,15.0,65.0,Trabajador independiente,Comercio,11 a 50 trabajadores,No,5,1844.0
48,Mujer,Urbana,Lima Metropolitana,Superior no universitaria,15,32.0,62.0,Empleado,Servicios,1 a 10 trabajadores,No,1,2123.0
28,Hombre,Urbana,Lima Metropolitana,Superior no universitaria,13,7.0,54.0,Empleado,Servicios,Mas de 50 trabajadores,Si,2,3778.0
54,Hombre,Urbana,Lima Metropolitana,Primaria o menos,3,42.0,40.0,Empleado,Construccion,Mas de 50 trabajadores,Si,4,1432.0
24,Hombre,Rural,Sierra,Superior no universitaria,13,8.0,21.0,Empleado,Agropecuario,1 a 10 trabajadores,No,2,239.0
65,Mujer,Urbana,Costa,Primaria o menos,3,45.0,41.0,Trabajador independiente,"Administracion publica, educacion y salud",1 a 10 trabajadores,No,4,382.0
50,Hombre,Rural,Sierra,Superior no universitaria,12,34.0,29.0,Trabajador independiente,Construccion,11 a 50 trabajadores,No,6,339.0
43,Hombre,Urbana,Selva,Superior no universitaria,12,23.0,47.0,Empleado,Agropecuario,Mas de 50 trabajadores,No,4,2058.0
38,Hombre,Urbana,Costa,Secundaria,10,22.0,48.0,Empleado,"Administracion publica, educacion y salud",1 a 10 trabajadores,No,3,1578.0
23,Hombre,Urbana,Lima Metropolitana,Superior no universitaria,15,3.0,49.0,Empleado,Construccion,Mas de 50 trabajadores,No,7,4542.0
50,Mujer,Urbana,Sierra,Superior no universitaria,14,30.0,47.0,Trabajador independiente,"Administracion publica, educacion y salud",1 a 10 trabajadores,No,6,1967.0
39,Hombre,Urbana,Lima Metropolitana,Superior no universitaria,15,17.0,49.0,Trabajador independiente,Servicios,1 a 10 trabajadores,No,3,2969.0
36,Mujer,Rural,Sierra,Secundaria,9,20.0,20.0,Trabajador independiente,Servicios,1 a 10 trabajadores,No,2,218.0
26,Hombre,Urbana,Selva,Superior universitaria,16,3.0,35.0,Trabajador independiente,Servicios,1 a 10 trabajadores,No,6,1905.0
55,Hombre,Urbana,Costa,Secundaria,9,40.0,53.0,Obrero,"Administracion publica, educacion y salud",1 a 10 trabajadores,No,5,859.0
20,Mujer,Rural,Sierra,Secundaria,9,7.0,30.0,Obrero,Agropecuario,1 a 10 trabajadores,No,6,237.0
25,Hombre,Urbana,Sierra,Secundaria,9,12.0,38.0,Empleado,"Administracion publica, educacion y salud",Mas de 50 trabajadores,Si,3,1853.0
59,Hombre,Urbana,Lima Metropolitana,Secundaria,8,45.0,59.0,Empleado,Servicios,Mas de 50 trabajadores,No,6,1731.0
18,Hombre,Urbana,Costa,Superior no universitaria,13,2.0,63.0,Trabajador independiente,Manufactura,1 a 10 trabajadores,No,3,647.0
29,Mujer,Urbana,Lima Metropolitana,Superior universitaria,16,8.0,,Empleador,Comercio,11 a 50 trabajadores,Si,3,5728.0
46,Hombre,Urbana,Lima Metropolitana,Superior universitaria,15,26.0,52.0,Empleado,Servicios,Mas de 50 trabajadores,Si,3,10196.0
47,Hombre,Urbana,Sierra,Superior no universitaria,14,25.0,30.0,Trabajador independiente,Comercio,1 a 10 trabajadores,No,3,1876.0
18,Mujer,Urbana,Sierra,Superior universitaria,17,0.0,55.0,Empleado,Servicios,Mas de 50 trabajadores,Si,4,2876.0
43,Mujer,Urbana,Lima Metropolitana,Primaria o menos,3,34.0,35.0,Empleado,"Administracion publica, educacion y salud",1 a 10 trabajadores,No,8,913.0
38,Hombre,Urbana,Sierra,Superior no universitaria,14,14.0,44.0,Empleado,"Administracion publica, educacion y salud",1 a 10 trabajadores,No,4,2515.0
47,Hombre,Urbana,Costa,Superior no universitaria,14,32.0,45.0,Obrero,Servicios,1 a 10 trabajadores,Si,5,2483.0
57,Hombre,Urbana,Costa,Superior no universitaria,12,42.0,37.0,Empleado,Comercio,Mas de 50 trabajadores,Si,7,3669.0
31,Mujer,Rural,Selva,Secundaria,7,16.0,37.0,Obrero,Agropecuario,1 a 10 trabajadores,No,4,280.0
43,Hombre,Rural,Sierra,Secundaria,11,27.0,37.0,Trabajador independiente,Agropecuario,1 a 10 trabajadores,No,2,316.0
62,Hombre,Rural,Selva,Secundaria,11,45.0,47.0,Trabajador independiente,Agropecuario,1 a 10 trabajadores,No,3,279.0
31,Hombre,Urbana,Sierra,Superior universitaria,15,11.0,42.0,Trabajador independiente,Comercio,1 a 10 trabajadores,No,6,1843.0
53,Hombre,Urbana,Sierra,Secundaria,10,33.0,28.0,Empleado,Construccion,1 a 10 trabajadores,No,5,877.0
58,Hombre,Urbana,Costa,Superior no universitaria,13,36.0,52.0,Empleado,Comercio,11 a 50 trabajadores,Si,4,4248.0
31,Mujer,Urbana,Lima Metropolitana,Primaria o menos,5,20.0,62.0,Trabajador independiente,Construccion,1 a 10 trabajadores,No,5,421.0
46,Hombre,Urbana,Lima Metropolitana,Secundaria,10,29.0,30.0,Empleado,"Administracion publica, educacion y salud",Mas de 50 trabajadores,Si,10,2633.0
36,Hombre,Urbana,Lima Metropolitana,Primaria o menos,4,27.0,27.0,Empleado,Servicios,1 a 10 trabajadores,No,2,425.0
40,Mujer,Rural,Selva,Superior universitaria,17,20.0,38.0,Empleado,Agropecuario,1 a 10 trabajadores,No,3,625.0
65,Mujer,Urbana,Lima Metropolitana,Superior no universitaria,14,42.0,33.0,Obrero,Comercio,Mas de 50 trabajadores,Si,4,1593.0
44,Hombre,Urbana,Costa,Superior no universitaria,12,28.0,46.0,Empleado,Comercio,Mas de 50 trabajadores,No,6,2849.0
32,Hombre,Urbana,Sierra,Superior no universitaria,13,12.0,58.0,Trabajador independiente,Comercio,1 a 10 trabajadores,No,2,1176.0
51,Hombre,Urbana,Lima Metropolitana,Superior universitaria,16,27.0,52.0,Empleado,Servicios,Mas de 50 trabajadores,Si,5,9985.0
44,Hombre,Urbana,Costa,Secundaria,7,32.0,53.0,Trabajador independiente,Servicios,1 a 10 trabajadores,No,3,992.0
65,Mujer,Urbana,Sierra,Secundaria,11,45.0,48.0,Empleado,Manufactura,11 a 50 trabajadores,No,5,1494.0
45,Hombre,Urbana,Lima Metropolitana,Secundaria,9,27.0,56.0,Empleado,Servicios,1 a 10 trabajadores,No,2,1300.0
37,Hombre,Urbana,Selva,Superior no universitaria,15,21.0,52.0,Empleado,Agropecuario,Mas de 50 trabajadores,Si,3,3580.0
30,Mujer,Urbana,Lima Metropolitana,Secundaria,9,16.0,33.0,Empleado,Comercio,Mas de 50 trabajadores,Si,3,2143.0
23,Mujer,Rural,Sierra,Secundaria,11,4.0,37.0,Empleador,Agropecuario,11 a 50 trabajadores,No,4,801.0
20,Mujer,Rural,Selva,Primaria o menos,5,9.0,56.0,Trabajador independiente,Agropecuario,1 a 10 trabajadores,No,6,365.0
41,Mujer,Urbana,Costa,Secundaria,8,27.0,22.0,Obrero,"Administracion publica, educacion y salud",11 a 50 trabajadores,No,4,850.0
41,Hombre,Urbana,Costa,Posgrado,19,16.0,15.0,Trabajador independiente,Comercio,11 a 50 trabajadores,No,5,3423.0
35,Hombre,Urbana,Sierra,Secundaria,9,18.0,50.0,Trabajador independiente,Agropecuario,1 a 10 trabajadores,No,3,382.0
36,Hombre,Urbana,Costa,Superior no universitaria,13,16.0,41.0,Empleado,"Administracion publica, educacion y salud",Mas de 50 trabajadores,Si,4,6794.0
50,Hombre,Urbana,Selva,Secundaria,9,37.0,46.0,Obrero,Servicios,Mas de 50 trabajadores,No,5,1101.0
50,Hombre,Urbana,Selva,Superior universitaria,17,23.0,47.0,Empleado,Manufactura,Mas de 50 trabajadores,Si,6,4962.0
42,Hombre,Urbana,Lima Metropolitana,Primaria o menos,3,35.0,48.0,Empleado,"Administracion publica, educacion y salud",Mas de 50 trabajadores,No,2,1541.0
41,Hombre,Urbana,Sierra,Secundaria,7,27.0,48.0,Obrero,"Administracion publica, educacion y salud",1 a 10 trabajadores,Si,7,1228.0
40,Hombre,Rural,Sierra,Secundaria,8,27.0,44.0,Obrero,Servicios,11 a 50 trabajadores,No,1,469.0
23,Mujer,Urbana,Costa,Secundaria,10,5.0,38.0,Obrero,Construccion,1 a 10 trabajadores,Si,4,1250.0
41,Mujer,Urbana,Costa,Secundaria,7,30.0,64.0,Empleado,Comercio,1 a 10 trabajadores,Si,5,1441.0
23,Mujer,Urbana,Costa,Superior no universitaria,14,5.0,37.0,Obrero,Comercio,1 a 10 trabajadores,Si,8,1258.0
41,Hombre,Urbana,Selva,Superior no universitaria,13,24.0,33.0,Empleado,Servicios,Mas de 50 trabajadores,No,2,2746.0
29,Hombre,Urbana,Selva,Secundaria,7,15.0,51.0,Empleador,Manufactura,11 a 50 trabajadores,Si,4,1321.0
39,Hombre,Urbana,Sierra,Superior no universitaria,15,19.0,46.0,Empleado,Manufactura,1 a 10 trabajadores,No,3,2504.0
36,Hombre,Urbana,Lima Metropolitana,Secundaria,8,26.0,45.0,Empleado,Comercio,Mas de 50 trabajadores,No,4,2547.0
18,Mujer,Urbana,Sierra,Superior no universitaria,15,0.0,37.0,Trabajador independiente,Comercio,1 a 10 trabajadores,No,1,1239.0
44,Hombre,Urbana,Lima Metropolitana,Secundaria,10,31.0,41.0,Empleado,Servicios,1 a 10 trabajadores,Si,3,1703.0
47,Hombre,Urbana,Costa,Secundaria,10,28.0,34.0,Trabajador independiente,"Administracion publica, educacion y salud",11 a 50 trabajadores,Si,4,3358.0
39,Mujer,Urbana,Sierra,Superior universitaria,16,15.0,59.0,Trabajador independiente,"Administracion publica, educacion y salud",1 a 10 trabajadores,No,3,1648.0
35,Mujer,Rural,Costa,Primaria o menos,6,23.0,33.0,Trabajador independiente,Construccion,1 a 10 trabajadores,No,5,187.0
32,Mujer,Rural,Selva,Primaria o menos,2,25.0,,Trabajador independiente,Agropecuario,1 a 10 trabajadores,No,7,203.0
34,Mujer,Urbana,Costa,Secundaria,7,19.0,55.0,Empleado,Construccion,11 a 50 trabajadores,No,4,1679.0
47,Mujer,Urbana,Lima Metropolitana,Superior no universitaria,13,29.0,49.0,Trabajador independiente,Servicios,1 a 10 trabajadores,Si,3,2541.0
33,Hombre,Rural,Selva,Primaria o menos,5,23.0,16.0,Trabajador independiente,Servicios,11 a 50 trabajadores,No,7,254.0
45,Hombre,Urbana,Costa,Superior universitaria,17,20.0,51.0,Empleado,"Administracion publica, educacion y salud",1 a 10 trabajadores,No,3,5526.0
28,Mujer,Rural,Sierra,Secundaria,10,11.0,32.0,Trabajador independiente,Construccion,1 a 10 trabajadores,No,3,254.0
45,Hombre,Urbana,Lima Metropolitana,Superior universitaria,14,26.0,43.0,Empleado,Agropecuario,11 a 50 trabajadores,No,5,2961.0
44,Mujer,Urbana,Lima Metropolitana,Superior universitaria,15,26.0,43.0,Empleado,Manufactura,11 a 50 trabajadores,No,9,2714.0
50,Hombre,Urbana,Lima Metropolitana,Superior universitaria,15,29.0,46.0,Empleado,Servicios,11 a 50 trabajadores,No,6,4919.0
63,Mujer,Urbana,Lima Metropolitana,Primaria o menos,2,45.0,18.0,Obrero,Servicios,Mas de 50 trabajadores,Si,4,851.0
39,Mujer,Urbana,Selva,Superior no universitaria,13,21.0,26.0,Empleado,Manufactura,11 a 50 trabajadores,Si,5,2303.0
65,Hombre,Urbana,Lima Metropolitana,Primaria o menos,3,45.0,30.0,Obrero,Comercio,Mas de 50 trabajadores,Si,4,1202.0
20,Hombre,Urbana,Selva,Superior universitaria,17,0.0,58.0,Empleado,Servicios,11 a 50 trabajadores,No,5,2396.0
18,Hombre,Urbana,Costa,Secundaria,11,0.0,47.0,Empleado,Servicios,Mas de 50 trabajadores,No,4,2520.0
38,Mujer,Urbana,Sierra,Secundaria,7,25.0,26.0,Empleado,Servicios,1 a 10 trabajadores,No,4,875.0
53,Hombre,Urbana,Lima Metropolitana,Secundaria,8,37.0,36.0,Trabajador independiente,Comercio,1 a 10 trabajadores,No,5,719.0
40,Mujer,Rural,Sierra,Primaria o menos,3,28.0,26.0,Trabajador independiente,Construccion,1 a 10 trabajadores,No,6,166.0
65,Mujer,Urbana,Lima Metropolitana,Posgrado,20,39.0,42.0,Empleado,Servicios,1 a 10 trabajadores,No,2,4836.0
52,Hombre,Rural,Selva,Secundaria,9,35.0,42.0,Trabajador independiente,Agropecuario,1 a 10 trabajadores,No,6,434.0
31,Hombre,Urbana,Lima Metropolitana,Superior universitaria,15,11.0,44.0,Trabajador independiente,Agropecuario,1 a 10 trabajadores,No,7,1947.0
29,Hombre,Rural,Costa,Secundaria,7,11.0,10.0,Obrero,Comercio,1 a 10 trabajadores,No,4,150.0
57,Hombre,Rural,Sierra,Primaria o menos,6,45.0,18.0,Trabajador independiente,Manufactura,1 a 10 trabajadores,No,4,342.0
40,Mujer,Urbana,Costa,Superior universitaria,16,20.0,61.0,Empleado,Comercio,Mas de 50 trabajadores,Si,5,3395.0
29,Hombre,Rural,Sierra,Primaria o menos,2,22.0,37.0,Obrero,Agropecuario,Mas de 50 trabajadores,No,2,296.0
30,Hombre,Urbana,Costa,Posgrado,18,6.0,26.0,Empleado,Comercio,11 a 50 trabajadores,Si,4,3310.0
26,Mujer,Urbana,Costa,Secundaria,8,11.0,54.0,Empleado,Manufactura,1 a 10 trabajadores,No,4,809.0
21,Hombre,Urbana,Sierra,Secundaria,9,11.0,53.0,Empleado,Comercio,11 a 50 trabajadores,Si,4,1007.0
51,Mujer,Urbana,Lima Metropolitana,Superior universitaria,14,32.0,57.0,Empleado,Servicios,1 a 10 trabajadores,Si,4,3292.0
42,Mujer,Urbana,Sierra,Secundaria,10,27.0,39.0,Empleado,Servicios,Mas de 50 trabajadores,No,5,1256.0
50,Hombre,Urbana,Sierra,Primaria o menos,3,41.0,46.0,Trabajador independiente,Servicios,1 a 10 trabajadores,No,4,578.0
39,Mujer,Urbana,Selva,Superior universitaria,17,17.0,37.0,Trabajador independiente,Construccion,1 a 10 trabajadores,Si,4,3058.0
49,Hombre,Urbana,Lima Metropolitana,Superior universitaria,14,29.0,45.0,Empleado,"Administracion publica, educacion y salud",11 a 50 trabajadores,Si,2,6285.0
25,Mujer,Rural,Sierra,Primaria o menos,4,13.0,52.0,Trabajador independiente,Agropecuario,1 a 10 trabajadores,No,7,225.0
44,Hombre,Urbana,Lima Metropolitana,Superior universitaria,16,20.0,49.0,Obrero,Comercio,1 a 10 trabajadores,Si,4,4533.0
37,Hombre,Urbana,Lima Metropolitana,Superior no universitaria,14,18.0,49.0,Trabajador independiente,Comercio,1 a 10 trabajadores,No,3,1793.0
24,Mujer,Urbana,Lima Metropolitana,Secundaria,8,11.0,,Empleado,Manufactura,1 a 10 trabajadores,No,3,851.0
35,Hombre,Urbana,Sierra,Superior universitaria,15,14.0,22.0,Empleador,Servicios,Mas de 50 trabajadores,Si,3,4985.0
37,Hombre,Urbana,Lima Metropolitana,Superior universitaria,17,13.0,60.0,Empleado,Servicios,11 a 50 trabajadores,Si,7,4090.0
18,Hombre,Urbana,Lima Metropolitana,Superior universitaria,17,0.0,26.0,Empleado,Servicios,11 a 50 trabajadores,Si,6,5015.0
57,Mujer,Urbana,Selva,Superior no universitaria,14,38.0,28.0,Trabajador independiente,Servicios,1 a 10 trabajadores,No,5,979.0
51,Hombre,Urbana,Lima Metropolitana,Posgrado,20,24.0,36.0,Trabajador independiente,Manufactura,1 a 10 trabajadores,No,5,7431.0
37,Mujer,Rural,Selva,Secundaria,7,27.0,14.0,Trabajador independiente,Manufactura,1 a 10 trabajadores,No,7,162.0
30,Hombre,Urbana,Costa,Secundaria,8,16.0,52.0,Empleador,"Administracion publica, educacion y salud",1 a 10 trabajadores,Si,6,1856.0
53,Hombre,Urbana,Lima Metropolitana,Superior no universitaria,14,33.0,42.0,Empleado,"Administracion publica, educacion y salud",Mas de 50 trabajadores,Si,4,6613.0
52,Hombre,Urbana,Costa,Superior universitaria,16,31.0,50.0,Trabajador independiente,Servicios,1 a 10 trabajadores,Si,4,2872.0
25,Mujer,Urbana,Sierra,Secundaria,10,8.0,50.0,Trabajador independiente,Servicios,1 a 10 trabajadores,No,6,673.0
22,Hombre,Urbana,Costa,Superior universitaria,15,0.0,49.0,Obrero,Servicios,1 a 10 trabajadores,Si,6,1543.0
55,Mujer,Rural,Selva,Superior universitaria,17,34.0,47.0,Obrero,Agropecuario,1 a 10 trabajadores,No,1,590.0
47,Hombre,Urbana,Sierra,Superior universitaria,17,27.0,47.0,Empleado,Servicios,1 a 10 trabajadores,No,3,3335.0
50,Mujer,Urbana,Lima Metropolitana,Primaria o menos,2,40.0,34.0,Trabajador independiente,Construccion,1 a 10 trabajadores,No,4,515.0
23,Hombre,Urbana,Sierra,Superior no universitaria,12,4.0,45.0,Empleado,"Administracion publica, educacion y salud",11 a 50 trabajadores,Si,3,3715.0
37,Hombre,Urbana,Costa,Superior no universitaria,12,17.0,46.0,Trabajador independiente,Manufactura,Mas de 50 trabajadores,Si,5,1567.0
59,Hombre,Rural,Sierra,Primaria o menos,2,45.0,32.0,Trabajador independiente,Agropecuario,1 a 10 trabajadores,No,1,214.0
43,Hombre,Urbana,Costa,Secundaria,10,26.0,18.0,Empleado,Servicios,Mas de 50 trabajadores,Si,4,1617.0
35,Hombre,Urbana,Lima Metropolitana,Superior no universitaria,15,15.0,56.0,Empleado,Servicios,11 a 50 trabajadores,Si,7,4181.0
43,Hombre,Urbana,Lima Metropolitana,Superior no universitaria,14,19.0,54.0,Obrero,"Administracion publica, educacion y salud",1 a 10 trabajadores,No,3,2520.0
37,Hombre,Rural,Selva,Secundaria,9,20.0,51.0,Obrero,Agropecuario,1 a 10 trabajadores,No,3,358.0
53,Hombre,Rural,Selva,Superior universitaria,16,29.0,43.0,Empleado,"Administracion publica, educacion y salud",11 a 50 trabajadores,No,3,2808.0
18,Hombre,Rural,Selva,Secundaria,9,1.0,,Trabajador independiente,Agropecuario,11 a 50 trabajadores,No,3,339.0
54,Mujer,Rural,Sierra,Secundaria,7,42.0,58.0,Trabajador independiente,Agropecuario,1 a 10 trabajadores,No,8,202.0
54,Mujer,Urbana,Costa,Primaria o menos,4,41.0,42.0,Empleado,"Administracion publica, educacion y salud",11 a 50 trabajadores,Si,2,1394.0
38,Hombre,Urbana,Costa,Secundaria,7,24.0,42.0,Trabajador independiente,Comercio,1 a 10 trabajadores,No,4,282.0
32,Hombre,Urbana,Costa,Secundaria,8,17.0,50.0,Trabajador independiente,Servicios,1 a 10 trabajadores,Si,3,610.0
56,Hombre,Urbana,Lima Metropolitana,Secundaria,8,41.0,54.0,Trabajador independiente,Manufactura,1 a 10 trabajadores,No,2,1934.0
42,Hombre,Urbana,Lima Metropolitana,Superior universitaria,15,17.0,50.0,Empleado,"Administracion publica, educacion y salud",Mas de 50 trabajadores,Si,3,5550.0
40,Hombre,Urbana,Lima Metropolitana,Superior no universitaria,14,19.0,48.0,Obrero,Servicios,1 a 10 trabajadores,No,6,2370.0
28,Hombre,Urbana,Lima Metropolitana,Superior universitaria,17,3.0,55.0,Empleado,Construccion,11 a 50 trabajadores,No,3,4304.0
18,Mujer,Rural,Sierra,Primaria o menos,2,9.0,49.0,Trabajador independiente,Agropecuario,1 a 10 trabajadores,No,2,150.0
21,Hombre,Urbana,Sierra,Superior universitaria,16,0.0,30.0,Empleado,Comercio,1 a 10 trabajadores,No,2,2433.0
22,Hombre,Urbana,Lima Metropolitana,Primaria o menos,3,10.0,44.0,Empleado,Construccion,1 a 10 trabajadores,No,4,829.0
35,Hombre,Urbana,Lima Metropolitana,Superior universitaria,17,12.0,36.0,Trabajador independiente,Servicios,1 a 10 trabajadores,No,3,2597.0
35,Mujer,Urbana,Costa,Superior universitaria,15,10.0,58.0,Empleado,Agropecuario,Mas de 50 trabajadores,No,7,6087.0
19,Hombre,Urbana,Sierra,Secundaria,7,4.0,52.0,Trabajador independiente,Comercio,11 a 50 trabajadores,No,3,536.0
34,Mujer,Urbana,Lima Metropolitana,Secundaria,7,25.0,41.0,Trabajador independiente,Servicios,1 a 10 trabajadores,No,8,777.0
46,Hombre,Rural,Sierra,Secundaria,9,35.0,40.0,Trabajador independiente,"Administracion publica, educacion y salud",1 a 10 trabajadores,No,4,647.0
33,Mujer,Rural,Sierra,Secundaria,9,19.0,40.0,Trabajador independiente,Manufactura,1 a 10 trabajadores,No,5,520.0
38,Mujer,Urbana,Sierra,Secundaria,9,25.0,65.0,Trabajador independiente,Servicios,1 a 10 trabajadores,No,1,963.0
47,Mujer,Rural,Costa,Superior universitaria,16,27.0,57.0,Empleado,Agropecuario,Mas de 50 trabajadores,Si,2,1761.0
46,Mujer,Urbana,Sierra,Superior universitaria,15,25.0,44.0,Empleado,"Administracion publica, educacion y salud",1 a 10 trabajadores,Si,4,2893.0
37,Mujer,Urbana,Costa,Primaria o menos,4,30.0,58.0,Trabajador independiente,Construccion,1 a 10 trabajadores,No,6,429.0
18,Mujer,Urbana,Costa,Superior no universitaria,12,3.0,52.0,Empleado,"Administracion publica, educacion y salud",Mas de 50 trabajadores,Si,5,5514.0
48,Hombre,Rural,Sierra,Secundaria,7,36.0,26.0,Trabajador independiente,Comercio,1 a 10 trabajadores,No,3,303.0
35,Hombre,Urbana,Selva,Superior universitaria,17,16.0,30.0,Empleador,Servicios,1 a 10 trabajadores,No,3,3130.0
26,Mujer,Urbana,Costa,Secundaria,7,13.0,46.0,Trabajador independiente,Comercio,1 a 10 trabajadores,No,2,611.0
34,Mujer,Urbana,Costa,Secundaria,10,19.0,41.0,Obrero,Agropecuario,11 a 50 trabajadores,No,2,846.0
39,Hombre,Urbana,Lima Metropolitana,Secundaria,9,26.0,47.0,Empleado,Comercio,11 a 50 trabajadores,No,4,1104.0
35,Hombre,Rural,Sierra,Secundaria,9,18.0,34.0,Trabajador independiente,Agropecuario,1 a 10 trabajadores,No,2,287.0
32,Hombre,Urbana,Costa,Secundaria,10,15.0,36.0,Trabajador independiente,Servicios,1 a 10 trabajadores,No,5,944.0
27,Hombre,Rural,Sierra,Primaria o menos,2,20.0,16.0,Trabajador independiente,Construccion,1 a 10 trabajadores,No,3,189.0
21,Mujer,Urbana,Sierra,Superior no universitaria,15,0.0,69.0,Trabajador independiente,"Administracion publica, educacion y salud",1 a 10 trabajadores,No,2,1333.0
51,Mujer,Urbana,Lima Metropolitana,Secundaria,7,37.0,48.0,Trabajador independiente,Comercio,1 a 10 trabajadores,No,4,942.0
48,Hombre,Urbana,Costa,Primaria o menos,5,37.0,46.0,Empleado,Comercio,11 a 50 trabajadores,No,5,835.0
43,Hombre,Urbana,Costa,Secundaria,8,27.0,45.0,Empleado,Comercio,1 a 10 trabajadores,Si,4,1001.0
41,Mujer,Urbana,Selva,Superior no universitaria,13,23.0,34.0,Trabajador independiente,Comercio,1 a 10 trabajadores,No,2,1208.0
35,Mujer,Urbana,Costa,Secundaria,10,21.0,32.0,Trabajador independiente,Comercio,11 a 50 trabajadores,No,5,1690.0
41,Mujer,Urbana,Lima Metropolitana,Superior universitaria,14,20.0,65.0,Empleado,Construccion,1 a 10 trabajadores,Si,7,4152.0
32,Mujer,Rural,Sierra,Secundaria,10,12.0,30.0,Trabajador independiente,Agropecuario,1 a 10 trabajadores,No,4,263.0
30,Mujer,Urbana,Lima Metropolitana,Superior universitaria,17,4.0,28.0,Trabajador independiente,Servicios,1 a 10 trabajadores,No,3,1465.0
34,Hombre,Rural,Sierra,Secundaria,11,15.0,23.0,Trabajador independiente,Agropecuario,1 a 10 trabajadores,No,6,303.0
56,Mujer,Urbana,Costa,Secundaria,9,43.0,39.0,Obrero,Construccion,11 a 50 trabajadores,No,7,1325.0
38,Mujer,Rural,Sierra,Secundaria,11,22.0,36.0,Trabajador independiente,Agropecuario,1 a 10 trabajadores,No,6,362.0
28,Mujer,Urbana,Sierra,Primaria o menos,2,17.0,53.0,Trabajador independiente,Agropecuario,1 a 10 trabajadores,No,6,208.0
42,Mujer,Urbana,Sierra,Secundaria,10,25.0,36.0,Trabajador independiente,Servicios,1 a 10 trabajadores,No,4,1363.0
18,Hombre,Urbana,Costa,Secundaria,11,1.0,,Trabajador independiente,Construccion,11 a 50 trabajadores,Si,3,1652.0
43,Hombre,Urbana,Sierra,Secundaria,8,28.0,34.0,Obrero,"Administracion publica, educacion y salud",11 a 50 trabajadores,No,7,1912.0
30,Mujer,Rural,Costa,Secundaria,9,14.0,37.0,Trabajador independiente,"Administracion publica, educacion y salud",1 a 10 trabajadores,No,3,783.0
33,Hombre,Urbana,Costa,Secundaria,9,19.0,39.0,Trabajador independiente,Manufactura,1 a 10 trabajadores,No,6,995.0
28,Hombre,Urbana,Lima Metropolitana,Superior universitaria,15,7.0,59.0,Empleado,Servicios,1 a 10 trabajadores,Si,6,6703.0
22,Mujer,Rural,Sierra,Primaria o menos,4,11.0,51.0,Obrero,"Administracion publica, educacion y salud",Mas de 50 trabajadores,Si,5,1270.0
46,Hombre,Urbana,Sierra,Superior no universitaria,12,28.0,37.0,Trabajador independiente,Servicios,1 a 10 trabajadores,Si,5,1444.0
36,Hombre,Urbana,Costa,Secundaria,9,20.0,69.0,Obrero,"Administracion publica, educacion y salud",1 a 10 trabajadores,No,2,944.0
55,Mujer,Urbana,Lima Metropolitana,Primaria o menos,4,45.0,52.0,Empleado,Servicios,1 a 10 trabajadores,No,5,767.0
23,Hombre,Rural,Costa,Secundaria,11,3.0,17.0,Empleador,Agropecuario,1 a 10 trabajadores,No,6,381.0
39,Hombre,Urbana,Lima Metropolitana,Superior no universitaria,14,19.0,48.0,Obrero,Servicios,11 a 50 trabajadores,No,4,2611.0
36,Mujer,Urbana,Costa,Secundaria,11,19.0,27.0,Empleado,Construccion,Mas de 50 trabajadores,Si,4,1745.0
42,Mujer,Rural,Selva,Secundaria,11,26.0,55.0,Trabajador independiente,Comercio,1 a 10 trabajadores,No,5,650.0
33,Mujer,Urbana,Sierra,Secundaria,10,17.0,55.0,Empleado,Servicios,1 a 10 trabajadores,No,5,946.0
53,Mujer,Urbana,Lima Metropolitana,Secundaria,9,36.0,31.0,Trabajador independiente,Servicios,1 a 10 trabajadores,No,5,542.0
30,Mujer,Rural,Selva,Primaria o menos,6,19.0,40.0,Obrero,"Administracion publica, educacion y salud",1 a 10 trabajadores,No,7,378.0
18,Mujer,Urbana,Selva,Superior no universitaria,13,2.0,36.0,Empleado,Manufactura,11 a 50 trabajadores,Si,4,642.0
50,Mujer,Rural,Sierra,Superior no universitaria,13,28.0,32.0,Trabajador independiente,Comercio,1 a 10 trabajadores,No,2,389.0
51,Hombre,Urbana,Costa,Superior no universitaria,14,30.0,68.0,Obrero,Agropecuario,11 a 50 trabajadores,Si,6,2243.0
40,Mujer,Rural,Sierra,Secundaria,7,28.0,32.0,Trabajador independiente,Agropecuario,1 a 10 trabajadores,No,4,211.0
21,Mujer,Rural,Selva,Primaria o menos,2,11.0,11.0,Trabajador independiente,Agropecuario,1 a 10 trabajadores,No,7,150.0
56,Hombre,Rural,Sierra,Secundaria,8,45.0,33.0,Obrero,Agropecuario,Mas de 50 trabajadores,No,4,317.0
21,Hombre,Rural,Sierra,Secundaria,10,4.0,44.0,Trabajador independiente,Agropecuario,1 a 10 trabajadores,No,2,302.0
41,Mujer,Rural,Costa,Superior no universitaria,15,20.0,44.0,Trabajador independiente,Construccion,1 a 10 trabajadores,No,5,574.0
46,Mujer,Urbana,Lima Metropolitana,Superior universitaria,17,24.0,50.0,Obrero,Servicios,1 a 10 trabajadores,Si,8,3750.0
42,Hombre,Rural,Selva,Secundaria,11,27.0,43.0,Trabajador independiente,Comercio,1 a 10 trabajadores,No,8,419.0
48,Hombre,Rural,Selva,Primaria o menos,3,42.0,38.0,Trabajador independiente,Agropecuario,1 a 10 trabajadores,No,3,228.0
40,Mujer,Urbana,Sierra,Superior universitaria,14,19.0,51.0,Empleado,Servicios,11 a 50 trabajadores,No,4,2846.0
47,Hombre,Urbana,Sierra,Primaria o menos,2,40.0,48.0,Trabajador independiente,Manufactura,11 a 50 trabajadores,Si,5,603.0
41,Hombre,Urbana,Sierra,Secundaria,8,25.0,44.0,Trabajador independiente,Servicios,1 a 10 trabajadores,No,2,1121.0
47,Mujer,Urbana,Sierra,Primaria o menos,2,40.0,48.0,Obrero,Servicios,Mas de 50 trabajadores,No,3,453.0
18,Mujer,Urbana,Lima Metropolitana,Superior universitaria,15,0.0,46.0,Empleado,Comercio,Mas de 50 trabajadores,Si,3,6997.0
26,Mujer,Rural,Sierra,Superior no universitaria,13,6.0,31.0,Trabajador independiente,Agropecuario,1 a 10 trabajadores,No,3,193.0
45,Hombre,Urbana,Sierra,Secundaria,8,32.0,49.0,Empleado,Construccion,11 a 50 trabajadores,No,2,1097.0
53,Mujer,Urbana,Sierra,Secundaria,7,40.0,46.0,Trabajador independiente,Servicios,1 a 10 trabajadores,No,4,588.0
41,Hombre,Urbana,Costa,Secundaria,10,22.0,42.0,Empleado,Comercio,Mas de 50 trabajadores,No,7,1917.0
49,Hombre,Urbana,Sierra,Secundaria,10,32.0,45.0,Empleado,Servicios,1 a 10 trabajadores,Si,6,1844.0
48,Mujer,Urbana,Lima Metropolitana,Superior no universitaria,13,30.0,26.0,Empleado,Comercio,Mas de 50 trabajadores,Si,6,3926.0
34,Mujer,Urbana,Costa,Superior no universitaria,13,17.0,32.0,Empleado,"Administracion publica, educacion y salud",1 a 10 trabajadores,No,3,2738.0
57,Hombre,Urbana,Selva,Superior universitaria,15,35.0,43.0,Empleado,Servicios,1 a 10 trabajadores,Si,1,3886.0
48,Mujer,Urbana,Costa,Secundaria,11,30.0,30.0,Trabajador independiente,Servicios,1 a 10 trabajadores,No,2,1417.0
32,Mujer,Urbana,Lima Metropolitana,Superior universitaria,17,12.0,61.0,Empleado,Servicios,11 a 50 trabajadores,Si,1,9247.0
31,Hombre,Urbana,Selva,Superior no universitaria,13,13.0,23.0,Trabajador independiente,"Administracion publica, educacion y salud",1 a 10 trabajadores,No,5,1519.0
25,Hombre,Rural,Sierra,Secundaria,8,13.0,33.0,Empleado,Agropecuario,1 a 10 trabajadores,Si,4,425.0
38,Hombre,Urbana,Costa,Superior no universitaria,12,22.0,43.0,Trabajador independiente,Manufactura,1 a 10 trabajadores,No,5,1315.0
35,Mujer,Urbana,Costa,Primaria o menos,2,26.0,59.0,Empleado,Construccion,1 a 10 trabajadores,No,5,1123.0
43,Hombre,Urbana,Sierra,Secundaria,8,31.0,30.0,Empleado,Servicios,1 a 10 trabajadores,No,7,802.0
61,Hombre,Urbana,Selva,Secundaria,7,45.0,38.0,Obrero,"Administracion publica, educacion y salud",1 a 10 trabajadores,No,3,704.0
19,Hombre,Urbana,Costa,Secundaria,9,0.0,44.0,Trabajador independiente,"Administracion publica, educacion y salud",1 a 10 trabajadores,No,2,1640.0
40,Hombre,Urbana,Sierra,Superior no universitaria,14,20.0,65.0,Obrero,Manufactura,Mas de 50 trabajadores,Si,3,3217.0
26,Mujer,Urbana,Sierra,Secundaria,9,10.0,54.0,Empleado,"Administracion publica, educacion y salud",Mas de 50 trabajadores,Si,8,1624.0
29,Mujer,Urbana,Selva,Superior universitaria,15,6.0,44.0,Empleado,Comercio,1 a 10 trabajadores,No,8,1643.0
39,Mujer,Urbana,Sierra,Secundaria,10,25.0,29.0,Trabajador independiente,Comercio,1 a 10 trabajadores,No,2,854.0
48,Mujer,Urbana,Costa,Superior no universitaria,12,30.0,55.0,Obrero,Manufactura,11 a 50 trabajadores,Si,4,1458.0
58,Mujer,Urbana,Sierra,Secundaria,11,40.0,36.0,Obrero,Manufactura,Mas de 50 trabajadores,No,1,1359.0
41,Hombre,Urbana,Lima Metropolitana,Superior no universitaria,13,23.0,35.0,Empleado,"Administracion publica, educacion y salud",Mas de 50 trabajadores,Si,3,4331.0
41,Hombre,Urbana,Costa,Superior no universitaria,14,21.0,41.0,Empleado,Servicios,11 a 50 trabajadores,Si,6,2781.0
44,Hombre,Urbana,Sierra,Superior no universitaria,14,26.0,40.0,Empleado,Servicios,1 a 10 trabajadores,No,4,1478.0
33,Mujer,Rural,Sierra,Primaria o menos,5,19.0,48.0,Empleador,Agropecuario,11 a 50 trabajadores,No,6,532.0
46,Mujer,Urbana,Lima Metropolitana,Secundaria,10,32.0,57.0,Obrero,Comercio,1 a 10 trabajadores,Si,7,1541.0
52,Hombre,Urbana,Lima Metropolitana,Secundaria,7,40.0,35.0,Empleado,Servicios,1 a 10 trabajadores,No,8,1014.0
42,Mujer,Urbana,Selva,Superior universitaria,17,20.0,34.0,Empleado,Manufactura,Mas de 50 trabajadores,Si,4,5843.0
37,Hombre,Urbana,Sierra,Secundaria,10,23.0,23.0,Trabajador independiente,Comercio,1 a 10 trabajadores,No,4,557.0
39,Mujer,Rural,Selva,Primaria o menos,2,32.0,46.0,Trabajador independiente,Agropecuario,Mas de 50 trabajadores,No,3,374.0
45,Mujer,Rural,Sierra,Secundaria,9,30.0,14.0,Trabajador independiente,Agropecuario,1 a 10 trabajadores,No,6,163.0
29,Hombre,Rural,Selva,Primaria o menos,4,18.0,40.0,Trabajador independiente,Agropecuario,Mas de 50 trabajadores,No,5,388.0
31,Hombre,Urbana,Lima Metropolitana,Secundaria,7,19.0,52.0,Empleado,Construccion,1 a 10 trabajadores,No,3,1142.0
32,Mujer,Rural,Sierra,Secundaria,7,16.0,50.0,Trabajador independiente,Agropecuario,1 a 10 trabajadores,No,4,257.0
32,Hombre,Urbana,Costa,Superior no universitaria,14,11.0,25.0,Obrero,Servicios,1 a 10 trabajadores,No,5,2015.0
41,Hombre,Urbana,Selva,Secundaria,9,26.0,39.0,Obrero,Comercio,1 a 10 trabajadores,No,4,1156.0
45,Hombre,Urbana,Sierra,Superior universitaria,17,23.0,42.0,Trabajador independiente,Comercio,1 a 10 trabajadores,No,4,2059.0
42,Hombre,Urbana,Costa,Superior no universitaria,14,20.0,35.0,Empleado,"Administracion publica, educacion y salud",Mas de 50 trabajadores,Si,5,4090.0
36,Mujer,Urbana,Costa,Secundaria,10,20.0,32.0,Trabajador independiente,Comercio,1 a 10 trabajadores,No,6,1025.0
36,Mujer,Urbana,Lima Metropolitana,Secundaria,8,23.0,26.0,Obrero,Comercio,11 a 50 trabajadores,No,3,691.0
30,Mujer,Rural,Sierra,Secundaria,8,13.0,59.0,Trabajador independiente,Agropecuario,1 a 10 trabajadores,No,3,200.0
54,Mujer,Urbana,Costa,Secundaria,10,36.0,40.0,Empleador,"Administracion publica, educacion y salud",1 a 10 trabajadores,No,2,2691.0
35,Mujer,Urbana,Costa,Superior universitaria,16,15.0,33.0,Empleado,Comercio,11 a 50 trabajadores,Si,5,2139.0
25,Mujer,Urbana,Selva,Secundaria,10,11.0,24.0,Obrero,Servicios,1 a 10 trabajadores,No,4,850.0
65,Mujer,Urbana,Sierra,Secundaria,8,45.0,61.0,Obrero,Manufactura,1 a 10 trabajadores,No,5,737.0
37,Mujer,Urbana,Sierra,Superior no universitaria,14,19.0,38.0,Empleado,Manufactura,1 a 10 trabajadores,Si,4,1930.0
47,Hombre,Rural,Sierra,Secundaria,7,32.0,31.0,Trabajador independiente,Servicios,1 a 10 trabajadores,No,3,383.0
35,Hombre,Urbana,Sierra,Secundaria,7,20.0,36.0,Empleado,Construccion,1 a 10 trabajadores,Si,7,902.0
48,Mujer,Urbana,Costa,Superior no universitaria,13,27.0,46.0,Trabajador independiente,"Administracion publica, educacion y salud",1 a 10 trabajadores,No,5,2396.0
47,Mujer,Rural,Selva,Primaria o menos,2,41.0,15.0,Empleado,Agropecuario,1 a 10 trabajadores,No,7,240.0
42,Hombre,Urbana,Lima Metropolitana,Secundaria,8,33.0,49.0,Empleado,Servicios,11 a 50 trabajadores,No,3,1595.0
24,Mujer,Urbana,Selva,Secundaria,8,9.0,61.0,Empleado,Servicios,1 a 10 trabajadores,No,7,904.0
42,Mujer,Rural,Sierra,Primaria o menos,4,34.0,45.0,Empleado,Agropecuario,11 a 50 trabajadores,No,5,362.0
44,Mujer,Urbana,Lima Metropolitana,Superior universitaria,15,24.0,20.0,Empleado,Servicios,11 a 50 trabajadores,Si,6,4247.0
45,Mujer,Urbana,Lima Metropolitana,Superior universitaria,17,24.0,43.0,Empleado,Servicios,Mas de 50 trabajadores,Si,3,6303.0
32,Hombre,Urbana,Costa,Superior universitaria,17,8.0,36.0,Empleado,Manufactura,1 a 10 trabajadores,No,4,2059.0
47,Mujer,Urbana,Costa,Superior universitaria,16,20.0,33.0,Empleado,"Administracion publica, educacion y salud",1 a 10 trabajadores,Si,3,4162.0
43,Hombre,Urbana,Lima Metropolitana,Superior universitaria,15,22.0,24.0,Empleado,"Administracion publica, educacion y salud",1 a 10 trabajadores,No,3,6864.0
36,Hombre,Urbana,Sierra,Superior no universitaria,12,20.0,48.0,Obrero,Manufactura,11 a 50 trabajadores,Si,2,1055.0
65,Hombre,Rural,Sierra,Primaria o menos,4,45.0,43.0,Empleado,Agropecuario,11 a 50 trabajadores,No,4,413.0
47,Mujer,Rural,Sierra,Primaria o menos,5,36.0,48.0,Obrero,Comercio,1 a 10 trabajadores,No,6,271.0
43,Hombre,Urbana,Lima Metropolitana,Secundaria,10,24.0,61.0,Obrero,Construccion,11 a 50 trabajadores,No,2,1522.0
25,Hombre,Urbana,Sierra,Secundaria,7,12.0,56.0,Trabajador independiente,Servicios,11 a 50 trabajadores,No,5,542.0
55,Hombre,Urbana,Selva,Secundaria,11,34.0,50.0,Empleado,Comercio,Mas de 50 trabajadores,Si,4,3936.0
38,Mujer,Urbana,Sierra,Superior universitaria,16,18.0,45.0,Empleado,Servicios,1 a 10 trabajadores,Si,6,2267.0
32,Mujer,Urbana,Lima Metropolitana,Superior universitaria,17,11.0,55.0,Trabajador independiente,Construccion,1 a 10 trabajadores,No,7,4330.0
48,Hombre,Rural,Sierra,Superior no universitaria,15,32.0,38.0,Trabajador independiente,Agropecuario,1 a 10 trabajadores,No,8,393.0
27,Mujer,Urbana,Sierra,Secundaria,10,11.0,32.0,Obrero,Manufactura,Mas de 50 trabajadores,Si,4,1414.0
29,Hombre,Rural,Sierra,Secundaria,10,13.0,43.0,Trabajador independiente,Agropecuario,1 a 10 trabajadores,No,4,392.0
35,Mujer,Urbana,Lima Metropolitana,Superior universitaria,15,14.0,34.0,Empleado,Comercio,1 a 10 trabajadores,,3,3076.0
53,Hombre,Urbana,Sierra,Primaria o menos,2,45.0,42.0,Empleado,Servicios,Mas de 50 trabajadores,Si,2,2131.0
33,Hombre,Rural,Sierra,Secundaria,9,13.0,34.0,Trabajador independiente,Comercio,1 a 10 trabajadores,No,4,265.0
46,Hombre,Urbana,Costa,Secundaria,8,27.0,40.0,Empleado,Comercio,11 a 50 trabajadores,No,7,939.0
50,Hombre,Urbana,Costa,Secundaria,7,40.0,35.0,Obrero,Comercio,11 a 50 trabajadores,No,5,528.0
18,Mujer,Urbana,Lima Metropolitana,Superior universitaria,16,0.0,34.0,Empleado,Comercio,1 a 10 trabajadores,Si,2,3279.0
31,Hombre,Rural,Sierra,Primaria o menos,4,19.0,32.0,Trabajador independiente,Agropecuario,1 a 10 trabajadores,Si,4,330.0
34,Hombre,Urbana,Selva,Superior universitaria,14,13.0,54.0,Obrero,Manufactura,11 a 50 trabajadores,No,6,4603.0
44,Hombre,Rural,Selva,Secundaria,8,28.0,22.0,Trabajador independiente,Comercio,1 a 10 trabajadores,No,1,287.0
31,Hombre,Urbana,Lima Metropolitana,Secundaria,8,14.0,31.0,Empleado,Servicios,11 a 50 trabajadores,Si,3,1163.0
42,Hombre,Rural,Selva,Secundaria,11,28.0,39.0,Trabajador independiente,Agropecuario,1 a 10 trabajadores,No,2,397.0
40,Mujer,Urbana,Lima Metropolitana,Superior universitaria,17,17.0,37.0,Empleador,Comercio,11 a 50 trabajadores,Si,8,4025.0
34,Hombre,Urbana,Sierra,Superior no universitaria,14,14.0,28.0,Empleado,Servicios,11 a 50 trabajadores,No,7,1733.0
42,Hombre,Rural,Sierra,Primaria o menos,2,36.0,34.0,Trabajador independiente,Agropecuario,1 a 10 trabajadores,No,4,170.0
39,Hombre,Rural,Sierra,Primaria o menos,3,30.0,60.0,Trabajador independiente,Agropecuario,1 a 10 trabajadores,No,4,165.0
39,Mujer,Urbana,Selva,Secundaria,7,26.0,8.0,Empleador,Comercio,1 a 10 trabajadores,No,3,693.0
63,Hombre,Urbana,Lima Metropolitana,Superior universitaria,15,44.0,58.0,Trabajador independiente,Comercio,1 a 10 trabajadores,No,5,1734.0
56,Hombre,Urbana,Selva,Superior universitaria,17,32.0,52.0,Empleador,Manufactura,1 a 10 trabajadores,Si,2,6648.0
28,Hombre,Urbana,Costa,Secundaria,11,12.0,52.0,Obrero,Comercio,1 a 10 trabajadores,No,5,1101.0
40,Hombre,Rural,Sierra,Primaria o menos,5,31.0,67.0,Trabajador independiente,Comercio,1 a 10 trabajadores,No,3,285.0
42,Hombre,Urbana,Costa,Superior no universitaria,12,25.0,55.0,Empleado,Manufactura,Mas de 50 trabajadores,Si,3,2077.0
36,Hombre,Urbana,Sierra,Superior no universitaria,12,15.0,57.0,Trabajador independiente,Manufactura,11 a 50 trabajadores,No,4,2015.0
28,Mujer,Urbana,Lima Metropolitana,Secundaria,8,12.0,47.0,Trabajador independiente,Manufactura,1 a 10 trabajadores,No,5,1184.0
18,Hombre,Rural,Sierra,Superior universitaria,15,0.0,40.0,Empleado,"Administracion publica, educacion y salud",11 a 50 trabajadores,No,6,1096.0
40,Hombre,Urbana,Costa,Primaria o menos,6,34.0,60.0,Empleado,Construccion,1 a 10 trabajadores,Si,7,843.0
33,Mujer,Urbana,Lima Metropolitana,Superior universitaria,14,13.0,50.0,Empleado,Comercio,1 a 10 trabajadores,Si,5,5189.0
37,Hombre,Urbana,Lima Metropolitana,Superior universitaria,17,12.0,44.0,Trabajador independiente,Servicios,1 a 10 trabajadores,No,3,5182.0
39,Hombre,Urbana,Costa,Superior universitaria,14,21.0,50.0,Obrero,Comercio,11 a 50 trabajadores,No,2,1907.0
37,Hombre,Rural,Sierra,Primaria o menos,4,27.0,54.0,Trabajador independiente,Comercio,1 a 10 trabajadores,No,3,332.0
38,Mujer,Urbana,Selva,Superior no universitaria,15,14.0,34.0,Trabajador independiente,"Administracion publica, educacion y salud",1 a 10 trabajadores,No,3,1849.0
33,Hombre,Rural,Selva,Primaria o menos,6,21.0,42.0,Trabajador independiente,Agropecuario,1 a 10 trabajadores,No,5,347.0
28,Hombre,Rural,Selva,Secundaria,10,13.0,52.0,Trabajador independiente,Construccion,1 a 10 trabajadores,No,9,401.0
48,Hombre,Urbana,Lima Metropolitana,Superior no universitaria,12,28.0,33.0,Empleado,Servicios,Mas de 50 trabajadores,Si,5,3392.0
53,Mujer,Rural,Sierra,Primaria o menos,6,40.0,46.0,Obrero,Agropecuario,11 a 50 trabajadores,No,5,352.0
40,Mujer,Urbana,Costa,Secundaria,10,21.0,34.0,Empleador,Manufactura,1 a 10 trabajadores,No,2,1197.0
32,Mujer,Urbana,Sierra,Superior no universitaria,14,10.0,46.0,Trabajador independiente,Servicios,1 a 10 trabajadores,No,2,1103.0
36,Mujer,Urbana,Lima Metropolitana,Secundaria,9,19.0,62.0,Empleado,Servicios,1 a 10 trabajadores,No,7,1586.0
35,Hombre,Urbana,Selva,Secundaria,11,16.0,47.0,Empleador,Comercio,1 a 10 trabajadores,No,4,1515.0
19,Hombre,Rural,Selva,Primaria o menos,5,9.0,,Obrero,Agropecuario,Mas de 50 trabajadores,No,4,234.0
40,Hombre,Urbana,Costa,Superior universitaria,15,19.0,47.0,Trabajador independiente,Construccion,1 a 10 trabajadores,No,8,4121.0
20,Hombre,Urbana,Lima Metropolitana,Secundaria,7,5.0,48.0,Empleado,Servicios,1 a 10 trabajadores,No,4,699.0
47,Hombre,Rural,Selva,Secundaria,10,30.0,38.0,Trabajador independiente,Agropecuario,1 a 10 trabajadores,No,5,339.0
45,Mujer,Rural,Selva,Secundaria,11,26.0,30.0,Obrero,Agropecuario,Mas de 50 trabajadores,Si,3,673.0
37,Hombre,Urbana,Lima Metropolitana,Secundaria,8,20.0,38.0,Trabajador independiente,Comercio,1 a 10 trabajadores,No,3,645.0
42,Hombre,Urbana,Sierra,Primaria o menos,2,35.0,28.0,Empleado,Comercio,Mas de 50 trabajadores,No,5,414.0
42,Hombre,Urbana,Lima Metropolitana,Superior no universitaria,13,28.0,52.0,Trabajador independiente,Servicios,1 a 10 trabajadores,No,5,2644.0
35,Hombre,Urbana,Lima Metropolitana,Secundaria,11,18.0,55.0,Empleado,"Administracion publica, educacion y salud",1 a 10 trabajadores,Si,2,1754.0
63,Mujer,Urbana,Costa,Secundaria,8,45.0,58.0,Empleador,Comercio,1 a 10 trabajadores,No,5,1520.0
26,Hombre,Rural,Selva,Secundaria,9,12.0,28.0,Obrero,Agropecuario,11 a 50 trabajadores,No,5,347.0
45,Hombre,Urbana,Lima Metropolitana,Secundaria,7,,41.0,Obrero,Comercio,1 a 10 trabajadores,No,7,777.0
60,Mujer,Urbana,Sierra,Superior universitaria,16,37.0,50.0,Empleado,Servicios,11 a 50 trabajadores,Si,4,2597.0
39,Hombre,Urbana,Sierra,Secundaria,7,25.0,25.0,Empleador,Construccion,1 a 10 trabajadores,No,2,944.0
58,Hombre,Urbana,Sierra,Superior no universitaria,15,40.0,55.0,Empleado,Agropecuario,11 a 50 trabajadores,No,2,1767.0
39,Mujer,Urbana,Sierra,Secundaria,7,28.0,55.0,Obrero,Manufactura,Mas de 50 trabajadores,Si,3,1197.0
36,Hombre,Urbana,Selva,Secundaria,8,21.0,31.0,Trabajador independiente,"Administracion publica, educacion y salud",1 a 10 trabajadores,No,3,707.0
45,Hombre,Urbana,Sierra,Primaria o menos,5,33.0,51.0,Empleado,Construccion,11 a 50 trabajadores,Si,3,714.0
41,Hombre,Rural,Selva,Secundaria,10,25.0,50.0,Empleador,Agropecuario,1 a 10 trabajadores,Si,4,908.0
43,Mujer,Urbana,Sierra,Superior no universitaria,13,27.0,63.0,Empleador,Servicios,1 a 10 trabajadores,No,6,2012.0
47,Hombre,Urbana,Lima Metropolitana,Superior no universitaria,15,30.0,50.0,Obrero,Servicios,Mas de 50 trabajadores,Si,4,6243.0
40,Hombre,Urbana,Sierra,Secundaria,7,28.0,57.0,Empleado,Servicios,Mas de 50 trabajadores,Si,2,1958.0
33,Hombre,Urbana,Lima Metropolitana,Superior universitaria,16,12.0,63.0,Empleado,Construccion,Mas de 50 trabajadores,Si,3,7347.0
39,Hombre,Urbana,Lima Metropolitana,Superior no universitaria,14,17.0,40.0,Obrero,Servicios,1 a 10 trabajadores,No,5,4198.0
45,Mujer,Urbana,Selva,Superior universitaria,14,24.0,18.0,Trabajador independiente,Manufactura,1 a 10 trabajadores,Si,4,1853.0
18,Mujer,Urbana,Selva,Superior no universitaria,13,0.0,41.0,Trabajador independiente,"Administracion publica, educacion y salud",1 a 10 trabajadores,No,5,1040.0
25,Mujer,Urbana,Costa,Superior universitaria,17,3.0,59.0,Empleado,"Administracion publica, educacion y salud",11 a 50 trabajadores,Si,2,4312.0
35,Hombre,Urbana,Lima Metropolitana,Superior universitaria,14,15.0,75.0,Trabajador independiente,Comercio,1 a 10 trabajadores,No,6,2790.0
42,Mujer,Urbana,Lima Metropolitana,Secundaria,8,27.0,,Obrero,Manufactura,Mas de 50 trabajadores,No,10,773.0
39,Hombre,Urbana,Lima Metropolitana,Superior universitaria,15,21.0,36.0,Empleado,Servicios,11 a 50 trabajadores,Si,2,3715.0
18,Mujer,Urbana,Costa,Superior no universitaria,12,0.0,48.0,Trabajador independiente,"Administracion publica, educacion y salud",1 a 10 trabajadores,No,5,1093.0
37,Mujer,Urbana,Lima Metropolitana,Superior no universitaria,13,18.0,24.0,Empleado,Servicios,Mas de 50 trabajadores,Si,5,2153.0
57,Mujer,Urbana,Sierra,Superior no universitaria,15,35.0,23.0,Empleado,"Administracion publica, educacion y salud",Mas de 50 trabajadores,Si,2,4225.0
56,Mujer,Rural,Costa,Secundaria,8,42.0,31.0,Trabajador independiente,Manufactura,1 a 10 trabajadores,No,6,243.0
38,Mujer,Urbana,Lima Metropolitana,Superior no universitaria,15,19.0,34.0,Empleado,"Administracion publica, educacion y salud",1 a 10 trabajadores,No,6,4778.0
39,Hombre,Urbana,Sierra,Superior universitaria,15,15.0,43.0,Empleado,Servicios,1 a 10 trabajadores,No,3,2140.0
30,Hombre,Urbana,Selva,Secundaria,9,17.0,58.0,Obrero,"Administracion publica, educacion y salud",Mas de 50 trabajadores,Si,4,2296.0
42,Hombre,Rural,Sierra,Primaria o menos,4,27.0,56.0,Trabajador independiente,Comercio,1 a 10 trabajadores,No,6,412.0
28,Hombre,Urbana,Lima Metropolitana,Superior no universitaria,15,4.0,46.0,Obrero,Comercio,Mas de 50 trabajadores,Si,3,3869.0
23,Hombre,Urbana,Lima Metropolitana,Superior universitaria,16,1.0,41.0,Empleado,"Administracion publica, educacion y salud",1 a 10 trabajadores,Si,4,4634.0
41,Hombre,Urbana,Sierra,Superior universitaria,16,17.0,58.0,Empleado,Servicios,Mas de 50 trabajadores,Si,5,7765.0
18,Mujer,Urbana,Lima Metropolitana,Secundaria,9,6.0,34.0,Obrero,"Administracion publica, educacion y salud",Mas de 50 trabajadores,Si,6,2133.0
25,Hombre,Rural,Sierra,Secundaria,8,9.0,39.0,Obrero,Agropecuario,Mas de 50 trabajadores,No,3,266.0
36,Hombre,Urbana,Sierra,Secundaria,10,21.0,33.0,Empleado,Agropecuario,1 a 10 trabajadores,No,6,351.0
53,Mujer,Rural,Sierra,Secundaria,8,43.0,59.0,Trabajador independiente,Agropecuario,1 a 10 trabajadores,No,4,305.0
51,Mujer,Urbana,Sierra,Superior no universitaria,12,30.0,46.0,Empleado,Servicios,1 a 10 trabajadores,No,5,1388.0
46,Mujer,Urbana,Sierra,Primaria o menos,3,37.0,41.0,Empleado,Servicios,1 a 10 trabajadores,No,4,306.0
54,Hombre,Rural,Sierra,Superior universitaria,16,33.0,69.0,Trabajador independiente,Agropecuario,1 a 10 trabajadores,No,4,396.0
23,Mujer,Rural,Selva,Secundaria,8,10.0,50.0,Trabajador independiente,Comercio,1 a 10 trabajadores,No,2,285.0
53,Hombre,Urbana,Costa,Superior no universitaria,12,33.0,44.0,Empleado,Agropecuario,Mas de 50 trabajadores,No,4,1361.0
23,Hombre,Urbana,Costa,Superior universitaria,15,4.0,71.0,Trabajador independiente,"Administracion publica, educacion y salud",1 a 10 trabajadores,No,7,2324.0
53,Hombre,Urbana,Costa,Superior universitaria,14,29.0,44.0,Empleado,Servicios,1 a 10 trabajadores,Si,3,2778.0
42,Hombre,Rural,Sierra,Primaria o menos,3,33.0,30.0,Trabajador independiente,Agropecuario,1 a 10 trabajadores,No,6,221.0
39,Mujer,Urbana,Lima Metropolitana,Superior universitaria,17,15.0,30.0,Empleado,Comercio,1 a 10 trabajadores,No,4,2284.0
36,Hombre,Rural,Selva,Primaria o menos,4,28.0,43.0,Trabajador independiente,Agropecuario,1 a 10 trabajadores,No,7,210.0
44,Hombre,Urbana,Costa,Secundaria,10,32.0,44.0,Empleado,Manufactura,Mas de 50 trabajadores,Si,5,2629.0
40,Mujer,Urbana,Lima Metropolitana,Primaria o menos,3,29.0,27.0,Trabajador independiente,Servicios,1 a 10 trabajadores,Si,2,407.0
45,Hombre,Urbana,Costa,Secundaria,11,24.0,57.0,Trabajador independiente,"Administracion publica, educacion y salud",11 a 50 trabajadores,Si,3,3660.0
41,Hombre,Urbana,Costa,Secundaria,7,26.0,44.0,Trabajador independiente,Servicios,1 a 10 trabajadores,No,3,704.0
39,Hombre,Rural,Sierra,Primaria o menos,4,31.0,34.0,Trabajador independiente,"Administracion publica, educacion y salud",1 a 10 trabajadores,No,4,436.0
51,Hombre,Urbana,Costa,Superior universitaria,16,28.0,32.0,Empleado,Agropecuario,1 a 10 trabajadores,No,2,2409.0
25,Mujer,Urbana,Sierra,Superior universitaria,17,2.0,35.0,Empleado,Comercio,Mas de 50 trabajadores,Si,6,3250.0
29,Mujer,Rural,Selva,Secundaria,10,18.0,37.0,Trabajador independiente,Servicios,1 a 10 trabajadores,No,4,597.0
37,Hombre,Urbana,Sierra,Secundaria,11,21.0,55.0,Empleado,Servicios,11 a 50 trabajadores,No,4,1803.0
54,Mujer,Urbana,Lima Metropolitana,Superior no universitaria,12,36.0,51.0,Trabajador independiente,"Administracion publica, educacion y salud",1 a 10 trabajadores,No,7,1372.0
28,Mujer,Rural,Sierra,Primaria o menos,4,18.0,29.0,Obrero,Servicios,1 a 10 trabajadores,No,3,378.0
42,Hombre,Urbana,Costa,Secundaria,8,29.0,47.0,Trabajador independiente,Comercio,1 a 10 trabajadores,No,3,1323.0
42,Mujer,Urbana,Selva,Superior universitaria,16,18.0,43.0,Trabajador independiente,"Administracion publica, educacion y salud",1 a 10 trabajadores,No,3,2751.0
37,Hombre,Urbana,Selva,Superior no universitaria,13,17.0,52.0,Obrero,Comercio,1 a 10 trabajadores,No,5,3793.0
23,Hombre,Rural,Sierra,Secundaria,7,13.0,35.0,Trabajador independiente,Agropecuario,1 a 10 trabajadores,No,4,207.0
32,Mujer,Urbana,Lima Metropolitana,Primaria o menos,2,24.0,40.0,Trabajador independiente,"Administracion publica, educacion y salud",1 a 10 trabajadores,No,7,536.0
24,Mujer,Urbana,Lima Metropolitana,Superior universitaria,16,3.0,54.0,Trabajador independiente,Servicios,1 a 10 trabajadores,No,6,1434.0
46,Mujer,Urbana,Lima Metropolitana,Secundaria,11,30.0,58.0,Trabajador independiente,Comercio,11 a 50 trabajadores,No,4,1830.0
54,Mujer,Urbana,Sierra,Superior universitaria,17,30.0,37.0,Empleado,Servicios,Mas de 50 trabajadores,Si,4,3341.0
35,Hombre,Urbana,Costa,Secundaria,9,20.0,52.0,Trabajador independiente,Servicios,1 a 10 trabajadores,No,2,822.0
38,Mujer,Urbana,Sierra,Secundaria,9,24.0,41.0,Trabajador independiente,Manufactura,11 a 50 trabajadores,No,2,654.0
34,Hombre,Rural,Sierra,Primaria o menos,3,26.0,49.0,Trabajador independiente,Agropecuario,1 a 10 trabajadores,No,4,213.0
30,Hombre,Urbana,Costa,Superior no universitaria,13,12.0,57.0,Trabajador independiente,Comercio,1 a 10 trabajadores,No,2,1223.0
51,Mujer,Urbana,Lima Metropolitana,Primaria o menos,2,42.0,46.0,Trabajador independiente,Construccion,1 a 10 trabajadores,No,3,450.0
51,Mujer,Urbana,Sierra,Superior universitaria,17,30.0,52.0,Trabajador independiente,Servicios,1 a 10 trabajadores,No,5,4207.0
38,Hombre,Urbana,Lima Metropolitana,Superior no universitaria,12,18.0,35.0,Empleado,Servicios,1 a 10 trabajadores,No,4,1760.0
34,Hombre,Rural,Sierra,Superior no universitaria,15,12.0,17.0,Trabajador independiente,Agropecuario,1 a 10 trabajadores,No,5,240.0
18,Hombre,Urbana,Sierra,Secundaria,9,0.0,33.0,Trabajador independiente,Construccion,1 a 10 trabajadores,No,1,568.0
43,Hombre,Urbana,Selva,Secundaria,10,28.0,48.0,Empleado,"Administracion publica, educacion y salud",11 a 50 trabajadores,No,5,1677.0
31,Hombre,Urbana,Costa,Secundaria,11,16.0,73.0,Empleado,Servicios,11 a 50 trabajadores,No,5,1381.0
63,Mujer,Urbana,Selva,Superior no universitaria,15,44.0,38.0,Empleado,Construccion,11 a 50 trabajadores,Si,2,2514.0
48,Hombre,Urbana,Costa,Superior no universitaria,12,30.0,48.0,Obrero,Comercio,1 a 10 trabajadores,No,4,1223.0
20,Hombre,Urbana,Lima Metropolitana,Secundaria,9,6.0,31.0,Empleado,Manufactura,11 a 50 trabajadores,No,6,1544.0
51,Mujer,Urbana,Selva,Secundaria,11,31.0,70.0,Empleador,Comercio,1 a 10 trabajadores,No,4,1533.0
25,Mujer,Urbana,Costa,Secundaria,7,12.0,38.0,Empleado,Construccion,Mas de 50 trabajadores,Si,5,1457.0
36,Mujer,Rural,Sierra,Superior no universitaria,14,17.0,27.0,Empleado,Agropecuario,11 a 50 trabajadores,No,3,654.0
20,Hombre,Urbana,Lima Metropolitana,Secundaria,9,6.0,62.0,Obrero,Construccion,11 a 50 trabajadores,No,5,1365.0
47,Mujer,Rural,Sierra,Primaria o menos,5,37.0,37.0,Empleado,"Administracion publica, educacion y salud",Mas de 50 trabajadores,Si,3,718.0
58,Hombre,Urbana,Sierra,Superior universitaria,14,39.0,35.0,Empleado,Manufactura,11 a 50 trabajadores,Si,3,3890.0
38,Mujer,Urbana,Costa,Secundaria,11,22.0,58.0,Empleado,"Administracion publica, educacion y salud",1 a 10 trabajadores,No,4,1119.0
62,Hombre,Urbana,Sierra,Secundaria,9,45.0,57.0,Trabajador independiente,Comercio,1 a 10 trabajadores,No,5,1297.0
31,Hombre,Urbana,Costa,Superior universitaria,15,14.0,64.0,Empleado,"Administracion publica, educacion y salud",11 a 50 trabajadores,Si,8,6419.0
38,Hombre,Urbana,Costa,Superior universitaria,17,14.0,30.0,Empleado,Construccion,1 a 10 trabajadores,Si,4,3813.0
24,Hombre,Urbana,Lima Metropolitana,Superior universitaria,15,4.0,50.0,Empleado,Comercio,1 a 10 trabajadores,No,6,7261.0
30,Hombre,Urbana,Lima Metropolitana,Superior universitaria,15,10.0,43.0,Empleado,Servicios,1 a 10 trabajadores,No,3,3963.0
49,Hombre,Urbana,Costa,Primaria o menos,4,40.0,52.0,Trabajador independiente,Construccion,1 a 10 trabajadores,No,3,618.0
54,Hombre,Rural,Sierra,Superior universitaria,16,31.0,35.0,Empleado,Agropecuario,11 a 50 trabajadores,Si,4,830.0
32,Hombre,Urbana,Sierra,Superior no universitaria,12,13.0,44.0,Empleado,Servicios,Mas de 50 trabajadores,No,5,1355.0
18,Hombre,Rural,Sierra,Primaria o menos,2,8.0,61.0,Trabajador independiente,Construccion,1 a 10 trabajadores,No,5,236.0
60,Mujer,Urbana,Lima Metropolitana,Superior no universitaria,15,38.0,59.0,Empleado,Construccion,11 a 50 trabajadores,No,4,2678.0
46,Mujer,Rural,Sierra,Secundaria,10,31.0,17.0,Trabajador independiente,Agropecuario,1 a 10 trabajadores,No,5,150.0
50,Hombre,Urbana,Costa,Secundaria,8,37.0,38.0,Empleado,Comercio,Mas de 50 trabajadores,Si,5,1049.0
40,Hombre,Rural,Selva,Superior no universitaria,13,24.0,56.0,Trabajador independiente,Agropecuario,1 a 10 trabajadores,No,5,440.0
48,Hombre,Rural,Sierra,Superior universitaria,16,24.0,25.0,Trabajador independiente,Comercio,1 a 10 trabajadores,No,7,1000.0
41,Hombre,Urbana,Lima Metropolitana,Secundaria,11,21.0,64.0,Empleado,Servicios,Mas de 50 trabajadores,Si,3,3850.0
44,Hombre,Urbana,Sierra,Secundaria,7,34.0,64.0,Empleado,Manufactura,1 a 10 trabajadores,Si,2,723.0
40,Hombre,Urbana,Lima Metropolitana,Secundaria,11,21.0,55.0,Obrero,Servicios,1 a 10 trabajadores,No,3,2420.0
37,Hombre,Urbana,Sierra,Secundaria,9,19.0,32.0,Empleado,"Administracion publica, educacion y salud",Mas de 50 trabajadores,Si,4,3381.0
34,Hombre,Urbana,Sierra,Secundaria,8,17.0,34.0,Empleado,Manufactura,Mas de 50 trabajadores,No,5,1339.0
54,Hombre,Urbana,Sierra,Superior no universitaria,13,36.0,48.0,Empleado,Comercio,1 a 10 trabajadores,No,4,2527.0
48,Hombre,Urbana,Lima Metropolitana,Superior universitaria,17,25.0,57.0,Empleado,Comercio,1 a 10 trabajadores,Si,4,8182.0
46,Hombre,Urbana,Costa,Superior no universitaria,14,25.0,55.0,Empleado,Manufactura,11 a 50 trabajadores,No,6,3092.0
27,Mujer,Urbana,Lima Metropolitana,Superior universitaria,16,5.0,36.0,Empleado,Comercio,11 a 50 trabajadores,No,2,2173.0
28,Hombre,Urbana,Lima Metropolitana,Superior no universitaria,12,11.0,39.0,Empleado,Servicios,11 a 50 trabajadores,Si,5,2538.0
45,Mujer,Rural,Sierra,Secundaria,8,32.0,29.0,Trabajador independiente,Comercio,1 a 10 trabajadores,No,4,374.0
30,Mujer,Rural,Sierra,Superior universitaria,17,8.0,44.0,Trabajador independiente,Agropecuario,1 a 10 trabajadores,No,5,404.0
31,Hombre,Urbana,Sierra,Secundaria,7,18.0,60.0,Trabajador independiente,Servicios,1 a 10 trabajadores,No,2,416.0
29,Hombre,Urbana,Lima Metropolitana,Superior no universitaria,15,8.0,57.0,Empleador,Comercio,1 a 10 trabajadores,No,3,3194.0
60,Hombre,Urbana,Sierra,Superior no universitaria,13,42.0,31.0,Empleado,Construccion,Mas de 50 trabajadores,Si,5,3604.0
35,Hombre,Urbana,Sierra,Secundaria,7,19.0,34.0,Trabajador independiente,Construccion,1 a 10 trabajadores,No,4,921.0
49,Hombre,Urbana,Costa,Primaria o menos,6,36.0,48.0,Trabajador independiente,"Administracion publica, educacion y salud",1 a 10 trabajadores,Si,3,832.0
28,Hombre,Urbana,Lima Metropolitana,Superior no universitaria,13,11.0,17.0,Empleado,Comercio,Mas de 50 trabajadores,No,7,1190.0
65,Hombre,Urbana,Lima Metropolitana,Secundaria,7,45.0,53.0,Empleado,Construccion,11 a 50 trabajadores,Si,6,1581.0
38,Mujer,Urbana,Costa,Superior universitaria,14,19.0,42.0,Trabajador independiente,Manufactura,1 a 10 trabajadores,No,5,1422.0
44,Mujer,Urbana,Sierra,Superior universitaria,16,22.0,23.0,Empleado,Servicios,11 a 50 trabajadores,Si,1,3050.0
47,Hombre,Urbana,Selva,Primaria o menos,2,38.0,35.0,Trabajador independiente,Servicios,1 a 10 trabajadores,Si,6,401.0
44,Hombre,Urbana,Lima Metropolitana,Superior no universitaria,12,27.0,45.0,Empleado,"Administracion publica, educacion y salud",Mas de 50 trabajadores,Si,4,4842.0
37,Hombre,Urbana,Lima Metropolitana,Superior universitaria,15,17.0,55.0,Empleado,Servicios,Mas de 50 trabajadores,Si,6,6619.0
29,Mujer,Urbana,Lima Metropolitana,Primaria o menos,3,17.0,42.0,Trabajador independiente,Construccion,1 a 10 trabajadores,No,3,500.0
37,Hombre,Urbana,Sierra,Superior no universitaria,14,16.0,62.0,Empleado,"Administracion publica, educacion y salud",Mas de 50 trabajadores,Si,5,4371.0
48,Mujer,Rural,Sierra,Secundaria,7,34.0,30.0,Empleado,Manufactura,1 a 10 trabajadores,No,4,651.0
46,Hombre,Urbana,Lima Metropolitana,Secundaria,7,30.0,39.0,Empleado,Comercio,1 a 10 trabajadores,No,5,1231.0
38,Hombre,Urbana,Selva,Superior no universitaria,15,15.0,36.0,Obrero,"Administracion publica, educacion y salud",Mas de 50 trabajadores,No,5,2706.0
41,Mujer,Urbana,Lima Metropolitana,Superior universitaria,14,23.0,30.0,Empleado,Construccion,Mas de 50 trabajadores,Si,5,4886.0
47,Hombre,Rural,Costa,Secundaria,8,35.0,43.0,Trabajador independiente,Agropecuario,1 a 10 trabajadores,No,6,162.0
38,Mujer,Rural,Sierra,Superior no universitaria,13,18.0,,Trabajador independiente,Agropecuario,1 a 10 trabajadores,No,9,423.0
27,Hombre,Urbana,Sierra,Superior universitaria,14,9.0,35.0,Obrero,Servicios,11 a 50 trabajadores,No,5,2644.0
50,Mujer,Rural,Costa,Secundaria,7,40.0,32.0,Trabajador independiente,Agropecuario,1 a 10 trabajadores,No,5,168.0
46,Hombre,Rural,Sierra,Primaria o menos,4,34.0,40.0,Trabajador independiente,Agropecuario,11 a 50 trabajadores,No,6,329.0
26,Hombre,Rural,Sierra,Secundaria,7,12.0,34.0,Empleado,"Administracion publica, educacion y salud",Mas de 50 trabajadores,Si,4,1023.0
38,Mujer,Urbana,Selva,Superior no universitaria,12,22.0,,Obrero,"Administracion publica, educacion y salud",11 a 50 trabajadores,Si,5,2316.0
29,Hombre,Urbana,Selva,Superior universitaria,17,7.0,32.0,Trabajador independiente,Comercio,1 a 10 trabajadores,No,6,680.0
22,Mujer,Urbana,Sierra,Secundaria,11,6.0,50.0,Empleado,Manufactura,Mas de 50 trabajadores,Si,3,1448.0
32,Hombre,Urbana,Lima Metropolitana,Superior no universitaria,14,13.0,48.0,Trabajador independiente,Comercio,1 a 10 trabajadores,No,5,1599.0
41,Hombre,Urbana,Lima Metropolitana,Primaria o menos,3,32.0,37.0,Obrero,"Administracion publica, educacion y salud",11 a 50 trabajadores,Si,2,831.0
39,Mujer,Urbana,Costa,Secundaria,8,23.0,33.0,Obrero,Comercio,Mas de 50 trabajadores,Si,4,1225.0
57,Hombre,Urbana,Lima Metropolitana,Superior universitaria,17,32.0,52.0,Empleado,Servicios,1 a 10 trabajadores,No,4,5443.0
39,Hombre,Urbana,Selva,Superior universitaria,15,17.0,55.0,Empleado,Construccion,Mas de 50 trabajadores,Si,7,3913.0
36,Hombre,Urbana,Sierra,Superior universitaria,14,13.0,52.0,Empleado,Comercio,11 a 50 trabajadores,Si,6,3373.0
39,Mujer,Urbana,Sierra,Secundaria,7,26.0,30.0,Empleado,"Administracion publica, educacion y salud",Mas de 50 trabajadores,No,7,1709.0
41,Hombre,Urbana,Lima Metropolitana,Superior universitaria,14,19.0,35.0,Empleado,Manufactura,Mas de 50 trabajadores,Si,6,4626.0
43,Hombre,Urbana,Costa,Superior universitaria,17,19.0,23.0,Trabajador independiente,Agropecuario,Mas de 50 trabajadores,No,4,2816.0
44,Hombre,Urbana,Lima Metropolitana,Primaria o menos,4,35.0,75.0,Trabajador independiente,Servicios,1 a 10 trabajadores,No,5,704.0
25,Hombre,Rural,Sierra,Secundaria,10,8.0,50.0,Empleado,Agropecuario,Mas de 50 trabajadores,Si,2,647.0
33,Hombre,Rural,Costa,Superior universitaria,17,7.0,41.0,Empleado,Comercio,1 a 10 trabajadores,No,3,1130.0
28,Mujer,Urbana,Lima Metropolitana,Secundaria,8,18.0,55.0,Trabajador independiente,Manufactura,1 a 10 trabajadores,No,4,1032.0
40,Mujer,Urbana,Lima Metropolitana,Superior universitaria,15,22.0,47.0,Empleado,Comercio,1 a 10 trabajadores,Si,3,2140.0
23,Hombre,Urbana,Lima Metropolitana,Superior no universitaria,13,4.0,57.0,Trabajador independiente,Construccion,1 a 10 trabajadores,No,2,1600.0
21,Mujer,Urbana,Sierra,Primaria o menos,4,11.0,47.0,Empleado,"Administracion publica, educacion y salud",Mas de 50 trabajadores,Si,4,1578.0
31,Hombre,Urbana,Lima Metropolitana,Secundaria,8,16.0,57.0,Obrero,Servicios,Mas de 50 trabajadores,No,4,1046.0
44,Hombre,Urbana,Lima Metropolitana,Secundaria,11,31.0,35.0,Empleado,Agropecuario,11 a 50 trabajadores,No,2,1595.0
38,Mujer,Urbana,Lima Metropolitana,Secundaria,9,27.0,49.0,Trabajador independiente,Comercio,1 a 10 trabajadores,No,3,1652.0
61,Hombre,Urbana,Sierra,Superior universitaria,14,40.0,35.0,Empleado,"Administracion publica, educacion y salud",1 a 10 trabajadores,Si,6,3172.0
62,Hombre,Urbana,Sierra,Superior no universitaria,14,45.0,38.0,Empleador,Comercio,1 a 10 trabajadores,Si,5,1600.0
48,Hombre,Urbana,Lima Metropolitana,Superior no universitaria,13,31.0,45.0,Empleado,"Administracion publica, educacion y salud",Mas de 50 trabajadores,Si,5,5456.0
42,Mujer,Urbana,Selva,Superior universitaria,14,24.0,32.0,Trabajador independiente,Manufactura,1 a 10 trabajadores,No,10,1388.0
31,Hombre,Urbana,Sierra,Primaria o menos,6,21.0,42.0,Empleado,"Administracion publica, educacion y salud",11 a 50 trabajadores,Si,4,2580.0
41,Hombre,Rural,Costa,Secundaria,10,24.0,36.0,Trabajador independiente,Agropecuario,1 a 10 trabajadores,No,5,463.0
42,Mujer,Urbana,Selva,Superior universitaria,16,16.0,59.0,Trabajador independiente,Servicios,1 a 10 trabajadores,Si,5,2053.0
18,Hombre,Urbana,Costa,Superior universitaria,14,2.0,37.0,Empleado,Comercio,Mas de 50 trabajadores,Si,6,5407.0
24,Hombre,Urbana,Lima Metropolitana,Secundaria,9,9.0,31.0,Empleado,"Administracion publica, educacion y salud",11 a 50 trabajadores,No,3,1609.0
18,Mujer,Urbana,Costa,Superior no universitaria,12,0.0,53.0,Empleado,Servicios,11 a 50 trabajadores,Si,6,3029.0
38,Mujer,Rural,Sierra,Superior universitaria,14,18.0,44.0,Obrero,Comercio,1 a 10 trabajadores,No,5,578.0
53,Mujer,Urbana,Selva,Superior universitaria,14,37.0,48.0,Trabajador independiente,Comercio,1 a 10 trabajadores,No,3,955.0
65,Mujer,Urbana,Costa,Secundaria,8,45.0,65.0,Empleado,Servicios,Mas de 50 trabajadores,No,4,987.0
18,Hombre,Urbana,Sierra,Secundaria,9,3.0,26.0,Trabajador independiente,Construccion,1 a 10 trabajadores,No,3,405.0
43,Mujer,Urbana,Selva,Primaria o menos,3,33.0,30.0,Trabajador independiente,Servicios,1 a 10 trabajadores,No,6,542.0
45,Mujer,Urbana,Costa,Secundaria,8,33.0,50.0,Empleado,Servicios,Mas de 50 trabajadores,No,3,1051.0
18,Hombre,Urbana,Selva,Superior universitaria,14,0.0,69.0,Obrero,"Administracion publica, educacion y salud",11 a 50 trabajadores,No,3,2677.0
26,Mujer,Rural,Selva,Secundaria,7,16.0,49.0,Trabajador independiente,Manufactura,1 a 10 trabajadores,No,8,310.0
18,Mujer,Urbana,Sierra,Secundaria,9,5.0,55.0,Trabajador independiente,"Administracion publica, educacion y salud",1 a 10 trabajadores,No,5,898.0
37,Mujer,Rural,Sierra,Secundaria,11,21.0,54.0,Empleado,Agropecuario,1 a 10 trabajadores,No,1,522.0
33,Hombre,Urbana,Selva,Superior universitaria,14,14.0,40.0,Empleado,Construccion,Mas de 50 trabajadores,Si,6,3337.0
43,Mujer,Urbana,Lima Metropolitana,Superior universitaria,14,20.0,47.0,Empleado,Servicios,Mas de 50 trabajadores,Si,5,5198.0
42,Hombre,Urbana,Selva,Posgrado,20,16.0,20.0,Trabajador independiente,"Administracion publica, educacion y salud",1 a 10 trabajadores,No,4,5463.0
39,Mujer,Rural,Sierra,Secundaria,7,26.0,48.0,Trabajador independiente,"Administracion publica, educacion y salud",1 a 10 trabajadores,No,5,572.0
28,Mujer,Urbana,Costa,Superior universitaria,14,2.0,53.0,Trabajador independiente,Construccion,1 a 10 trabajadores,No,6,1134.0
45,Hombre,Rural,Sierra,Secundaria,9,29.0,60.0,Trabajador independiente,Agropecuario,1 a 10 trabajadores,No,2,190.0
53,Hombre,Urbana,Costa,Secundaria,7,42.0,40.0,Trabajador independiente,Servicios,1 a 10 trabajadores,No,5,1346.0
59,Mujer,Urbana,Selva,Secundaria,10,43.0,30.0,Empleado,Comercio,1 a 10 trabajadores,No,4,732.0
33,Hombre,Urbana,Sierra,Superior universitaria,16,12.0,67.0,Empleado,Manufactura,1 a 10 trabajadores,No,8,3408.0
39,Hombre,Urbana,Sierra,Primaria o menos,5,28.0,50.0,Empleado,Manufactura,Mas de 50 trabajadores,Si,6,1117.0
40,Mujer,Urbana,Lima Metropolitana,Superior universitaria,16,18.0,37.0,Empleado,Servicios,Mas de 50 trabajadores,Si,2,7250.0
53,Hombre,Urbana,Selva,Superior universitaria,15,29.0,38.0,Trabajador independiente,Construccion,1 a 10 trabajadores,No,6,1290.0
43,Hombre,Urbana,Costa,Secundaria,7,26.0,54.0,Obrero,Manufactura,1 a 10 trabajadores,No,4,791.0
36,Hombre,Rural,Costa,Secundaria,10,17.0,8.0,Trabajador independiente,Manufactura,1 a 10 trabajadores,No,8,346.0
54,Mujer,Urbana,Costa,Superior universitaria,14,35.0,48.0,Empleado,Comercio,1 a 10 trabajadores,Si,2,1694.0
56,Mujer,Urbana,Lima Metropolitana,Secundaria,8,40.0,28.0,Obrero,"Administracion publica, educacion y salud",Mas de 50 trabajadores,No,3,1213.0
22,Mujer,Urbana,Costa,Superior universitaria,17,0.0,49.0,Empleado,Servicios,Mas de 50 trabajadores,Si,1,4874.0
49,Mujer,Urbana,Sierra,Secundaria,10,33.0,47.0,Trabajador independiente,Manufactura,1 a 10 trabajadores,No,4,860.0
31,Hombre,Urbana,Sierra,Superior universitaria,17,11.0,51.0,Trabajador independiente,Construccion,1 a 10 trabajadores,No,4,2524.0
37,Hombre,Urbana,Sierra,Secundaria,9,24.0,30.0,Trabajador independiente,Manufactura,1 a 10 trabajadores,No,3,1171.0
32,Hombre,Rural,Sierra,Primaria o menos,4,23.0,43.0,Trabajador independiente,Agropecuario,1 a 10 trabajadores,No,4,168.0
36,Hombre,Urbana,Costa,Secundaria,7,22.0,57.0,Trabajador independiente,Manufactura,1 a 10 trabajadores,No,7,594.0
47,Mujer,Rural,Sierra,Secundaria,7,35.0,44.0,Empleado,Agropecuario,Mas de 50 trabajadores,Si,6,982.0
28,Hombre,Urbana,Sierra,Primaria o menos,6,17.0,40.0,Empleado,Comercio,11 a 50 trabajadores,Si,3,1640.0
22,Mujer,Urbana,Costa,Superior no universitaria,14,2.0,31.0,Trabajador independiente,Manufactura,1 a 10 trabajadores,No,7,651.0
25,Mujer,Urbana,Lima Metropolitana,Secundaria,9,11.0,35.0,Obrero,Servicios,Mas de 50 trabajadores,Si,3,2028.0
41,Hombre,Urbana,Costa,Secundaria,7,29.0,51.0,Empleador,Manufactura,11 a 50 trabajadores,No,4,1402.0
42,Hombre,Rural,Sierra,Secundaria,7,29.0,43.0,Trabajador independiente,Construccion,1 a 10 trabajadores,No,1,451.0
26,Hombre,Urbana,Costa,Secundaria,9,11.0,37.0,Obrero,"Administracion publica, educacion y salud",11 a 50 trabajadores,Si,3,1317.0
41,Mujer,Rural,Sierra,Primaria o menos,2,33.0,52.0,Trabajador independiente,Agropecuario,1 a 10 trabajadores,No,2,150.0
21,Hombre,Urbana,Lima Metropolitana,Secundaria,7,10.0,59.0,Trabajador independiente,Manufactura,1 a 10 trabajadores,No,10,874.0
36,Mujer,Urbana,Sierra,Superior universitaria,14,13.0,42.0,Empleado,Servicios,1 a 10 trabajadores,Si,5,3749.0
22,Mujer,Urbana,Costa,Secundaria,8,8.0,56.0,Empleado,Comercio,Mas de 50 trabajadores,Si,5,1482.0
30,Mujer,Urbana,Sierra,Secundaria,10,11.0,29.0,Empleado,Comercio,1 a 10 trabajadores,No,3,794.0
48,Hombre,Urbana,Lima Metropolitana,Superior universitaria,14,28.0,51.0,Empleado,Comercio,Mas de 50 trabajadores,Si,4,5797.0
51,Mujer,Urbana,Selva,Superior no universitaria,12,32.0,60.0,Empleado,Manufactura,Mas de 50 trabajadores,Si,4,3027.0
37,Mujer,Urbana,Costa,Secundaria,11,22.0,39.0,Trabajador independiente,Comercio,1 a 10 trabajadores,No,3,699.0
29,Mujer,Urbana,Sierra,Superior no universitaria,12,12.0,59.0,Empleador,"Administracion publica, educacion y salud",11 a 50 trabajadores,Si,5,6053.0
54,Mujer,Urbana,Sierra,Superior no universitaria,15,35.0,74.0,Empleado,Servicios,11 a 50 trabajadores,No,4,3695.0
20,Mujer,Urbana,Selva,Superior no universitaria,14,3.0,35.0,Empleado,Comercio,1 a 10 trabajadores,No,4,1545.0
22,Mujer,Urbana,Costa,Secundaria,11,3.0,50.0,Trabajador independiente,"Administracion publica, educacion y salud",1 a 10 trabajadores,No,2,1442.0
25,Mujer,Rural,Sierra,Secundaria,10,10.0,19.0,Trabajador independiente,Agropecuario,1 a 10 trabajadores,No,3,160.0
53,Mujer,Urbana,Sierra,Superior universitaria,15,31.0,68.0,Empleado,Comercio,1 a 10 trabajadores,No,2,1108.0
36,Hombre,Urbana,Lima Metropolitana,Secundaria,8,23.0,34.0,Empleador,Servicios,1 a 10 trabajadores,No,3,1489.0
30,Hombre,Rural,Sierra,Primaria o menos,5,17.0,16.0,Trabajador independiente,Agropecuario,1 a 10 trabajadores,No,5,150.0
38,Mujer,Urbana,Costa,Superior universitaria,17,16.0,53.0,Trabajador independiente,Servicios,1 a 10 trabajadores,Si,4,2530.0
46,Mujer,Urbana,Costa,Superior universitaria,15,27.0,33.0,Empleado,"Administracion publica, educacion y salud",11 a 50 trabajadores,Si,6,4347.0
36,Mujer,Urbana,Lima Metropolitana,Primaria o menos,4,24.0,44.0,Empleado,Comercio,Mas de 50 trabajadores,Si,5,1401.0
49,Mujer,Urbana,Sierra,Secundaria,10,32.0,31.0,Obrero,"Administracion publica, educacion y salud",1 a 10 trabajadores,No,5,773.0
46,Mujer,Urbana,Lima Metropolitana,Superior universitaria,16,25.0,31.0,Trabajador independiente,Servicios,1 a 10 trabajadores,No,3,3498.0
30,Hombre,Urbana,Lima Metropolitana,Superior no universitaria,12,11.0,36.0,Empleador,"Administracion publica, educacion y salud",1 a 10 trabajadores,No,5,3384.0
35,Mujer,Urbana,Lima Metropolitana,Secundaria,7,21.0,56.0,Empleado,Servicios,Mas de 50 trabajadores,No,6,2415.0
43,Hombre,Urbana,Costa,Superior no universitaria,13,26.0,59.0,Empleado,Servicios,1 a 10 trabajadores,Si,7,1292.0
44,Mujer,Urbana,Lima Metropolitana,Secundaria,11,26.0,64.0,Trabajador independiente,Comercio,11 a 50 trabajadores,No,8,1045.0
18,Mujer,Urbana,Lima Metropolitana,Superior universitaria,14,0.0,53.0,Empleado,Manufactura,Mas de 50 trabajadores,Si,4,2568.0
21,Hombre,Urbana,Sierra,Superior universitaria,16,0.0,32.0,Empleado,Comercio,11 a 50 trabajadores,Si,4,2491.0
52,Hombre,Rural,Sierra,Secundaria,8,37.0,37.0,Trabajador independiente,Agropecuario,1 a 10 trabajadores,No,6,291.0
27,Hombre,Urbana,Selva,Superior no universitaria,13,6.0,29.0,Empleado,Manufactura,11 a 50 trabajadores,Si,2,2625.0
37,Hombre,Urbana,Lima Metropolitana,Superior no universitaria,13,15.0,53.0,Empleado,Servicios,Mas de 50 trabajadores,No,6,2555.0
60,Hombre,Urbana,Lima Metropolitana,Secundaria,8,45.0,36.0,Empleado,"Administracion publica, educacion y salud",1 a 10 trabajadores,No,4,1327.0
33,Mujer,Urbana,Selva,Secundaria,8,17.0,52.0,Empleado,Comercio,11 a 50 trabajadores,Si,6,855.0
46,Hombre,Urbana,Sierra,Superior universitaria,15,27.0,52.0,Trabajador independiente,Comercio,1 a 10 trabajadores,Si,6,2299.0
62,Hombre,Urbana,Lima Metropolitana,Superior universitaria,14,41.0,40.0,Empleado,Comercio,Mas de 50 trabajadores,Si,2,5415.0
48,Hombre,Urbana,Costa,Primaria o menos,5,40.0,32.0,Empleado,Comercio,Mas de 50 trabajadores,Si,2,1718.0
46,Mujer,Urbana,Lima Metropolitana,Primaria o menos,6,35.0,42.0,Empleado,Servicios,11 a 50 trabajadores,No,5,966.0
31,Hombre,Urbana,Costa,Secundaria,8,19.0,42.0,Empleado,"Administracion publica, educacion y salud",Mas de 50 trabajadores,Si,4,1646.0
61,Mujer,Urbana,Selva,Secundaria,7,45.0,43.0,Empleado,Manufactura,Mas de 50 trabajadores,No,3,1729.0
39,Hombre,Urbana,Lima Metropolitana,Superior no universitaria,12,23.0,,Empleado,Construccion,Mas de 50 trabajadores,Si,4,4144.0
39,Mujer,Urbana,Sierra,Secundaria,8,28.0,44.0,Trabajador independiente,Servicios,1 a 10 trabajadores,No,3,391.0
26,Mujer,Urbana,Selva,Secundaria,9,14.0,29.0,Trabajador independiente,Comercio,1 a 10 trabajadores,No,4,776.0
33,Mujer,Urbana,Costa,Secundaria,10,18.0,51.0,Empleado,"Administracion publica, educacion y salud",11 a 50 trabajadores,No,4,2493.0
37,Hombre,Rural,Sierra,Primaria o menos,6,22.0,51.0,Trabajador independiente,Comercio,1 a 10 trabajadores,No,5,218.0
46,Hombre,Rural,Sierra,Superior no universitaria,12,31.0,45.0,Trabajador independiente,Servicios,1 a 10 trabajadores,No,3,610.0
50,Hombre,Urbana,Sierra,Secundaria,11,28.0,42.0,Empleado,Comercio,11 a 50 trabajadores,Si,4,1254.0
50,Hombre,Urbana,Lima Metropolitana,Secundaria,8,39.0,53.0,Empleado,"Administracion publica, educacion y salud",Mas de 50 trabajadores,No,1,2044.0
26,Hombre,Urbana,Costa,Superior universitaria,16,5.0,38.0,Empleado,Manufactura,1 a 10 trabajadores,No,1,3162.0
37,Mujer,Urbana,Lima Metropolitana,Primaria o menos,3,30.0,49.0,Trabajador independiente,Comercio,11 a 50 trabajadores,No,5,267.0
33,Hombre,Urbana,Sierra,Superior no universitaria,15,14.0,56.0,Empleado,Servicios,1 a 10 trabajadores,No,3,1919.0
64,Hombre,Urbana,Lima Metropolitana,Superior no universitaria,13,45.0,28.0,Obrero,"Administracion publica, educacion y salud",1 a 10 trabajadores,No,7,2363.0
47,Mujer,Urbana,Sierra,Superior universitaria,14,28.0,52.0,Empleador,"Administracion publica, educacion y salud",1 a 10 trabajadores,Si,5,8596.0
34,Mujer,Urbana,Lima Metropolitana,Secundaria,9,17.0,57.0,Empleado,Construccion,Mas de 50 trabajadores,Si,6,1625.0
31,Hombre,Urbana,Costa,Superior no universitaria,12,12.0,38.0,Trabajador independiente,Comercio,1 a 10 trabajadores,No,2,800.0
26,Hombre,Urbana,Sierra,Superior no universitaria,14,7.0,58.0,Trabajador independiente,Construccion,1 a 10 trabajadores,No,3,1531.0
43,Hombre,Urbana,Sierra,Secundaria,8,31.0,44.0,Obrero,Servicios,Mas de 50 trabajadores,Si,4,1039.0
34,Hombre,Rural,Sierra,Primaria o menos,4,25.0,28.0,Trabajador independiente,Agropecuario,11 a 50 trabajadores,No,5,233.0
18,Mujer,Urbana,Sierra,Primaria o menos,4,7.0,59.0,Empleado,Servicios,1 a 10 trabajadores,No,6,937.0
34,Mujer,Urbana,Lima Metropolitana,Secundaria,11,17.0,59.0,Trabajador independiente,Comercio,1 a 10 trabajadores,No,3,1215.0
51,Hombre,Urbana,Lima Metropolitana,Superior universitaria,17,26.0,47.0,Empleado,Comercio,11 a 50 trabajadores,No,6,5491.0
36,Mujer,Urbana,Costa,Superior universitaria,17,13.0,40.0,Trabajador independiente,Servicios,1 a 10 trabajadores,No,4,2277.0
65,Mujer,Urbana,Sierra,Superior no universitaria,14,45.0,59.0,Empleado,Manufactura,1 a 10 trabajadores,No,3,2222.0
39,Hombre,Urbana,Sierra,Superior universitaria,14,21.0,30.0,Empleado,Comercio,1 a 10 trabajadores,Si,3,2300.0
50,Mujer,Urbana,Sierra,Secundaria,7,37.0,32.0,Empleado,Servicios,Mas de 50 trabajadores,Si,2,1691.0
46,Hombre,Urbana,Lima Metropolitana,Superior universitaria,17,23.0,49.0,Empleado,Servicios,1 a 10 trabajadores,Si,3,5945.0
41,Hombre,Urbana,Costa,Secundaria,10,26.0,48.0,Obrero,Manufactura,1 a 10 trabajadores,Si,3,1532.0
28,Hombre,Urbana,Lima Metropolitana,Posgrado,20,6.0,38.0,Empleado,Servicios,11 a 50 trabajadores,No,4,4786.0
36,Hombre,Urbana,Lima Metropolitana,Primaria o menos,4,21.0,53.0,Trabajador independiente,Servicios,1 a 10 trabajadores,No,3,572.0
43,Hombre,Rural,Sierra,Secundaria,10,25.0,44.0,Trabajador independiente,Agropecuario,1 a 10 trabajadores,No,4,377.0
43,Hombre,Urbana,Lima Metropolitana,Superior universitaria,14,24.0,42.0,Trabajador independiente,Comercio,1 a 10 trabajadores,No,6,1801.0
18,Hombre,Urbana,Costa,Secundaria,7,4.0,,Empleado,"Administracion publica, educacion y salud",11 a 50 trabajadores,Si,2,1026.0
44,Mujer,Urbana,Selva,Primaria o menos,6,32.0,41.0,Trabajador independiente,Servicios,1 a 10 trabajadores,No,3,797.0
45,Hombre,Urbana,Lima Metropolitana,Superior universitaria,17,22.0,61.0,Trabajador independiente,"Administracion publica, educacion y salud",1 a 10 trabajadores,Si,3,6992.0
28,Mujer,Urbana,Selva,Primaria o menos,2,18.0,28.0,Trabajador independiente,Comercio,11 a 50 trabajadores,No,4,310.0
38,Hombre,Urbana,Costa,Superior universitaria,17,13.0,70.0,Empleado,Comercio,Mas de 50 trabajadores,Si,5,5159.0
55,Hombre,Rural,Selva,Secundaria,9,38.0,43.0,Trabajador independiente,Agropecuario,Mas de 50 trabajadores,No,6,544.0
